RMSE,AUC,TjurR2
0.4589424948525859,0.6366988088485536,0.05953066434854459
0.4487355687398635,0.6420691711389386,0.05283538594910342
0.2988088633499438,0.8494839449541285,0.15582965143722657
0.11660613023892329,0.9289617486338798,0.35342125599133006
0.3045835674871313,0.7561132561132561,0.053482438550182684
