RMSE,AUC,TjurR2
0.45194933511788676,0.6643825523135868,0.07127422439970887
0.46003289267881864,0.689469320066335,0.09168518166019834
0.33775986811456,0.8284250960307299,0.20941650111647697
0.10512666316955387,0.9479768786127167,0.039013996823712184
0.30516237040948324,0.6602564102564102,0.029343943389619973
