RMSE,AUC,TjurR2
0.4440015484083194,0.6971454058876003,0.08521877510880382
0.4454935749506987,0.6988405797101449,0.10849995029400517
0.3331665203494016,0.6998666666666666,0.07600719457043234
0.06854784010217757,1,0.11193543241819721
0.2939755195034167,0.7572540693559802,0.05108607786001937
