RMSE,AUC,TjurR2
0.47008221214080054,0.5722605694564279,0.02401607119387883
0.4699313374030948,0.7019963225636984,0.09431853778267607
0.3396964362631284,0.8149807938540333,0.2066837624800871
0.10045616879597713,0.9682080924855491,0.08528850951513525
0.3050746847235711,0.6798245614035088,0.0299635735305787
