RMSE,AUC,TjurR2
0.46867201909424,0.6424103419516264,0.05537143614402318
0.47270210182170797,0.6517664509169364,0.06841104660397967
0.2982846921034602,0.7408064516129033,0.09433890498122152
0.18668736881002396,0.8341836734693877,0.09730832471156431
0.2900735112680032,0.7151898734177216,0.03774717125272803
