RMSE,AUC,TjurR2
0.4430789102378153,0.6882575757575757,0.08349741221462881
0.4633340595281113,0.6660332207207207,0.0670900745658447
0.3501130111708069,0.6774274274274275,0.05270433161797958
0.1691269096430503,0.9311224489795918,0.21516116110371117
0.257407350718269,0.8070097604259096,0.0891890049891647
