RMSE,AUC,TjurR2
0.32854300505922446,0.9855360181508792,0.34278810188336956
0.31903618157011226,0.9913536076326774,0.34241913817436787
0.29593237847428405,0.8652522935779817,0.16490420105058073
0.11544642367476313,0.9398907103825137,0.36020371308711024
0.2987195542267418,0.824967824967825,0.07361858268723524
