RMSE,AUC,TjurR2
0.4543373165362463,0.6853609433419614,0.07847539813003412
0.43415567436440133,0.7352809991079393,0.12343811241077873
0.31484844276773855,0.7214795008912656,0.08048063824205548
0.1058027697383724,0.9132947976878613,0.05191466647318148
0.25450507944376344,0.7723171889838557,0.04460436450190862
