RMSE,AUC,TjurR2
0.4607684432450534,0.6583333333333333,0.04724918514531595
0.47004384917047287,0.6461442786069652,0.05498442876120979
0.30898594411976005,0.7552566481137909,0.07666661870604256
0.11285463714036531,0.8430232558139534,0.1831670090775419
0.33438117961500413,0.6857064017660044,0.04677952237944369
