RMSE,AUC,TjurR2
0.44219080651333714,0.7027207850133809,0.09663784765980832
0.46378041969552225,0.6883589884551952,0.08272126707341898
0.35702232613132256,0.673712342079689,0.03831636765233562
0.16171978010842764,0.9336734693877551,0.28501505604190847
0.2507960765629028,0.8149955634427685,0.12336815667453631
