ℹ Specified output folder not found, creating it...
ℹ Creating base files...
ℹ Exploration of dataset.
`geom_smooth()` using formula = 'y ~ x'
`geom_smooth()` using formula = 'y ~ x'
`geom_smooth()` using formula = 'y ~ x'
`geom_smooth()` using formula = 'y ~ x'
`geom_smooth()` using formula = 'y ~ x'
`geom_smooth()` using formula = 'y ~ x'
`geom_smooth()` using formula = 'y ~ x'
`geom_smooth()` using formula = 'y ~ x'
`geom_smooth()` using formula = 'y ~ x'
`geom_smooth()` using formula = 'y ~ x'
✔ Saved Draftman's plot.
ℹ Top-5 MOST sighted species (from occurences):
              column  sum
1 Sylvia_atricapilla 4750
2  Fringilla_coelebs 4442
3      Turdus_merula 4375
4        Parus_major 3903
5   Columba_palumbus 3089
ℹ  
ℹ Top-5 LEAST sighted species (from occurences):
               column sum
1      Periparus_ater 159
2    Anthus_trivialis 381
3   Turdus_viscivorus 392
4     Serinus_serinus 503
5 Carduelis_cannabina 535
✔ Saved table of occurrences in dataset.

ℹ Splitting datasets...
✔ Point ID of splits are ready for each split!

ℹ ------------ Fitting models ------------

! ----- Running loop: 1/180 -----
ℹ - Random effect: none
ℹ - Strategy: none
ℹ - New samples: 0
ℹ - Train size: 15
ℹ - N variables: 6
ℹ - K-fold: 1

ℹ 0. Setting up path...

ℹ 1. Fitting model...
ℹ Preparing training set for HMSC...
ℹ Creation of Hmsc object without random effects...
✔ Created Hmsc object!

ℹ Started fitting at: 2026-08-05 10:35:41.808543
! Cannot display fitting progress when running chains in parallel.
! Set `allow_parallel` to `FALSE` to see progress.
ℹ Completed fitting at: 2026-08-05 10:35:57.465577
ℹ Time elapsed: 15.66
ℹ Saving model...
✔ Model saved!

ℹ 2. Convergence diagnostics...
ℹ *** [Parameter: Beta] ***
ℹ Computation of traceplots, can take some time...
ℹ Traceplots saved!
ℹ -> Effective size:
ℹ 55 (100%) are good, 0 (0%) are acceptable and 0 (0%) are bad.
ℹ -> Gelman-Rubin convergence diagnostic:
ℹ 51 (92.73%) are good, 4 (7.27%) are acceptable and 0 (0%) are bad.
ℹ -> Autocorrelation:
ℹ [Lag 20]:
ℹ 10 (18.18%) are good and 45 (81.82%) are bad.
ℹ [Lag 50]:
ℹ 18 (32.73%) are good and 37 (67.27%) are bad.

ℹ 3. Performance evaluation...
ℹ Computing training scores...
ℹ Computing testing scores...
ℹ Saving scores...
✔ Scores saved!

ℹ 4. Associations...
✔ Model ran without errors!

! ----- Running loop: 2/180 -----
ℹ - Random effect: none
ℹ - Strategy: none
ℹ - New samples: 0
ℹ - Train size: 25
ℹ - N variables: 6
ℹ - K-fold: 1

ℹ 0. Setting up path...

ℹ 1. Fitting model...
ℹ Preparing training set for HMSC...
ℹ Creation of Hmsc object without random effects...
✔ Created Hmsc object!

ℹ Started fitting at: 2026-08-05 10:36:44.366554
! Cannot display fitting progress when running chains in parallel.
! Set `allow_parallel` to `FALSE` to see progress.
ℹ Completed fitting at: 2026-08-05 10:37:00.492179
ℹ Time elapsed: 16.13
ℹ Saving model...
✔ Model saved!

ℹ 2. Convergence diagnostics...
ℹ *** [Parameter: Beta] ***
ℹ Computation of traceplots, can take some time...
ℹ Traceplots saved!
ℹ -> Effective size:
ℹ 55 (100%) are good, 0 (0%) are acceptable and 0 (0%) are bad.
ℹ -> Gelman-Rubin convergence diagnostic:
ℹ 55 (100%) are good, 0 (0%) are acceptable and 0 (0%) are bad.
ℹ -> Autocorrelation:
ℹ [Lag 20]:
ℹ 11 (20%) are good and 44 (80%) are bad.
ℹ [Lag 50]:
ℹ 31 (56.36%) are good and 24 (43.64%) are bad.

ℹ 3. Performance evaluation...
ℹ Computing training scores...
ℹ Computing testing scores...
ℹ Saving scores...
✔ Scores saved!

ℹ 4. Associations...
✔ Model ran without errors!

! ----- Running loop: 3/180 -----
ℹ - Random effect: none
ℹ - Strategy: none
ℹ - New samples: 0
ℹ - Train size: 50
ℹ - N variables: 6
ℹ - K-fold: 1

ℹ 0. Setting up path...

ℹ 1. Fitting model...
ℹ Preparing training set for HMSC...
ℹ Creation of Hmsc object without random effects...
✔ Created Hmsc object!

ℹ Started fitting at: 2026-08-05 10:37:39.119476
! Cannot display fitting progress when running chains in parallel.
! Set `allow_parallel` to `FALSE` to see progress.
ℹ Completed fitting at: 2026-08-05 10:37:55.833951
ℹ Time elapsed: 16.71
ℹ Saving model...
✔ Model saved!

ℹ 2. Convergence diagnostics...
ℹ *** [Parameter: Beta] ***
ℹ Computation of traceplots, can take some time...
ℹ Traceplots saved!
ℹ -> Effective size:
ℹ 55 (100%) are good, 0 (0%) are acceptable and 0 (0%) are bad.
ℹ -> Gelman-Rubin convergence diagnostic:
ℹ 55 (100%) are good, 0 (0%) are acceptable and 0 (0%) are bad.
ℹ -> Autocorrelation:
ℹ [Lag 20]:
ℹ 49 (89.09%) are good and 6 (10.91%) are bad.
ℹ [Lag 50]:
ℹ 55 (100%) are good and 0 (0%) are bad.

ℹ 3. Performance evaluation...
ℹ Computing training scores...
ℹ Computing testing scores...
ℹ Saving scores...
✔ Scores saved!

ℹ 4. Associations...
✔ Model ran without errors!

! ----- Running loop: 4/180 -----
ℹ - Random effect: none
ℹ - Strategy: none
ℹ - New samples: 0
ℹ - Train size: 75
ℹ - N variables: 6
ℹ - K-fold: 1

ℹ 0. Setting up path...

ℹ 1. Fitting model...
ℹ Preparing training set for HMSC...
ℹ Creation of Hmsc object without random effects...
✔ Created Hmsc object!

ℹ Started fitting at: 2026-08-05 10:38:34.08233
! Cannot display fitting progress when running chains in parallel.
! Set `allow_parallel` to `FALSE` to see progress.
ℹ Completed fitting at: 2026-08-05 10:38:52.340472
ℹ Time elapsed: 18.26
ℹ Saving model...
✔ Model saved!

ℹ 2. Convergence diagnostics...
ℹ *** [Parameter: Beta] ***
ℹ Computation of traceplots, can take some time...
ℹ Traceplots saved!
ℹ -> Effective size:
ℹ 55 (100%) are good, 0 (0%) are acceptable and 0 (0%) are bad.
ℹ -> Gelman-Rubin convergence diagnostic:
ℹ 55 (100%) are good, 0 (0%) are acceptable and 0 (0%) are bad.
ℹ -> Autocorrelation:
ℹ [Lag 20]:
ℹ 46 (83.64%) are good and 9 (16.36%) are bad.
ℹ [Lag 50]:
ℹ 53 (96.36%) are good and 2 (3.64%) are bad.

ℹ 3. Performance evaluation...
ℹ Computing training scores...
ℹ Computing testing scores...
ℹ Saving scores...
✔ Scores saved!

ℹ 4. Associations...
✔ Model ran without errors!

! ----- Running loop: 5/180 -----
ℹ - Random effect: none
ℹ - Strategy: none
ℹ - New samples: 0
ℹ - Train size: 100
ℹ - N variables: 6
ℹ - K-fold: 1

ℹ 0. Setting up path...

ℹ 1. Fitting model...
ℹ Preparing training set for HMSC...
ℹ Creation of Hmsc object without random effects...
✔ Created Hmsc object!

ℹ Started fitting at: 2026-08-05 10:39:30.3827
! Cannot display fitting progress when running chains in parallel.
! Set `allow_parallel` to `FALSE` to see progress.
ℹ Completed fitting at: 2026-08-05 10:39:49.198664
ℹ Time elapsed: 18.82
ℹ Saving model...
✔ Model saved!

ℹ 2. Convergence diagnostics...
ℹ *** [Parameter: Beta] ***
ℹ Computation of traceplots, can take some time...
ℹ Traceplots saved!
ℹ -> Effective size:
ℹ 55 (100%) are good, 0 (0%) are acceptable and 0 (0%) are bad.
ℹ -> Gelman-Rubin convergence diagnostic:
ℹ 55 (100%) are good, 0 (0%) are acceptable and 0 (0%) are bad.
ℹ -> Autocorrelation:
ℹ [Lag 20]:
ℹ 42 (76.36%) are good and 13 (23.64%) are bad.
ℹ [Lag 50]:
ℹ 53 (96.36%) are good and 2 (3.64%) are bad.

ℹ 3. Performance evaluation...
ℹ Computing training scores...
ℹ Computing testing scores...
ℹ Saving scores...
✔ Scores saved!

ℹ 4. Associations...
✔ Model ran without errors!

! ----- Running loop: 6/180 -----
ℹ - Random effect: none
ℹ - Strategy: none
ℹ - New samples: 0
ℹ - Train size: 125
ℹ - N variables: 6
ℹ - K-fold: 1

ℹ 0. Setting up path...

ℹ 1. Fitting model...
ℹ Preparing training set for HMSC...
ℹ Creation of Hmsc object without random effects...
✔ Created Hmsc object!

ℹ Started fitting at: 2026-08-05 10:40:28.160831
! Cannot display fitting progress when running chains in parallel.
! Set `allow_parallel` to `FALSE` to see progress.
ℹ Completed fitting at: 2026-08-05 10:40:47.526097
ℹ Time elapsed: 19.37
ℹ Saving model...
✔ Model saved!

ℹ 2. Convergence diagnostics...
ℹ *** [Parameter: Beta] ***
ℹ Computation of traceplots, can take some time...
ℹ Traceplots saved!
ℹ -> Effective size:
ℹ 55 (100%) are good, 0 (0%) are acceptable and 0 (0%) are bad.
ℹ -> Gelman-Rubin convergence diagnostic:
ℹ 55 (100%) are good, 0 (0%) are acceptable and 0 (0%) are bad.
ℹ -> Autocorrelation:
ℹ [Lag 20]:
ℹ 46 (83.64%) are good and 9 (16.36%) are bad.
ℹ [Lag 50]:
ℹ 52 (94.55%) are good and 3 (5.45%) are bad.

ℹ 3. Performance evaluation...
ℹ Computing training scores...
ℹ Computing testing scores...
ℹ Saving scores...
✔ Scores saved!

ℹ 4. Associations...
✔ Model ran without errors!

! ----- Running loop: 7/180 -----
ℹ - Random effect: none
ℹ - Strategy: none
ℹ - New samples: 0
ℹ - Train size: 125
ℹ - N variables: 3
ℹ - K-fold: 1

ℹ 0. Setting up path...

ℹ 1. Fitting model...
ℹ Preparing training set for HMSC...
ℹ Creation of Hmsc object without random effects...
✔ Created Hmsc object!

ℹ Started fitting at: 2026-08-05 10:41:26.593749
! Cannot display fitting progress when running chains in parallel.
! Set `allow_parallel` to `FALSE` to see progress.
ℹ Completed fitting at: 2026-08-05 10:41:44.897539
ℹ Time elapsed: 18.3
ℹ Saving model...
✔ Model saved!

ℹ 2. Convergence diagnostics...
ℹ *** [Parameter: Beta] ***
ℹ Computation of traceplots, can take some time...
ℹ Traceplots saved!
ℹ -> Effective size:
ℹ 40 (100%) are good, 0 (0%) are acceptable and 0 (0%) are bad.
ℹ -> Gelman-Rubin convergence diagnostic:
ℹ 40 (100%) are good, 0 (0%) are acceptable and 0 (0%) are bad.
ℹ -> Autocorrelation:
ℹ [Lag 20]:
ℹ 32 (80%) are good and 8 (20%) are bad.
ℹ [Lag 50]:
ℹ 36 (90%) are good and 4 (10%) are bad.

ℹ 3. Performance evaluation...
ℹ Computing training scores...
ℹ Computing testing scores...
ℹ Saving scores...
✔ Scores saved!

ℹ 4. Associations...
✔ Model ran without errors!

! ----- Running loop: 8/180 -----
ℹ - Random effect: none
ℹ - Strategy: none
ℹ - New samples: 0
ℹ - Train size: 125
ℹ - N variables: 2
ℹ - K-fold: 1

ℹ 0. Setting up path...

ℹ 1. Fitting model...
ℹ Preparing training set for HMSC...
ℹ Creation of Hmsc object without random effects...
✔ Created Hmsc object!

ℹ Started fitting at: 2026-08-05 10:42:19.53153
! Cannot display fitting progress when running chains in parallel.
! Set `allow_parallel` to `FALSE` to see progress.
ℹ Completed fitting at: 2026-08-05 10:42:36.534231
ℹ Time elapsed: 17
ℹ Saving model...
✔ Model saved!

ℹ 2. Convergence diagnostics...
ℹ *** [Parameter: Beta] ***
ℹ Computation of traceplots, can take some time...
ℹ Traceplots saved!
ℹ -> Effective size:
ℹ 35 (100%) are good, 0 (0%) are acceptable and 0 (0%) are bad.
ℹ -> Gelman-Rubin convergence diagnostic:
ℹ 35 (100%) are good, 0 (0%) are acceptable and 0 (0%) are bad.
ℹ -> Autocorrelation:
ℹ [Lag 20]:
ℹ 25 (71.43%) are good and 10 (28.57%) are bad.
ℹ [Lag 50]:
ℹ 33 (94.29%) are good and 2 (5.71%) are bad.

ℹ 3. Performance evaluation...
ℹ Computing training scores...
ℹ Computing testing scores...
ℹ Saving scores...
✔ Scores saved!

ℹ 4. Associations...
✔ Model ran without errors!

! ----- Running loop: 9/180 -----
ℹ - Random effect: units
ℹ - Strategy: none
ℹ - New samples: 0
ℹ - Train size: 125
ℹ - N variables: 6
ℹ - K-fold: 1

ℹ 0. Setting up path...

ℹ 1. Fitting model...
ℹ Preparing training set for HMSC...
ℹ Creation of Hmsc object with 'units' effect...
✔ Created Hmsc object!

ℹ Started fitting at: 2026-08-05 10:43:08.460479
! Cannot display fitting progress when running chains in parallel.
! Set `allow_parallel` to `FALSE` to see progress.
ℹ Completed fitting at: 2026-08-05 10:43:43.629486
ℹ Time elapsed: 35.17
ℹ Saving model...
✔ Model saved!

ℹ 2. Convergence diagnostics...
ℹ *** [Parameter: Beta] ***
ℹ Computation of traceplots, can take some time...
ℹ Traceplots saved!
ℹ -> Effective size:
ℹ 55 (100%) are good, 0 (0%) are acceptable and 0 (0%) are bad.
ℹ -> Gelman-Rubin convergence diagnostic:
ℹ 55 (100%) are good, 0 (0%) are acceptable and 0 (0%) are bad.
ℹ -> Autocorrelation:
ℹ [Lag 20]:
ℹ 41 (74.55%) are good and 14 (25.45%) are bad.
ℹ [Lag 50]:
ℹ 50 (90.91%) are good and 5 (9.09%) are bad.
ℹ *** [Parameter: Omega] ***
ℹ Computation of traceplots, can take some time...
ℹ Traceplots saved!
ℹ -> Effective size:
ℹ 21 (84%) are good, 3 (12%) are acceptable and 1 (4%) are bad.
ℹ -> Gelman-Rubin convergence diagnostic:
ℹ 21 (84%) are good, 3 (12%) are acceptable and 1 (4%) are bad.
ℹ -> Autocorrelation:
ℹ [Lag 20]:
ℹ 11 (44%) are good and 14 (56%) are bad.
ℹ [Lag 50]:
ℹ 17 (68%) are good and 8 (32%) are bad.

ℹ 3. Performance evaluation...
ℹ Computing training scores...
ℹ Computing testing scores...
ℹ Saving scores...
✔ Scores saved!

ℹ 4. Associations...
✔ Model ran without errors!

! ----- Running loop: 10/180 -----
ℹ - Random effect: none
ℹ - Strategy: none
ℹ - New samples: 50
ℹ - Train size: 125
ℹ - N variables: 6
ℹ - K-fold: 1

ℹ 0. Setting up path...

ℹ 1. Fitting model...
ℹ Preparing training set for HMSC...
ℹ Creation of Hmsc object without random effects...
✔ Created Hmsc object!

ℹ Started fitting at: 2026-08-05 10:44:35.534234
! Cannot display fitting progress when running chains in parallel.
! Set `allow_parallel` to `FALSE` to see progress.
ℹ Completed fitting at: 2026-08-05 10:44:56.138468
ℹ Time elapsed: 20.6
ℹ Saving model...
✔ Model saved!

ℹ 2. Convergence diagnostics...
ℹ *** [Parameter: Beta] ***
ℹ Computation of traceplots, can take some time...
ℹ Traceplots saved!
ℹ -> Effective size:
ℹ 55 (100%) are good, 0 (0%) are acceptable and 0 (0%) are bad.
ℹ -> Gelman-Rubin convergence diagnostic:
ℹ 55 (100%) are good, 0 (0%) are acceptable and 0 (0%) are bad.
ℹ -> Autocorrelation:
ℹ [Lag 20]:
ℹ 45 (81.82%) are good and 10 (18.18%) are bad.
ℹ [Lag 50]:
ℹ 52 (94.55%) are good and 3 (5.45%) are bad.

ℹ 3. Performance evaluation...
ℹ Computing training scores...
ℹ Computing testing scores...
ℹ Saving scores...
✔ Scores saved!

ℹ 4. Associations...
✔ Model ran without errors!

! ----- Running loop: 11/180 -----
ℹ - Random effect: none
ℹ - Strategy: business-as-usual
ℹ - New samples: 50
ℹ - Train size: 125
ℹ - N variables: 6
ℹ - K-fold: 1

ℹ 0. Setting up path...
ℹ Pulling 50 new random samples...

ℹ 1. Fitting model...
ℹ Preparing training set for HMSC...
ℹ Creation of Hmsc object without random effects...
✔ Created Hmsc object!

ℹ Started fitting at: 2026-08-05 10:45:36.262749
! Cannot display fitting progress when running chains in parallel.
! Set `allow_parallel` to `FALSE` to see progress.
ℹ Completed fitting at: 2026-08-05 10:45:56.19336
ℹ Time elapsed: 19.93
ℹ Saving model...
✔ Model saved!

ℹ 2. Convergence diagnostics...
ℹ *** [Parameter: Beta] ***
ℹ Computation of traceplots, can take some time...
ℹ Traceplots saved!
ℹ -> Effective size:
ℹ 55 (100%) are good, 0 (0%) are acceptable and 0 (0%) are bad.
ℹ -> Gelman-Rubin convergence diagnostic:
ℹ 55 (100%) are good, 0 (0%) are acceptable and 0 (0%) are bad.
ℹ -> Autocorrelation:
ℹ [Lag 20]:
ℹ 45 (81.82%) are good and 10 (18.18%) are bad.
ℹ [Lag 50]:
ℹ 52 (94.55%) are good and 3 (5.45%) are bad.

ℹ 3. Performance evaluation...
ℹ Computing training scores...
ℹ Computing testing scores...
ℹ Saving scores...
✔ Scores saved!

ℹ 4. Associations...
✔ Model ran without errors!

! ----- Running loop: 12/180 -----
ℹ - Random effect: none
ℹ - Strategy: gap-filling
ℹ - New samples: 50
ℹ - Train size: 125
ℹ - N variables: 6
ℹ - K-fold: 1

ℹ 0. Setting up path...
ℹ Searching for the most distant points...

ℹ 1. Fitting model...
ℹ Preparing training set for HMSC...
ℹ Creation of Hmsc object without random effects...
✔ Created Hmsc object!

ℹ Started fitting at: 2026-08-05 10:47:16.5658
! Cannot display fitting progress when running chains in parallel.
! Set `allow_parallel` to `FALSE` to see progress.
ℹ Completed fitting at: 2026-08-05 10:47:36.692499
ℹ Time elapsed: 20.13
ℹ Saving model...
✔ Model saved!

ℹ 2. Convergence diagnostics...
ℹ *** [Parameter: Beta] ***
ℹ Computation of traceplots, can take some time...
ℹ Traceplots saved!
ℹ -> Effective size:
ℹ 55 (100%) are good, 0 (0%) are acceptable and 0 (0%) are bad.
ℹ -> Gelman-Rubin convergence diagnostic:
ℹ 55 (100%) are good, 0 (0%) are acceptable and 0 (0%) are bad.
ℹ -> Autocorrelation:
ℹ [Lag 20]:
ℹ 44 (80%) are good and 11 (20%) are bad.
ℹ [Lag 50]:
ℹ 53 (96.36%) are good and 2 (3.64%) are bad.

ℹ 3. Performance evaluation...
ℹ Computing training scores...
ℹ Computing testing scores...
ℹ Saving scores...
✔ Scores saved!

ℹ 4. Associations...
✔ Model ran without errors!

! ----- Running loop: 13/180 -----
ℹ - Random effect: none
ℹ - Strategy: simplified-uncertainty
ℹ - New samples: 50
ℹ - Train size: 125
ℹ - N variables: 6
ℹ - K-fold: 1

ℹ 0. Setting up path...
! Running simplified-uncertainty...

ℹ 1. Fitting model...
ℹ Preparing training set for HMSC...
ℹ Creation of Hmsc object without random effects...
✔ Created Hmsc object!

ℹ Started fitting at: 2026-08-05 10:48:57.332579
! Cannot display fitting progress when running chains in parallel.
! Set `allow_parallel` to `FALSE` to see progress.
ℹ Completed fitting at: 2026-08-05 10:49:18.531301
ℹ Time elapsed: 21.2
ℹ Saving model...
✔ Model saved!

ℹ 2. Convergence diagnostics...
ℹ *** [Parameter: Beta] ***
ℹ Computation of traceplots, can take some time...
ℹ Traceplots saved!
ℹ -> Effective size:
ℹ 55 (100%) are good, 0 (0%) are acceptable and 0 (0%) are bad.
ℹ -> Gelman-Rubin convergence diagnostic:
ℹ 55 (100%) are good, 0 (0%) are acceptable and 0 (0%) are bad.
ℹ -> Autocorrelation:
ℹ [Lag 20]:
ℹ 44 (80%) are good and 11 (20%) are bad.
ℹ [Lag 50]:
ℹ 51 (92.73%) are good and 4 (7.27%) are bad.

ℹ 3. Performance evaluation...
ℹ Computing training scores...
ℹ Computing testing scores...
ℹ Saving scores...
✔ Scores saved!

ℹ 4. Associations...
✔ Model ran without errors!

! ----- Running loop: 14/180 -----
ℹ - Random effect: none
ℹ - Strategy: simplified-uncertainty
ℹ - New samples: 0
ℹ - Train size: 125
ℹ - N variables: 6
ℹ - K-fold: 1

ℹ 0. Setting up path...

ℹ 1. Fitting model...
ℹ Preparing training set for HMSC...
ℹ Creation of Hmsc object without random effects...
✔ Created Hmsc object!

ℹ Started fitting at: 2026-08-05 10:50:32.780255
! Cannot display fitting progress when running chains in parallel.
! Set `allow_parallel` to `FALSE` to see progress.
ℹ Completed fitting at: 2026-08-05 10:50:54.51898
ℹ Time elapsed: 21.74
ℹ Saving model...
✔ Model saved!

ℹ 2. Convergence diagnostics...
ℹ *** [Parameter: Beta] ***
ℹ Computation of traceplots, can take some time...
ℹ Traceplots saved!
ℹ -> Effective size:
ℹ 55 (100%) are good, 0 (0%) are acceptable and 0 (0%) are bad.
ℹ -> Gelman-Rubin convergence diagnostic:
ℹ 55 (100%) are good, 0 (0%) are acceptable and 0 (0%) are bad.
ℹ -> Autocorrelation:
ℹ [Lag 20]:
ℹ 45 (81.82%) are good and 10 (18.18%) are bad.
ℹ [Lag 50]:
ℹ 53 (96.36%) are good and 2 (3.64%) are bad.

ℹ 3. Performance evaluation...
ℹ Computing training scores...
ℹ Computing testing scores...
ℹ Saving scores...
✔ Scores saved!

ℹ 4. Associations...
✔ Model ran without errors!

! ----- Running loop: 15/180 -----
ℹ - Random effect: none
ℹ - Strategy: simplified-uncertainty
ℹ - New samples: 10
ℹ - Train size: 125
ℹ - N variables: 6
ℹ - K-fold: 1

ℹ 0. Setting up path...
! Running simplified-uncertainty...

ℹ 1. Fitting model...
ℹ Preparing training set for HMSC...
ℹ Creation of Hmsc object without random effects...
✔ Created Hmsc object!

ℹ Started fitting at: 2026-08-05 10:52:17.326732
! Cannot display fitting progress when running chains in parallel.
! Set `allow_parallel` to `FALSE` to see progress.
ℹ Completed fitting at: 2026-08-05 10:52:38.102323
ℹ Time elapsed: 20.78
ℹ Saving model...
✔ Model saved!

ℹ 2. Convergence diagnostics...
ℹ *** [Parameter: Beta] ***
ℹ Computation of traceplots, can take some time...
ℹ Traceplots saved!
ℹ -> Effective size:
ℹ 55 (100%) are good, 0 (0%) are acceptable and 0 (0%) are bad.
ℹ -> Gelman-Rubin convergence diagnostic:
ℹ 55 (100%) are good, 0 (0%) are acceptable and 0 (0%) are bad.
ℹ -> Autocorrelation:
ℹ [Lag 20]:
ℹ 44 (80%) are good and 11 (20%) are bad.
ℹ [Lag 50]:
ℹ 53 (96.36%) are good and 2 (3.64%) are bad.

ℹ 3. Performance evaluation...
ℹ Computing training scores...
ℹ Computing testing scores...
ℹ Saving scores...
✔ Scores saved!

ℹ 4. Associations...
✔ Model ran without errors!

! ----- Running loop: 16/180 -----
ℹ - Random effect: none
ℹ - Strategy: simplified-uncertainty
ℹ - New samples: 25
ℹ - Train size: 125
ℹ - N variables: 6
ℹ - K-fold: 1

ℹ 0. Setting up path...
! Running simplified-uncertainty...

ℹ 1. Fitting model...
ℹ Preparing training set for HMSC...
ℹ Creation of Hmsc object without random effects...
✔ Created Hmsc object!

ℹ Started fitting at: 2026-08-05 10:53:59.040822
! Cannot display fitting progress when running chains in parallel.
! Set `allow_parallel` to `FALSE` to see progress.
ℹ Completed fitting at: 2026-08-05 10:54:19.429067
ℹ Time elapsed: 20.39
ℹ Saving model...
✔ Model saved!

ℹ 2. Convergence diagnostics...
ℹ *** [Parameter: Beta] ***
ℹ Computation of traceplots, can take some time...
ℹ Traceplots saved!
ℹ -> Effective size:
ℹ 55 (100%) are good, 0 (0%) are acceptable and 0 (0%) are bad.
ℹ -> Gelman-Rubin convergence diagnostic:
ℹ 55 (100%) are good, 0 (0%) are acceptable and 0 (0%) are bad.
ℹ -> Autocorrelation:
ℹ [Lag 20]:
ℹ 44 (80%) are good and 11 (20%) are bad.
ℹ [Lag 50]:
ℹ 51 (92.73%) are good and 4 (7.27%) are bad.

ℹ 3. Performance evaluation...
ℹ Computing training scores...
ℹ Computing testing scores...
ℹ Saving scores...
✔ Scores saved!

ℹ 4. Associations...
✔ Model ran without errors!

! ----- Running loop: 17/180 -----
ℹ - Random effect: none
ℹ - Strategy: simplified-uncertainty
ℹ - New samples: 100
ℹ - Train size: 125
ℹ - N variables: 6
ℹ - K-fold: 1

ℹ 0. Setting up path...
! Running simplified-uncertainty...

ℹ 1. Fitting model...
ℹ Preparing training set for HMSC...
ℹ Creation of Hmsc object without random effects...
✔ Created Hmsc object!

ℹ Started fitting at: 2026-08-05 10:55:36.609375
! Cannot display fitting progress when running chains in parallel.
! Set `allow_parallel` to `FALSE` to see progress.
ℹ Completed fitting at: 2026-08-05 10:55:57.817826
ℹ Time elapsed: 21.21
ℹ Saving model...
✔ Model saved!

ℹ 2. Convergence diagnostics...
ℹ *** [Parameter: Beta] ***
ℹ Computation of traceplots, can take some time...
ℹ Traceplots saved!
ℹ -> Effective size:
ℹ 55 (100%) are good, 0 (0%) are acceptable and 0 (0%) are bad.
ℹ -> Gelman-Rubin convergence diagnostic:
ℹ 55 (100%) are good, 0 (0%) are acceptable and 0 (0%) are bad.
ℹ -> Autocorrelation:
ℹ [Lag 20]:
ℹ 44 (80%) are good and 11 (20%) are bad.
ℹ [Lag 50]:
ℹ 51 (92.73%) are good and 4 (7.27%) are bad.

ℹ 3. Performance evaluation...
ℹ Computing training scores...
ℹ Computing testing scores...
ℹ Saving scores...
✔ Scores saved!

ℹ 4. Associations...
✔ Model ran without errors!

! ----- Running loop: 18/180 -----
ℹ - Random effect: none
ℹ - Strategy: simplified-uncertainty
ℹ - New samples: 150
ℹ - Train size: 125
ℹ - N variables: 6
ℹ - K-fold: 1

ℹ 0. Setting up path...
! Running simplified-uncertainty...

ℹ 1. Fitting model...
ℹ Preparing training set for HMSC...
ℹ Creation of Hmsc object without random effects...
✔ Created Hmsc object!

ℹ Started fitting at: 2026-08-05 10:57:18.771856
! Cannot display fitting progress when running chains in parallel.
! Set `allow_parallel` to `FALSE` to see progress.
ℹ Completed fitting at: 2026-08-05 10:57:40.778568
ℹ Time elapsed: 22.01
ℹ Saving model...
✔ Model saved!

ℹ 2. Convergence diagnostics...
ℹ *** [Parameter: Beta] ***
ℹ Computation of traceplots, can take some time...
ℹ Traceplots saved!
ℹ -> Effective size:
ℹ 55 (100%) are good, 0 (0%) are acceptable and 0 (0%) are bad.
ℹ -> Gelman-Rubin convergence diagnostic:
ℹ 55 (100%) are good, 0 (0%) are acceptable and 0 (0%) are bad.
ℹ -> Autocorrelation:
ℹ [Lag 20]:
ℹ 44 (80%) are good and 11 (20%) are bad.
ℹ [Lag 50]:
ℹ 50 (90.91%) are good and 5 (9.09%) are bad.

ℹ 3. Performance evaluation...
ℹ Computing training scores...
ℹ Computing testing scores...
ℹ Saving scores...
✔ Scores saved!

ℹ 4. Associations...
✔ Model ran without errors!

! ----- Running loop: 19/180 -----
ℹ - Random effect: none
ℹ - Strategy: none
ℹ - New samples: 0
ℹ - Train size: 15
ℹ - N variables: 6
ℹ - K-fold: 2

ℹ 0. Setting up path...

ℹ 1. Fitting model...
ℹ Preparing training set for HMSC...
ℹ Creation of Hmsc object without random effects...
✔ Created Hmsc object!

ℹ Started fitting at: 2026-08-05 10:58:55.576968
! Cannot display fitting progress when running chains in parallel.
! Set `allow_parallel` to `FALSE` to see progress.
ℹ Completed fitting at: 2026-08-05 10:59:13.98074
ℹ Time elapsed: 18.4
ℹ Saving model...
✔ Model saved!

ℹ 2. Convergence diagnostics...
ℹ *** [Parameter: Beta] ***
ℹ Computation of traceplots, can take some time...
ℹ Traceplots saved!
ℹ -> Effective size:
ℹ 55 (100%) are good, 0 (0%) are acceptable and 0 (0%) are bad.
ℹ -> Gelman-Rubin convergence diagnostic:
ℹ 55 (100%) are good, 0 (0%) are acceptable and 0 (0%) are bad.
ℹ -> Autocorrelation:
ℹ [Lag 20]:
ℹ 34 (61.82%) are good and 21 (38.18%) are bad.
ℹ [Lag 50]:
ℹ 52 (94.55%) are good and 3 (5.45%) are bad.

ℹ 3. Performance evaluation...
ℹ Computing training scores...
ℹ Computing testing scores...
ℹ Saving scores...
✔ Scores saved!

ℹ 4. Associations...
✔ Model ran without errors!

! ----- Running loop: 20/180 -----
ℹ - Random effect: none
ℹ - Strategy: none
ℹ - New samples: 0
ℹ - Train size: 25
ℹ - N variables: 6
ℹ - K-fold: 2

ℹ 0. Setting up path...

ℹ 1. Fitting model...
ℹ Preparing training set for HMSC...
ℹ Creation of Hmsc object without random effects...
✔ Created Hmsc object!

ℹ Started fitting at: 2026-08-05 10:59:57.763631
! Cannot display fitting progress when running chains in parallel.
! Set `allow_parallel` to `FALSE` to see progress.
ℹ Completed fitting at: 2026-08-05 11:00:16.613596
ℹ Time elapsed: 18.85
ℹ Saving model...
✔ Model saved!

ℹ 2. Convergence diagnostics...
ℹ *** [Parameter: Beta] ***
ℹ Computation of traceplots, can take some time...
ℹ Traceplots saved!
ℹ -> Effective size:
ℹ 55 (100%) are good, 0 (0%) are acceptable and 0 (0%) are bad.
ℹ -> Gelman-Rubin convergence diagnostic:
ℹ 55 (100%) are good, 0 (0%) are acceptable and 0 (0%) are bad.
ℹ -> Autocorrelation:
ℹ [Lag 20]:
ℹ 49 (89.09%) are good and 6 (10.91%) are bad.
ℹ [Lag 50]:
ℹ 55 (100%) are good and 0 (0%) are bad.

ℹ 3. Performance evaluation...
ℹ Computing training scores...
ℹ Computing testing scores...
ℹ Saving scores...
✔ Scores saved!

ℹ 4. Associations...
✔ Model ran without errors!

! ----- Running loop: 21/180 -----
ℹ - Random effect: none
ℹ - Strategy: none
ℹ - New samples: 0
ℹ - Train size: 50
ℹ - N variables: 6
ℹ - K-fold: 2

ℹ 0. Setting up path...

ℹ 1. Fitting model...
ℹ Preparing training set for HMSC...
ℹ Creation of Hmsc object without random effects...
✔ Created Hmsc object!

ℹ Started fitting at: 2026-08-05 11:00:59.242863
! Cannot display fitting progress when running chains in parallel.
! Set `allow_parallel` to `FALSE` to see progress.
ℹ Completed fitting at: 2026-08-05 11:01:18.55661
ℹ Time elapsed: 19.31
ℹ Saving model...
✔ Model saved!

ℹ 2. Convergence diagnostics...
ℹ *** [Parameter: Beta] ***
ℹ Computation of traceplots, can take some time...
ℹ Traceplots saved!
ℹ -> Effective size:
ℹ 55 (100%) are good, 0 (0%) are acceptable and 0 (0%) are bad.
ℹ -> Gelman-Rubin convergence diagnostic:
ℹ 55 (100%) are good, 0 (0%) are acceptable and 0 (0%) are bad.
ℹ -> Autocorrelation:
ℹ [Lag 20]:
ℹ 46 (83.64%) are good and 9 (16.36%) are bad.
ℹ [Lag 50]:
ℹ 54 (98.18%) are good and 1 (1.82%) are bad.

ℹ 3. Performance evaluation...
ℹ Computing training scores...
ℹ Computing testing scores...
ℹ Saving scores...
✔ Scores saved!

ℹ 4. Associations...
✔ Model ran without errors!

! ----- Running loop: 22/180 -----
ℹ - Random effect: none
ℹ - Strategy: none
ℹ - New samples: 0
ℹ - Train size: 75
ℹ - N variables: 6
ℹ - K-fold: 2

ℹ 0. Setting up path...

ℹ 1. Fitting model...
ℹ Preparing training set for HMSC...
ℹ Creation of Hmsc object without random effects...
✔ Created Hmsc object!

ℹ Started fitting at: 2026-08-05 11:02:04.364465
! Cannot display fitting progress when running chains in parallel.
! Set `allow_parallel` to `FALSE` to see progress.
ℹ Completed fitting at: 2026-08-05 11:02:23.818799
ℹ Time elapsed: 19.45
ℹ Saving model...
✔ Model saved!

ℹ 2. Convergence diagnostics...
ℹ *** [Parameter: Beta] ***
ℹ Computation of traceplots, can take some time...
ℹ Traceplots saved!
ℹ -> Effective size:
ℹ 55 (100%) are good, 0 (0%) are acceptable and 0 (0%) are bad.
ℹ -> Gelman-Rubin convergence diagnostic:
ℹ 55 (100%) are good, 0 (0%) are acceptable and 0 (0%) are bad.
ℹ -> Autocorrelation:
ℹ [Lag 20]:
ℹ 46 (83.64%) are good and 9 (16.36%) are bad.
ℹ [Lag 50]:
ℹ 51 (92.73%) are good and 4 (7.27%) are bad.

ℹ 3. Performance evaluation...
ℹ Computing training scores...
ℹ Computing testing scores...
ℹ Saving scores...
✔ Scores saved!

ℹ 4. Associations...
✔ Model ran without errors!

! ----- Running loop: 23/180 -----
ℹ - Random effect: none
ℹ - Strategy: none
ℹ - New samples: 0
ℹ - Train size: 100
ℹ - N variables: 6
ℹ - K-fold: 2

ℹ 0. Setting up path...

ℹ 1. Fitting model...
ℹ Preparing training set for HMSC...
ℹ Creation of Hmsc object without random effects...
✔ Created Hmsc object!

ℹ Started fitting at: 2026-08-05 11:03:08.848552
! Cannot display fitting progress when running chains in parallel.
! Set `allow_parallel` to `FALSE` to see progress.
ℹ Completed fitting at: 2026-08-05 11:03:28.778076
ℹ Time elapsed: 19.93
ℹ Saving model...
✔ Model saved!

ℹ 2. Convergence diagnostics...
ℹ *** [Parameter: Beta] ***
ℹ Computation of traceplots, can take some time...
ℹ Traceplots saved!
ℹ -> Effective size:
ℹ 55 (100%) are good, 0 (0%) are acceptable and 0 (0%) are bad.
ℹ -> Gelman-Rubin convergence diagnostic:
ℹ 55 (100%) are good, 0 (0%) are acceptable and 0 (0%) are bad.
ℹ -> Autocorrelation:
ℹ [Lag 20]:
ℹ 41 (74.55%) are good and 14 (25.45%) are bad.
ℹ [Lag 50]:
ℹ 52 (94.55%) are good and 3 (5.45%) are bad.

ℹ 3. Performance evaluation...
ℹ Computing training scores...
ℹ Computing testing scores...
ℹ Saving scores...
✔ Scores saved!

ℹ 4. Associations...
✔ Model ran without errors!

! ----- Running loop: 24/180 -----
ℹ - Random effect: none
ℹ - Strategy: none
ℹ - New samples: 0
ℹ - Train size: 125
ℹ - N variables: 6
ℹ - K-fold: 2

ℹ 0. Setting up path...

ℹ 1. Fitting model...
ℹ Preparing training set for HMSC...
ℹ Creation of Hmsc object without random effects...
✔ Created Hmsc object!

ℹ Started fitting at: 2026-08-05 11:04:12.842163
! Cannot display fitting progress when running chains in parallel.
! Set `allow_parallel` to `FALSE` to see progress.
ℹ Completed fitting at: 2026-08-05 11:04:33.539071
ℹ Time elapsed: 20.7
ℹ Saving model...
✔ Model saved!

ℹ 2. Convergence diagnostics...
ℹ *** [Parameter: Beta] ***
ℹ Computation of traceplots, can take some time...
ℹ Traceplots saved!
ℹ -> Effective size:
ℹ 54 (98.18%) are good, 1 (1.82%) are acceptable and 0 (0%) are bad.
ℹ -> Gelman-Rubin convergence diagnostic:
ℹ 52 (94.55%) are good, 2 (3.64%) are acceptable and 1 (1.82%) are bad.
ℹ -> Autocorrelation:
ℹ [Lag 20]:
ℹ 40 (72.73%) are good and 15 (27.27%) are bad.
ℹ [Lag 50]:
ℹ 50 (90.91%) are good and 5 (9.09%) are bad.

ℹ 3. Performance evaluation...
ℹ Computing training scores...
ℹ Computing testing scores...
ℹ Saving scores...
✔ Scores saved!

ℹ 4. Associations...
✔ Model ran without errors!

! ----- Running loop: 25/180 -----
ℹ - Random effect: none
ℹ - Strategy: none
ℹ - New samples: 0
ℹ - Train size: 125
ℹ - N variables: 3
ℹ - K-fold: 2

ℹ 0. Setting up path...

ℹ 1. Fitting model...
ℹ Preparing training set for HMSC...
ℹ Creation of Hmsc object without random effects...
✔ Created Hmsc object!

ℹ Started fitting at: 2026-08-05 11:05:20.947995
! Cannot display fitting progress when running chains in parallel.
! Set `allow_parallel` to `FALSE` to see progress.
ℹ Completed fitting at: 2026-08-05 11:05:39.929325
ℹ Time elapsed: 18.98
ℹ Saving model...
✔ Model saved!

ℹ 2. Convergence diagnostics...
ℹ *** [Parameter: Beta] ***
ℹ Computation of traceplots, can take some time...
ℹ Traceplots saved!
ℹ -> Effective size:
ℹ 40 (100%) are good, 0 (0%) are acceptable and 0 (0%) are bad.
ℹ -> Gelman-Rubin convergence diagnostic:
ℹ 36 (90%) are good, 3 (7.5%) are acceptable and 1 (2.5%) are bad.
ℹ -> Autocorrelation:
ℹ [Lag 20]:
ℹ 20 (50%) are good and 20 (50%) are bad.
ℹ [Lag 50]:
ℹ 26 (65%) are good and 14 (35%) are bad.

ℹ 3. Performance evaluation...
ℹ Computing training scores...
ℹ Computing testing scores...
ℹ Saving scores...
✔ Scores saved!

ℹ 4. Associations...
✔ Model ran without errors!

! ----- Running loop: 26/180 -----
ℹ - Random effect: none
ℹ - Strategy: none
ℹ - New samples: 0
ℹ - Train size: 125
ℹ - N variables: 2
ℹ - K-fold: 2

ℹ 0. Setting up path...

ℹ 1. Fitting model...
ℹ Preparing training set for HMSC...
ℹ Creation of Hmsc object without random effects...
✔ Created Hmsc object!

ℹ Started fitting at: 2026-08-05 11:06:19.175137
! Cannot display fitting progress when running chains in parallel.
! Set `allow_parallel` to `FALSE` to see progress.
ℹ Completed fitting at: 2026-08-05 11:06:37.591867
ℹ Time elapsed: 18.42
ℹ Saving model...
✔ Model saved!

ℹ 2. Convergence diagnostics...
ℹ *** [Parameter: Beta] ***
ℹ Computation of traceplots, can take some time...
ℹ Traceplots saved!
ℹ -> Effective size:
ℹ 35 (100%) are good, 0 (0%) are acceptable and 0 (0%) are bad.
ℹ -> Gelman-Rubin convergence diagnostic:
ℹ 35 (100%) are good, 0 (0%) are acceptable and 0 (0%) are bad.
ℹ -> Autocorrelation:
ℹ [Lag 20]:
ℹ 18 (51.43%) are good and 17 (48.57%) are bad.
ℹ [Lag 50]:
ℹ 29 (82.86%) are good and 6 (17.14%) are bad.

ℹ 3. Performance evaluation...
ℹ Computing training scores...
ℹ Computing testing scores...
ℹ Saving scores...
✔ Scores saved!

ℹ 4. Associations...
✔ Model ran without errors!

! ----- Running loop: 27/180 -----
ℹ - Random effect: units
ℹ - Strategy: none
ℹ - New samples: 0
ℹ - Train size: 125
ℹ - N variables: 6
ℹ - K-fold: 2

ℹ 0. Setting up path...

ℹ 1. Fitting model...
ℹ Preparing training set for HMSC...
ℹ Creation of Hmsc object with 'units' effect...
✔ Created Hmsc object!

ℹ Started fitting at: 2026-08-05 11:07:12.664821
! Cannot display fitting progress when running chains in parallel.
! Set `allow_parallel` to `FALSE` to see progress.
ℹ Completed fitting at: 2026-08-05 11:07:48.509625
ℹ Time elapsed: 35.84
ℹ Saving model...
✔ Model saved!

ℹ 2. Convergence diagnostics...
ℹ *** [Parameter: Beta] ***
ℹ Computation of traceplots, can take some time...
ℹ Traceplots saved!
ℹ -> Effective size:
ℹ 53 (96.36%) are good, 2 (3.64%) are acceptable and 0 (0%) are bad.
ℹ -> Gelman-Rubin convergence diagnostic:
ℹ 54 (98.18%) are good, 1 (1.82%) are acceptable and 0 (0%) are bad.
ℹ -> Autocorrelation:
ℹ [Lag 20]:
ℹ 41 (74.55%) are good and 14 (25.45%) are bad.
ℹ [Lag 50]:
ℹ 49 (89.09%) are good and 6 (10.91%) are bad.
ℹ *** [Parameter: Omega] ***
ℹ Computation of traceplots, can take some time...
ℹ Traceplots saved!
ℹ -> Effective size:
ℹ 23 (92%) are good, 2 (8%) are acceptable and 0 (0%) are bad.
ℹ -> Gelman-Rubin convergence diagnostic:
ℹ 15 (60%) are good, 8 (32%) are acceptable and 2 (8%) are bad.
ℹ -> Autocorrelation:
ℹ [Lag 20]:
ℹ 11 (44%) are good and 14 (56%) are bad.
ℹ [Lag 50]:
ℹ 17 (68%) are good and 8 (32%) are bad.

ℹ 3. Performance evaluation...
ℹ Computing training scores...
ℹ Computing testing scores...
ℹ Saving scores...
✔ Scores saved!

ℹ 4. Associations...
✔ Model ran without errors!

! ----- Running loop: 28/180 -----
ℹ - Random effect: none
ℹ - Strategy: none
ℹ - New samples: 50
ℹ - Train size: 125
ℹ - N variables: 6
ℹ - K-fold: 2

ℹ 0. Setting up path...

ℹ 1. Fitting model...
ℹ Preparing training set for HMSC...
ℹ Creation of Hmsc object without random effects...
✔ Created Hmsc object!

ℹ Started fitting at: 2026-08-05 11:08:54.666632
! Cannot display fitting progress when running chains in parallel.
! Set `allow_parallel` to `FALSE` to see progress.
ℹ Completed fitting at: 2026-08-05 11:09:15.327948
ℹ Time elapsed: 20.66
ℹ Saving model...
✔ Model saved!

ℹ 2. Convergence diagnostics...
ℹ *** [Parameter: Beta] ***
ℹ Computation of traceplots, can take some time...
ℹ Traceplots saved!
ℹ -> Effective size:
ℹ 54 (98.18%) are good, 1 (1.82%) are acceptable and 0 (0%) are bad.
ℹ -> Gelman-Rubin convergence diagnostic:
ℹ 55 (100%) are good, 0 (0%) are acceptable and 0 (0%) are bad.
ℹ -> Autocorrelation:
ℹ [Lag 20]:
ℹ 43 (78.18%) are good and 12 (21.82%) are bad.
ℹ [Lag 50]:
ℹ 49 (89.09%) are good and 6 (10.91%) are bad.

ℹ 3. Performance evaluation...
ℹ Computing training scores...
ℹ Computing testing scores...
ℹ Saving scores...
✔ Scores saved!

ℹ 4. Associations...
✔ Model ran without errors!

! ----- Running loop: 29/180 -----
ℹ - Random effect: none
ℹ - Strategy: business-as-usual
ℹ - New samples: 50
ℹ - Train size: 125
ℹ - N variables: 6
ℹ - K-fold: 2

ℹ 0. Setting up path...
ℹ Pulling 50 new random samples...

ℹ 1. Fitting model...
ℹ Preparing training set for HMSC...
ℹ Creation of Hmsc object without random effects...
✔ Created Hmsc object!

ℹ Started fitting at: 2026-08-05 11:10:01.449655
! Cannot display fitting progress when running chains in parallel.
! Set `allow_parallel` to `FALSE` to see progress.
ℹ Completed fitting at: 2026-08-05 11:10:21.774848
ℹ Time elapsed: 20.33
ℹ Saving model...
✔ Model saved!

ℹ 2. Convergence diagnostics...
ℹ *** [Parameter: Beta] ***
ℹ Computation of traceplots, can take some time...
ℹ Traceplots saved!
ℹ -> Effective size:
ℹ 52 (94.55%) are good, 3 (5.45%) are acceptable and 0 (0%) are bad.
ℹ -> Gelman-Rubin convergence diagnostic:
ℹ 54 (98.18%) are good, 1 (1.82%) are acceptable and 0 (0%) are bad.
ℹ -> Autocorrelation:
ℹ [Lag 20]:
ℹ 43 (78.18%) are good and 12 (21.82%) are bad.
ℹ [Lag 50]:
ℹ 48 (87.27%) are good and 7 (12.73%) are bad.

ℹ 3. Performance evaluation...
ℹ Computing training scores...
ℹ Computing testing scores...
ℹ Saving scores...
✔ Scores saved!

ℹ 4. Associations...
✔ Model ran without errors!

! ----- Running loop: 30/180 -----
ℹ - Random effect: none
ℹ - Strategy: gap-filling
ℹ - New samples: 50
ℹ - Train size: 125
ℹ - N variables: 6
ℹ - K-fold: 2

ℹ 0. Setting up path...
ℹ Searching for the most distant points...

ℹ 1. Fitting model...
ℹ Preparing training set for HMSC...
ℹ Creation of Hmsc object without random effects...
✔ Created Hmsc object!

ℹ Started fitting at: 2026-08-05 11:11:42.900689
! Cannot display fitting progress when running chains in parallel.
! Set `allow_parallel` to `FALSE` to see progress.
ℹ Completed fitting at: 2026-08-05 11:12:02.973002
ℹ Time elapsed: 20.07
ℹ Saving model...
✔ Model saved!

ℹ 2. Convergence diagnostics...
ℹ *** [Parameter: Beta] ***
ℹ Computation of traceplots, can take some time...
ℹ Traceplots saved!
ℹ -> Effective size:
ℹ 55 (100%) are good, 0 (0%) are acceptable and 0 (0%) are bad.
ℹ -> Gelman-Rubin convergence diagnostic:
ℹ 54 (98.18%) are good, 1 (1.82%) are acceptable and 0 (0%) are bad.
ℹ -> Autocorrelation:
ℹ [Lag 20]:
ℹ 37 (67.27%) are good and 18 (32.73%) are bad.
ℹ [Lag 50]:
ℹ 49 (89.09%) are good and 6 (10.91%) are bad.

ℹ 3. Performance evaluation...
ℹ Computing training scores...
ℹ Computing testing scores...
ℹ Saving scores...
✔ Scores saved!

ℹ 4. Associations...
✔ Model ran without errors!

! ----- Running loop: 31/180 -----
ℹ - Random effect: none
ℹ - Strategy: simplified-uncertainty
ℹ - New samples: 50
ℹ - Train size: 125
ℹ - N variables: 6
ℹ - K-fold: 2

ℹ 0. Setting up path...
! Running simplified-uncertainty...

ℹ 1. Fitting model...
ℹ Preparing training set for HMSC...
ℹ Creation of Hmsc object without random effects...
✔ Created Hmsc object!

ℹ Started fitting at: 2026-08-05 11:13:26.107385
! Cannot display fitting progress when running chains in parallel.
! Set `allow_parallel` to `FALSE` to see progress.
ℹ Completed fitting at: 2026-08-05 11:13:45.486295
ℹ Time elapsed: 19.38
ℹ Saving model...
✔ Model saved!

ℹ 2. Convergence diagnostics...
ℹ *** [Parameter: Beta] ***
ℹ Computation of traceplots, can take some time...
ℹ Traceplots saved!
ℹ -> Effective size:
ℹ 51 (92.73%) are good, 3 (5.45%) are acceptable and 1 (1.82%) are bad.
ℹ -> Gelman-Rubin convergence diagnostic:
ℹ 55 (100%) are good, 0 (0%) are acceptable and 0 (0%) are bad.
ℹ -> Autocorrelation:
ℹ [Lag 20]:
ℹ 44 (80%) are good and 11 (20%) are bad.
ℹ [Lag 50]:
ℹ 48 (87.27%) are good and 7 (12.73%) are bad.

ℹ 3. Performance evaluation...
ℹ Computing training scores...
ℹ Computing testing scores...
ℹ Saving scores...
✔ Scores saved!

ℹ 4. Associations...
✔ Model ran without errors!

! ----- Running loop: 32/180 -----
ℹ - Random effect: none
ℹ - Strategy: simplified-uncertainty
ℹ - New samples: 0
ℹ - Train size: 125
ℹ - N variables: 6
ℹ - K-fold: 2

ℹ 0. Setting up path...

ℹ 1. Fitting model...
ℹ Preparing training set for HMSC...
ℹ Creation of Hmsc object without random effects...
✔ Created Hmsc object!

ℹ Started fitting at: 2026-08-05 11:15:03.606855
! Cannot display fitting progress when running chains in parallel.
! Set `allow_parallel` to `FALSE` to see progress.
ℹ Completed fitting at: 2026-08-05 11:15:24.067506
ℹ Time elapsed: 20.46
ℹ Saving model...
✔ Model saved!

ℹ 2. Convergence diagnostics...
ℹ *** [Parameter: Beta] ***
ℹ Computation of traceplots, can take some time...
ℹ Traceplots saved!
ℹ -> Effective size:
ℹ 55 (100%) are good, 0 (0%) are acceptable and 0 (0%) are bad.
ℹ -> Gelman-Rubin convergence diagnostic:
ℹ 55 (100%) are good, 0 (0%) are acceptable and 0 (0%) are bad.
ℹ -> Autocorrelation:
ℹ [Lag 20]:
ℹ 45 (81.82%) are good and 10 (18.18%) are bad.
ℹ [Lag 50]:
ℹ 51 (92.73%) are good and 4 (7.27%) are bad.

ℹ 3. Performance evaluation...
ℹ Computing training scores...
ℹ Computing testing scores...
ℹ Saving scores...
✔ Scores saved!

ℹ 4. Associations...
✔ Model ran without errors!

! ----- Running loop: 33/180 -----
ℹ - Random effect: none
ℹ - Strategy: simplified-uncertainty
ℹ - New samples: 10
ℹ - Train size: 125
ℹ - N variables: 6
ℹ - K-fold: 2

ℹ 0. Setting up path...
! Running simplified-uncertainty...

ℹ 1. Fitting model...
ℹ Preparing training set for HMSC...
ℹ Creation of Hmsc object without random effects...
✔ Created Hmsc object!

ℹ Started fitting at: 2026-08-05 11:16:43.723777
! Cannot display fitting progress when running chains in parallel.
! Set `allow_parallel` to `FALSE` to see progress.
ℹ Completed fitting at: 2026-08-05 11:17:04.822764
ℹ Time elapsed: 21.1
ℹ Saving model...
✔ Model saved!

ℹ 2. Convergence diagnostics...
ℹ *** [Parameter: Beta] ***
ℹ Computation of traceplots, can take some time...
ℹ Traceplots saved!
ℹ -> Effective size:
ℹ 54 (98.18%) are good, 1 (1.82%) are acceptable and 0 (0%) are bad.
ℹ -> Gelman-Rubin convergence diagnostic:
ℹ 54 (98.18%) are good, 1 (1.82%) are acceptable and 0 (0%) are bad.
ℹ -> Autocorrelation:
ℹ [Lag 20]:
ℹ 40 (72.73%) are good and 15 (27.27%) are bad.
ℹ [Lag 50]:
ℹ 50 (90.91%) are good and 5 (9.09%) are bad.

ℹ 3. Performance evaluation...
ℹ Computing training scores...
ℹ Computing testing scores...
ℹ Saving scores...
✔ Scores saved!

ℹ 4. Associations...
✔ Model ran without errors!

! ----- Running loop: 34/180 -----
ℹ - Random effect: none
ℹ - Strategy: simplified-uncertainty
ℹ - New samples: 25
ℹ - Train size: 125
ℹ - N variables: 6
ℹ - K-fold: 2

ℹ 0. Setting up path...
! Running simplified-uncertainty...

ℹ 1. Fitting model...
ℹ Preparing training set for HMSC...
ℹ Creation of Hmsc object without random effects...
✔ Created Hmsc object!

ℹ Started fitting at: 2026-08-05 11:18:27.457317
! Cannot display fitting progress when running chains in parallel.
! Set `allow_parallel` to `FALSE` to see progress.
ℹ Completed fitting at: 2026-08-05 11:18:48.521943
ℹ Time elapsed: 21.06
ℹ Saving model...
✔ Model saved!

ℹ 2. Convergence diagnostics...
ℹ *** [Parameter: Beta] ***
ℹ Computation of traceplots, can take some time...
ℹ Traceplots saved!
ℹ -> Effective size:
ℹ 54 (98.18%) are good, 1 (1.82%) are acceptable and 0 (0%) are bad.
ℹ -> Gelman-Rubin convergence diagnostic:
ℹ 55 (100%) are good, 0 (0%) are acceptable and 0 (0%) are bad.
ℹ -> Autocorrelation:
ℹ [Lag 20]:
ℹ 38 (69.09%) are good and 17 (30.91%) are bad.
ℹ [Lag 50]:
ℹ 50 (90.91%) are good and 5 (9.09%) are bad.

ℹ 3. Performance evaluation...
ℹ Computing training scores...
ℹ Computing testing scores...
ℹ Saving scores...
✔ Scores saved!

ℹ 4. Associations...
✔ Model ran without errors!

! ----- Running loop: 35/180 -----
ℹ - Random effect: none
ℹ - Strategy: simplified-uncertainty
ℹ - New samples: 100
ℹ - Train size: 125
ℹ - N variables: 6
ℹ - K-fold: 2

ℹ 0. Setting up path...
! Running simplified-uncertainty...

ℹ 1. Fitting model...
ℹ Preparing training set for HMSC...
ℹ Creation of Hmsc object without random effects...
✔ Created Hmsc object!

ℹ Started fitting at: 2026-08-05 11:20:08.991637
! Cannot display fitting progress when running chains in parallel.
! Set `allow_parallel` to `FALSE` to see progress.
ℹ Completed fitting at: 2026-08-05 11:20:30.500309
ℹ Time elapsed: 21.51
ℹ Saving model...
✔ Model saved!

ℹ 2. Convergence diagnostics...
ℹ *** [Parameter: Beta] ***
ℹ Computation of traceplots, can take some time...
ℹ Traceplots saved!
ℹ -> Effective size:
ℹ 50 (90.91%) are good, 5 (9.09%) are acceptable and 0 (0%) are bad.
ℹ -> Gelman-Rubin convergence diagnostic:
ℹ 54 (98.18%) are good, 1 (1.82%) are acceptable and 0 (0%) are bad.
ℹ -> Autocorrelation:
ℹ [Lag 20]:
ℹ 44 (80%) are good and 11 (20%) are bad.
ℹ [Lag 50]:
ℹ 48 (87.27%) are good and 7 (12.73%) are bad.

ℹ 3. Performance evaluation...
ℹ Computing training scores...
ℹ Computing testing scores...
ℹ Saving scores...
✔ Scores saved!

ℹ 4. Associations...
✔ Model ran without errors!

! ----- Running loop: 36/180 -----
ℹ - Random effect: none
ℹ - Strategy: simplified-uncertainty
ℹ - New samples: 150
ℹ - Train size: 125
ℹ - N variables: 6
ℹ - K-fold: 2

ℹ 0. Setting up path...
! Running simplified-uncertainty...

ℹ 1. Fitting model...
ℹ Preparing training set for HMSC...
ℹ Creation of Hmsc object without random effects...
✔ Created Hmsc object!

ℹ Started fitting at: 2026-08-05 11:21:53.702278
! Cannot display fitting progress when running chains in parallel.
! Set `allow_parallel` to `FALSE` to see progress.
ℹ Completed fitting at: 2026-08-05 11:22:16.124002
ℹ Time elapsed: 22.42
ℹ Saving model...
✔ Model saved!

ℹ 2. Convergence diagnostics...
ℹ *** [Parameter: Beta] ***
ℹ Computation of traceplots, can take some time...
ℹ Traceplots saved!
ℹ -> Effective size:
ℹ 53 (96.36%) are good, 2 (3.64%) are acceptable and 0 (0%) are bad.
ℹ -> Gelman-Rubin convergence diagnostic:
ℹ 49 (89.09%) are good, 4 (7.27%) are acceptable and 2 (3.64%) are bad.
ℹ -> Autocorrelation:
ℹ [Lag 20]:
ℹ 44 (80%) are good and 11 (20%) are bad.
ℹ [Lag 50]:
ℹ 47 (85.45%) are good and 8 (14.55%) are bad.

ℹ 3. Performance evaluation...
ℹ Computing training scores...
ℹ Computing testing scores...
ℹ Saving scores...
✔ Scores saved!

ℹ 4. Associations...
✔ Model ran without errors!

! ----- Running loop: 37/180 -----
ℹ - Random effect: none
ℹ - Strategy: none
ℹ - New samples: 0
ℹ - Train size: 15
ℹ - N variables: 6
ℹ - K-fold: 3

ℹ 0. Setting up path...

ℹ 1. Fitting model...
ℹ Preparing training set for HMSC...
ℹ Creation of Hmsc object without random effects...
✔ Created Hmsc object!

ℹ Started fitting at: 2026-08-05 11:23:33.484677
! Cannot display fitting progress when running chains in parallel.
! Set `allow_parallel` to `FALSE` to see progress.
ℹ Completed fitting at: 2026-08-05 11:23:51.876653
ℹ Time elapsed: 18.39
ℹ Saving model...
✔ Model saved!

ℹ 2. Convergence diagnostics...
ℹ *** [Parameter: Beta] ***
ℹ Computation of traceplots, can take some time...
ℹ Traceplots saved!
ℹ -> Effective size:
ℹ 11 (20%) are good, 44 (80%) are acceptable and 0 (0%) are bad.
ℹ -> Gelman-Rubin convergence diagnostic:
ℹ 44 (80%) are good, 5 (9.09%) are acceptable and 6 (10.91%) are bad.
ℹ -> Autocorrelation:
ℹ [Lag 20]:
ℹ 0 (0%) are good and 55 (100%) are bad.
ℹ [Lag 50]:
ℹ 0 (0%) are good and 55 (100%) are bad.

ℹ 3. Performance evaluation...
ℹ Computing training scores...
ℹ Computing testing scores...
ℹ Saving scores...
✔ Scores saved!

ℹ 4. Associations...
✔ Model ran without errors!

! ----- Running loop: 38/180 -----
ℹ - Random effect: none
ℹ - Strategy: none
ℹ - New samples: 0
ℹ - Train size: 25
ℹ - N variables: 6
ℹ - K-fold: 3

ℹ 0. Setting up path...

ℹ 1. Fitting model...
ℹ Preparing training set for HMSC...
ℹ Creation of Hmsc object without random effects...
✔ Created Hmsc object!

ℹ Started fitting at: 2026-08-05 11:24:39.290488
! Cannot display fitting progress when running chains in parallel.
! Set `allow_parallel` to `FALSE` to see progress.
ℹ Completed fitting at: 2026-08-05 11:24:57.805409
ℹ Time elapsed: 18.51
ℹ Saving model...
✔ Model saved!

ℹ 2. Convergence diagnostics...
ℹ *** [Parameter: Beta] ***
ℹ Computation of traceplots, can take some time...
ℹ Traceplots saved!
ℹ -> Effective size:
ℹ 20 (36.36%) are good, 31 (56.36%) are acceptable and 4 (7.27%) are bad.
ℹ -> Gelman-Rubin convergence diagnostic:
ℹ 23 (41.82%) are good, 12 (21.82%) are acceptable and 20 (36.36%) are bad.
ℹ -> Autocorrelation:
ℹ [Lag 20]:
ℹ 2 (3.64%) are good and 53 (96.36%) are bad.
ℹ [Lag 50]:
ℹ 5 (9.09%) are good and 50 (90.91%) are bad.

ℹ 3. Performance evaluation...
ℹ Computing training scores...
ℹ Computing testing scores...
ℹ Saving scores...
✔ Scores saved!

ℹ 4. Associations...
✔ Model ran without errors!

! ----- Running loop: 39/180 -----
ℹ - Random effect: none
ℹ - Strategy: none
ℹ - New samples: 0
ℹ - Train size: 50
ℹ - N variables: 6
ℹ - K-fold: 3

ℹ 0. Setting up path...

ℹ 1. Fitting model...
ℹ Preparing training set for HMSC...
ℹ Creation of Hmsc object without random effects...
✔ Created Hmsc object!

ℹ Started fitting at: 2026-08-05 11:25:45.016821
! Cannot display fitting progress when running chains in parallel.
! Set `allow_parallel` to `FALSE` to see progress.
ℹ Completed fitting at: 2026-08-05 11:26:05.029629
ℹ Time elapsed: 20.01
ℹ Saving model...
✔ Model saved!

ℹ 2. Convergence diagnostics...
ℹ *** [Parameter: Beta] ***
ℹ Computation of traceplots, can take some time...
ℹ Traceplots saved!
ℹ -> Effective size:
ℹ 55 (100%) are good, 0 (0%) are acceptable and 0 (0%) are bad.
ℹ -> Gelman-Rubin convergence diagnostic:
ℹ 55 (100%) are good, 0 (0%) are acceptable and 0 (0%) are bad.
ℹ -> Autocorrelation:
ℹ [Lag 20]:
ℹ 36 (65.45%) are good and 19 (34.55%) are bad.
ℹ [Lag 50]:
ℹ 48 (87.27%) are good and 7 (12.73%) are bad.

ℹ 3. Performance evaluation...
ℹ Computing training scores...
ℹ Computing testing scores...
ℹ Saving scores...
✔ Scores saved!

ℹ 4. Associations...
✔ Model ran without errors!

! ----- Running loop: 40/180 -----
ℹ - Random effect: none
ℹ - Strategy: none
ℹ - New samples: 0
ℹ - Train size: 75
ℹ - N variables: 6
ℹ - K-fold: 3

ℹ 0. Setting up path...

ℹ 1. Fitting model...
ℹ Preparing training set for HMSC...
ℹ Creation of Hmsc object without random effects...
✔ Created Hmsc object!

ℹ Started fitting at: 2026-08-05 11:26:51.212209
! Cannot display fitting progress when running chains in parallel.
! Set `allow_parallel` to `FALSE` to see progress.
ℹ Completed fitting at: 2026-08-05 11:27:10.831849
ℹ Time elapsed: 19.62
ℹ Saving model...
✔ Model saved!

ℹ 2. Convergence diagnostics...
ℹ *** [Parameter: Beta] ***
ℹ Computation of traceplots, can take some time...
ℹ Traceplots saved!
ℹ -> Effective size:
ℹ 55 (100%) are good, 0 (0%) are acceptable and 0 (0%) are bad.
ℹ -> Gelman-Rubin convergence diagnostic:
ℹ 55 (100%) are good, 0 (0%) are acceptable and 0 (0%) are bad.
ℹ -> Autocorrelation:
ℹ [Lag 20]:
ℹ 44 (80%) are good and 11 (20%) are bad.
ℹ [Lag 50]:
ℹ 48 (87.27%) are good and 7 (12.73%) are bad.

ℹ 3. Performance evaluation...
ℹ Computing training scores...
ℹ Computing testing scores...
ℹ Saving scores...
✔ Scores saved!

ℹ 4. Associations...
✔ Model ran without errors!

! ----- Running loop: 41/180 -----
ℹ - Random effect: none
ℹ - Strategy: none
ℹ - New samples: 0
ℹ - Train size: 100
ℹ - N variables: 6
ℹ - K-fold: 3

ℹ 0. Setting up path...

ℹ 1. Fitting model...
ℹ Preparing training set for HMSC...
ℹ Creation of Hmsc object without random effects...
✔ Created Hmsc object!

ℹ Started fitting at: 2026-08-05 11:27:59.786847
! Cannot display fitting progress when running chains in parallel.
! Set `allow_parallel` to `FALSE` to see progress.
ℹ Completed fitting at: 2026-08-05 11:28:19.616723
ℹ Time elapsed: 19.83
ℹ Saving model...
✔ Model saved!

ℹ 2. Convergence diagnostics...
ℹ *** [Parameter: Beta] ***
ℹ Computation of traceplots, can take some time...
ℹ Traceplots saved!
ℹ -> Effective size:
ℹ 54 (98.18%) are good, 1 (1.82%) are acceptable and 0 (0%) are bad.
ℹ -> Gelman-Rubin convergence diagnostic:
ℹ 55 (100%) are good, 0 (0%) are acceptable and 0 (0%) are bad.
ℹ -> Autocorrelation:
ℹ [Lag 20]:
ℹ 39 (70.91%) are good and 16 (29.09%) are bad.
ℹ [Lag 50]:
ℹ 47 (85.45%) are good and 8 (14.55%) are bad.

ℹ 3. Performance evaluation...
ℹ Computing training scores...
ℹ Computing testing scores...
ℹ Saving scores...
✔ Scores saved!

ℹ 4. Associations...
✔ Model ran without errors!

! ----- Running loop: 42/180 -----
ℹ - Random effect: none
ℹ - Strategy: none
ℹ - New samples: 0
ℹ - Train size: 125
ℹ - N variables: 6
ℹ - K-fold: 3

ℹ 0. Setting up path...

ℹ 1. Fitting model...
ℹ Preparing training set for HMSC...
ℹ Creation of Hmsc object without random effects...
✔ Created Hmsc object!

ℹ Started fitting at: 2026-08-05 11:29:07.058015
! Cannot display fitting progress when running chains in parallel.
! Set `allow_parallel` to `FALSE` to see progress.
ℹ Completed fitting at: 2026-08-05 11:29:27.57317
ℹ Time elapsed: 20.52
ℹ Saving model...
✔ Model saved!

ℹ 2. Convergence diagnostics...
ℹ *** [Parameter: Beta] ***
ℹ Computation of traceplots, can take some time...
ℹ Traceplots saved!
ℹ -> Effective size:
ℹ 54 (98.18%) are good, 1 (1.82%) are acceptable and 0 (0%) are bad.
ℹ -> Gelman-Rubin convergence diagnostic:
ℹ 55 (100%) are good, 0 (0%) are acceptable and 0 (0%) are bad.
ℹ -> Autocorrelation:
ℹ [Lag 20]:
ℹ 43 (78.18%) are good and 12 (21.82%) are bad.
ℹ [Lag 50]:
ℹ 47 (85.45%) are good and 8 (14.55%) are bad.

ℹ 3. Performance evaluation...
ℹ Computing training scores...
ℹ Computing testing scores...
ℹ Saving scores...
✔ Scores saved!

ℹ 4. Associations...
✔ Model ran without errors!

! ----- Running loop: 43/180 -----
ℹ - Random effect: none
ℹ - Strategy: none
ℹ - New samples: 0
ℹ - Train size: 125
ℹ - N variables: 3
ℹ - K-fold: 3

ℹ 0. Setting up path...

ℹ 1. Fitting model...
ℹ Preparing training set for HMSC...
ℹ Creation of Hmsc object without random effects...
✔ Created Hmsc object!

ℹ Started fitting at: 2026-08-05 11:30:13.921252
! Cannot display fitting progress when running chains in parallel.
! Set `allow_parallel` to `FALSE` to see progress.
ℹ Completed fitting at: 2026-08-05 11:30:33.138072
ℹ Time elapsed: 19.22
ℹ Saving model...
✔ Model saved!

ℹ 2. Convergence diagnostics...
ℹ *** [Parameter: Beta] ***
ℹ Computation of traceplots, can take some time...
ℹ Traceplots saved!
ℹ -> Effective size:
ℹ 39 (97.5%) are good, 1 (2.5%) are acceptable and 0 (0%) are bad.
ℹ -> Gelman-Rubin convergence diagnostic:
ℹ 39 (97.5%) are good, 1 (2.5%) are acceptable and 0 (0%) are bad.
ℹ -> Autocorrelation:
ℹ [Lag 20]:
ℹ 28 (70%) are good and 12 (30%) are bad.
ℹ [Lag 50]:
ℹ 34 (85%) are good and 6 (15%) are bad.

ℹ 3. Performance evaluation...
ℹ Computing training scores...
ℹ Computing testing scores...
ℹ Saving scores...
✔ Scores saved!

ℹ 4. Associations...
✔ Model ran without errors!

! ----- Running loop: 44/180 -----
ℹ - Random effect: none
ℹ - Strategy: none
ℹ - New samples: 0
ℹ - Train size: 125
ℹ - N variables: 2
ℹ - K-fold: 3

ℹ 0. Setting up path...

ℹ 1. Fitting model...
ℹ Preparing training set for HMSC...
ℹ Creation of Hmsc object without random effects...
✔ Created Hmsc object!

ℹ Started fitting at: 2026-08-05 11:31:15.415549
! Cannot display fitting progress when running chains in parallel.
! Set `allow_parallel` to `FALSE` to see progress.
ℹ Completed fitting at: 2026-08-05 11:31:34.249973
ℹ Time elapsed: 18.83
ℹ Saving model...
✔ Model saved!

ℹ 2. Convergence diagnostics...
ℹ *** [Parameter: Beta] ***
ℹ Computation of traceplots, can take some time...
ℹ Traceplots saved!
ℹ -> Effective size:
ℹ 32 (91.43%) are good, 3 (8.57%) are acceptable and 0 (0%) are bad.
ℹ -> Gelman-Rubin convergence diagnostic:
ℹ 33 (94.29%) are good, 2 (5.71%) are acceptable and 0 (0%) are bad.
ℹ -> Autocorrelation:
ℹ [Lag 20]:
ℹ 26 (74.29%) are good and 9 (25.71%) are bad.
ℹ [Lag 50]:
ℹ 28 (80%) are good and 7 (20%) are bad.

ℹ 3. Performance evaluation...
ℹ Computing training scores...
ℹ Computing testing scores...
ℹ Saving scores...
✔ Scores saved!

ℹ 4. Associations...
✔ Model ran without errors!

! ----- Running loop: 45/180 -----
ℹ - Random effect: units
ℹ - Strategy: none
ℹ - New samples: 0
ℹ - Train size: 125
ℹ - N variables: 6
ℹ - K-fold: 3

ℹ 0. Setting up path...

ℹ 1. Fitting model...
ℹ Preparing training set for HMSC...
ℹ Creation of Hmsc object with 'units' effect...
✔ Created Hmsc object!

ℹ Started fitting at: 2026-08-05 11:32:15.039608
! Cannot display fitting progress when running chains in parallel.
! Set `allow_parallel` to `FALSE` to see progress.
ℹ Completed fitting at: 2026-08-05 11:32:50.218703
ℹ Time elapsed: 35.18
ℹ Saving model...
✔ Model saved!

ℹ 2. Convergence diagnostics...
ℹ *** [Parameter: Beta] ***
ℹ Computation of traceplots, can take some time...
ℹ Traceplots saved!
ℹ -> Effective size:
ℹ 51 (92.73%) are good, 4 (7.27%) are acceptable and 0 (0%) are bad.
ℹ -> Gelman-Rubin convergence diagnostic:
ℹ 51 (92.73%) are good, 4 (7.27%) are acceptable and 0 (0%) are bad.
ℹ -> Autocorrelation:
ℹ [Lag 20]:
ℹ 34 (61.82%) are good and 21 (38.18%) are bad.
ℹ [Lag 50]:
ℹ 39 (70.91%) are good and 16 (29.09%) are bad.
ℹ *** [Parameter: Omega] ***
ℹ Computation of traceplots, can take some time...
ℹ Traceplots saved!
ℹ -> Effective size:
ℹ 22 (88%) are good, 2 (8%) are acceptable and 1 (4%) are bad.
ℹ -> Gelman-Rubin convergence diagnostic:
ℹ 8 (32%) are good, 10 (40%) are acceptable and 7 (28%) are bad.
ℹ -> Autocorrelation:
ℹ [Lag 20]:
ℹ 11 (44%) are good and 14 (56%) are bad.
ℹ [Lag 50]:
ℹ 20 (80%) are good and 5 (20%) are bad.

ℹ 3. Performance evaluation...
ℹ Computing training scores...
ℹ Computing testing scores...
ℹ Saving scores...
✔ Scores saved!

ℹ 4. Associations...
✔ Model ran without errors!

! ----- Running loop: 46/180 -----
ℹ - Random effect: none
ℹ - Strategy: none
ℹ - New samples: 50
ℹ - Train size: 125
ℹ - N variables: 6
ℹ - K-fold: 3

ℹ 0. Setting up path...

ℹ 1. Fitting model...
ℹ Preparing training set for HMSC...
ℹ Creation of Hmsc object without random effects...
✔ Created Hmsc object!

ℹ Started fitting at: 2026-08-05 11:33:54.562133
! Cannot display fitting progress when running chains in parallel.
! Set `allow_parallel` to `FALSE` to see progress.
ℹ Completed fitting at: 2026-08-05 11:34:15.120291
ℹ Time elapsed: 20.56
ℹ Saving model...
✔ Model saved!

ℹ 2. Convergence diagnostics...
ℹ *** [Parameter: Beta] ***
ℹ Computation of traceplots, can take some time...
ℹ Traceplots saved!
ℹ -> Effective size:
ℹ 54 (98.18%) are good, 1 (1.82%) are acceptable and 0 (0%) are bad.
ℹ -> Gelman-Rubin convergence diagnostic:
ℹ 55 (100%) are good, 0 (0%) are acceptable and 0 (0%) are bad.
ℹ -> Autocorrelation:
ℹ [Lag 20]:
ℹ 43 (78.18%) are good and 12 (21.82%) are bad.
ℹ [Lag 50]:
ℹ 48 (87.27%) are good and 7 (12.73%) are bad.

ℹ 3. Performance evaluation...
ℹ Computing training scores...
ℹ Computing testing scores...
ℹ Saving scores...
✔ Scores saved!

ℹ 4. Associations...
✔ Model ran without errors!

! ----- Running loop: 47/180 -----
ℹ - Random effect: none
ℹ - Strategy: business-as-usual
ℹ - New samples: 50
ℹ - Train size: 125
ℹ - N variables: 6
ℹ - K-fold: 3

ℹ 0. Setting up path...
ℹ Pulling 50 new random samples...

ℹ 1. Fitting model...
ℹ Preparing training set for HMSC...
ℹ Creation of Hmsc object without random effects...
✔ Created Hmsc object!

ℹ Started fitting at: 2026-08-05 11:35:07.860312
! Cannot display fitting progress when running chains in parallel.
! Set `allow_parallel` to `FALSE` to see progress.
ℹ Completed fitting at: 2026-08-05 11:35:28.230872
ℹ Time elapsed: 20.37
ℹ Saving model...
✔ Model saved!

ℹ 2. Convergence diagnostics...
ℹ *** [Parameter: Beta] ***
ℹ Computation of traceplots, can take some time...
ℹ Traceplots saved!
ℹ -> Effective size:
ℹ 55 (100%) are good, 0 (0%) are acceptable and 0 (0%) are bad.
ℹ -> Gelman-Rubin convergence diagnostic:
ℹ 55 (100%) are good, 0 (0%) are acceptable and 0 (0%) are bad.
ℹ -> Autocorrelation:
ℹ [Lag 20]:
ℹ 47 (85.45%) are good and 8 (14.55%) are bad.
ℹ [Lag 50]:
ℹ 52 (94.55%) are good and 3 (5.45%) are bad.

ℹ 3. Performance evaluation...
ℹ Computing training scores...
ℹ Computing testing scores...
ℹ Saving scores...
✔ Scores saved!

ℹ 4. Associations...
✔ Model ran without errors!

! ----- Running loop: 48/180 -----
ℹ - Random effect: none
ℹ - Strategy: gap-filling
ℹ - New samples: 50
ℹ - Train size: 125
ℹ - N variables: 6
ℹ - K-fold: 3

ℹ 0. Setting up path...
ℹ Searching for the most distant points...

ℹ 1. Fitting model...
ℹ Preparing training set for HMSC...
ℹ Creation of Hmsc object without random effects...
✔ Created Hmsc object!

ℹ Started fitting at: 2026-08-05 11:36:55.358727
! Cannot display fitting progress when running chains in parallel.
! Set `allow_parallel` to `FALSE` to see progress.
ℹ Completed fitting at: 2026-08-05 11:37:15.507228
ℹ Time elapsed: 20.15
ℹ Saving model...
✔ Model saved!

ℹ 2. Convergence diagnostics...
ℹ *** [Parameter: Beta] ***
ℹ Computation of traceplots, can take some time...
ℹ Traceplots saved!
ℹ -> Effective size:
ℹ 55 (100%) are good, 0 (0%) are acceptable and 0 (0%) are bad.
ℹ -> Gelman-Rubin convergence diagnostic:
ℹ 54 (98.18%) are good, 1 (1.82%) are acceptable and 0 (0%) are bad.
ℹ -> Autocorrelation:
ℹ [Lag 20]:
ℹ 46 (83.64%) are good and 9 (16.36%) are bad.
ℹ [Lag 50]:
ℹ 53 (96.36%) are good and 2 (3.64%) are bad.

ℹ 3. Performance evaluation...
ℹ Computing training scores...
ℹ Computing testing scores...
ℹ Saving scores...
✔ Scores saved!

ℹ 4. Associations...
✔ Model ran without errors!

! ----- Running loop: 49/180 -----
ℹ - Random effect: none
ℹ - Strategy: simplified-uncertainty
ℹ - New samples: 50
ℹ - Train size: 125
ℹ - N variables: 6
ℹ - K-fold: 3

ℹ 0. Setting up path...
! Running simplified-uncertainty...

ℹ 1. Fitting model...
ℹ Preparing training set for HMSC...
ℹ Creation of Hmsc object without random effects...
✔ Created Hmsc object!

ℹ Started fitting at: 2026-08-05 11:38:36.981509
! Cannot display fitting progress when running chains in parallel.
! Set `allow_parallel` to `FALSE` to see progress.
ℹ Completed fitting at: 2026-08-05 11:38:57.246994
ℹ Time elapsed: 20.27
ℹ Saving model...
✔ Model saved!

ℹ 2. Convergence diagnostics...
ℹ *** [Parameter: Beta] ***
ℹ Computation of traceplots, can take some time...
ℹ Traceplots saved!
ℹ -> Effective size:
ℹ 54 (98.18%) are good, 1 (1.82%) are acceptable and 0 (0%) are bad.
ℹ -> Gelman-Rubin convergence diagnostic:
ℹ 51 (92.73%) are good, 1 (1.82%) are acceptable and 3 (5.45%) are bad.
ℹ -> Autocorrelation:
ℹ [Lag 20]:
ℹ 44 (80%) are good and 11 (20%) are bad.
ℹ [Lag 50]:
ℹ 45 (81.82%) are good and 10 (18.18%) are bad.

ℹ 3. Performance evaluation...
ℹ Computing training scores...
ℹ Computing testing scores...
ℹ Saving scores...
✔ Scores saved!

ℹ 4. Associations...
✔ Model ran without errors!

! ----- Running loop: 50/180 -----
ℹ - Random effect: none
ℹ - Strategy: simplified-uncertainty
ℹ - New samples: 0
ℹ - Train size: 125
ℹ - N variables: 6
ℹ - K-fold: 3

ℹ 0. Setting up path...

ℹ 1. Fitting model...
ℹ Preparing training set for HMSC...
ℹ Creation of Hmsc object without random effects...
✔ Created Hmsc object!

ℹ Started fitting at: 2026-08-05 11:40:16.63018
! Cannot display fitting progress when running chains in parallel.
! Set `allow_parallel` to `FALSE` to see progress.
ℹ Completed fitting at: 2026-08-05 11:40:37.24331
ℹ Time elapsed: 20.61
ℹ Saving model...
✔ Model saved!

ℹ 2. Convergence diagnostics...
ℹ *** [Parameter: Beta] ***
ℹ Computation of traceplots, can take some time...
ℹ Traceplots saved!
ℹ -> Effective size:
ℹ 55 (100%) are good, 0 (0%) are acceptable and 0 (0%) are bad.
ℹ -> Gelman-Rubin convergence diagnostic:
ℹ 55 (100%) are good, 0 (0%) are acceptable and 0 (0%) are bad.
ℹ -> Autocorrelation:
ℹ [Lag 20]:
ℹ 44 (80%) are good and 11 (20%) are bad.
ℹ [Lag 50]:
ℹ 50 (90.91%) are good and 5 (9.09%) are bad.

ℹ 3. Performance evaluation...
ℹ Computing training scores...
ℹ Computing testing scores...
ℹ Saving scores...
✔ Scores saved!

ℹ 4. Associations...
✔ Model ran without errors!

! ----- Running loop: 51/180 -----
ℹ - Random effect: none
ℹ - Strategy: simplified-uncertainty
ℹ - New samples: 10
ℹ - Train size: 125
ℹ - N variables: 6
ℹ - K-fold: 3

ℹ 0. Setting up path...
! Running simplified-uncertainty...

ℹ 1. Fitting model...
ℹ Preparing training set for HMSC...
ℹ Creation of Hmsc object without random effects...
✔ Created Hmsc object!

ℹ Started fitting at: 2026-08-05 11:42:01.900902
! Cannot display fitting progress when running chains in parallel.
! Set `allow_parallel` to `FALSE` to see progress.
ℹ Completed fitting at: 2026-08-05 11:42:22.998505
ℹ Time elapsed: 21.1
ℹ Saving model...
✔ Model saved!

ℹ 2. Convergence diagnostics...
ℹ *** [Parameter: Beta] ***
ℹ Computation of traceplots, can take some time...
ℹ Traceplots saved!
ℹ -> Effective size:
ℹ 55 (100%) are good, 0 (0%) are acceptable and 0 (0%) are bad.
ℹ -> Gelman-Rubin convergence diagnostic:
ℹ 55 (100%) are good, 0 (0%) are acceptable and 0 (0%) are bad.
ℹ -> Autocorrelation:
ℹ [Lag 20]:
ℹ 44 (80%) are good and 11 (20%) are bad.
ℹ [Lag 50]:
ℹ 49 (89.09%) are good and 6 (10.91%) are bad.

ℹ 3. Performance evaluation...
ℹ Computing training scores...
ℹ Computing testing scores...
ℹ Saving scores...
✔ Scores saved!

ℹ 4. Associations...
✔ Model ran without errors!

! ----- Running loop: 52/180 -----
ℹ - Random effect: none
ℹ - Strategy: simplified-uncertainty
ℹ - New samples: 25
ℹ - Train size: 125
ℹ - N variables: 6
ℹ - K-fold: 3

ℹ 0. Setting up path...
! Running simplified-uncertainty...

ℹ 1. Fitting model...
ℹ Preparing training set for HMSC...
ℹ Creation of Hmsc object without random effects...
✔ Created Hmsc object!

ℹ Started fitting at: 2026-08-05 11:43:46.310943
! Cannot display fitting progress when running chains in parallel.
! Set `allow_parallel` to `FALSE` to see progress.
ℹ Completed fitting at: 2026-08-05 11:44:07.458075
ℹ Time elapsed: 21.15
ℹ Saving model...
✔ Model saved!

ℹ 2. Convergence diagnostics...
ℹ *** [Parameter: Beta] ***
ℹ Computation of traceplots, can take some time...
ℹ Traceplots saved!
ℹ -> Effective size:
ℹ 55 (100%) are good, 0 (0%) are acceptable and 0 (0%) are bad.
ℹ -> Gelman-Rubin convergence diagnostic:
ℹ 55 (100%) are good, 0 (0%) are acceptable and 0 (0%) are bad.
ℹ -> Autocorrelation:
ℹ [Lag 20]:
ℹ 44 (80%) are good and 11 (20%) are bad.
ℹ [Lag 50]:
ℹ 51 (92.73%) are good and 4 (7.27%) are bad.

ℹ 3. Performance evaluation...
ℹ Computing training scores...
ℹ Computing testing scores...
ℹ Saving scores...
✔ Scores saved!

ℹ 4. Associations...
✔ Model ran without errors!

! ----- Running loop: 53/180 -----
ℹ - Random effect: none
ℹ - Strategy: simplified-uncertainty
ℹ - New samples: 100
ℹ - Train size: 125
ℹ - N variables: 6
ℹ - K-fold: 3

ℹ 0. Setting up path...
! Running simplified-uncertainty...

ℹ 1. Fitting model...
ℹ Preparing training set for HMSC...
ℹ Creation of Hmsc object without random effects...
✔ Created Hmsc object!

ℹ Started fitting at: 2026-08-05 11:45:35.304818
! Cannot display fitting progress when running chains in parallel.
! Set `allow_parallel` to `FALSE` to see progress.
ℹ Completed fitting at: 2026-08-05 11:45:56.721056
ℹ Time elapsed: 21.42
ℹ Saving model...
✔ Model saved!

ℹ 2. Convergence diagnostics...
ℹ *** [Parameter: Beta] ***
ℹ Computation of traceplots, can take some time...
ℹ Traceplots saved!
ℹ -> Effective size:
ℹ 53 (96.36%) are good, 2 (3.64%) are acceptable and 0 (0%) are bad.
ℹ -> Gelman-Rubin convergence diagnostic:
ℹ 55 (100%) are good, 0 (0%) are acceptable and 0 (0%) are bad.
ℹ -> Autocorrelation:
ℹ [Lag 20]:
ℹ 44 (80%) are good and 11 (20%) are bad.
ℹ [Lag 50]:
ℹ 47 (85.45%) are good and 8 (14.55%) are bad.

ℹ 3. Performance evaluation...
ℹ Computing training scores...
ℹ Computing testing scores...
ℹ Saving scores...
✔ Scores saved!

ℹ 4. Associations...
✔ Model ran without errors!

! ----- Running loop: 54/180 -----
ℹ - Random effect: none
ℹ - Strategy: simplified-uncertainty
ℹ - New samples: 150
ℹ - Train size: 125
ℹ - N variables: 6
ℹ - K-fold: 3

ℹ 0. Setting up path...
! Running simplified-uncertainty...

ℹ 1. Fitting model...
ℹ Preparing training set for HMSC...
ℹ Creation of Hmsc object without random effects...
✔ Created Hmsc object!

ℹ Started fitting at: 2026-08-05 11:47:16.325988
! Cannot display fitting progress when running chains in parallel.
! Set `allow_parallel` to `FALSE` to see progress.
ℹ Completed fitting at: 2026-08-05 11:47:38.253617
ℹ Time elapsed: 21.93
ℹ Saving model...
✔ Model saved!

ℹ 2. Convergence diagnostics...
ℹ *** [Parameter: Beta] ***
ℹ Computation of traceplots, can take some time...
ℹ Traceplots saved!
ℹ -> Effective size:
ℹ 55 (100%) are good, 0 (0%) are acceptable and 0 (0%) are bad.
ℹ -> Gelman-Rubin convergence diagnostic:
ℹ 55 (100%) are good, 0 (0%) are acceptable and 0 (0%) are bad.
ℹ -> Autocorrelation:
ℹ [Lag 20]:
ℹ 48 (87.27%) are good and 7 (12.73%) are bad.
ℹ [Lag 50]:
ℹ 55 (100%) are good and 0 (0%) are bad.

ℹ 3. Performance evaluation...
ℹ Computing training scores...
ℹ Computing testing scores...
ℹ Saving scores...
✔ Scores saved!

ℹ 4. Associations...
✔ Model ran without errors!

! ----- Running loop: 55/180 -----
ℹ - Random effect: none
ℹ - Strategy: none
ℹ - New samples: 0
ℹ - Train size: 15
ℹ - N variables: 6
ℹ - K-fold: 4

ℹ 0. Setting up path...

ℹ 1. Fitting model...
ℹ Preparing training set for HMSC...
ℹ Creation of Hmsc object without random effects...
✔ Created Hmsc object!

ℹ Started fitting at: 2026-08-05 11:48:59.391654
! Cannot display fitting progress when running chains in parallel.
! Set `allow_parallel` to `FALSE` to see progress.
ℹ Completed fitting at: 2026-08-05 11:49:18.156217
ℹ Time elapsed: 18.76
ℹ Saving model...
✔ Model saved!

ℹ 2. Convergence diagnostics...
ℹ *** [Parameter: Beta] ***
ℹ Computation of traceplots, can take some time...
ℹ Traceplots saved!
ℹ -> Effective size:
ℹ 55 (100%) are good, 0 (0%) are acceptable and 0 (0%) are bad.
ℹ -> Gelman-Rubin convergence diagnostic:
ℹ 52 (94.55%) are good, 3 (5.45%) are acceptable and 0 (0%) are bad.
ℹ -> Autocorrelation:
ℹ [Lag 20]:
ℹ 14 (25.45%) are good and 41 (74.55%) are bad.
ℹ [Lag 50]:
ℹ 44 (80%) are good and 11 (20%) are bad.

ℹ 3. Performance evaluation...
ℹ Computing training scores...
ℹ Computing testing scores...
ℹ Saving scores...
✔ Scores saved!

ℹ 4. Associations...
✔ Model ran without errors!

! ----- Running loop: 56/180 -----
ℹ - Random effect: none
ℹ - Strategy: none
ℹ - New samples: 0
ℹ - Train size: 25
ℹ - N variables: 6
ℹ - K-fold: 4

ℹ 0. Setting up path...

ℹ 1. Fitting model...
ℹ Preparing training set for HMSC...
ℹ Creation of Hmsc object without random effects...
✔ Created Hmsc object!

ℹ Started fitting at: 2026-08-05 11:50:03.32572
! Cannot display fitting progress when running chains in parallel.
! Set `allow_parallel` to `FALSE` to see progress.
ℹ Completed fitting at: 2026-08-05 11:50:22.041024
ℹ Time elapsed: 18.72
ℹ Saving model...
✔ Model saved!

ℹ 2. Convergence diagnostics...
ℹ *** [Parameter: Beta] ***
ℹ Computation of traceplots, can take some time...
ℹ Traceplots saved!
ℹ -> Effective size:
ℹ 55 (100%) are good, 0 (0%) are acceptable and 0 (0%) are bad.
ℹ -> Gelman-Rubin convergence diagnostic:
ℹ 55 (100%) are good, 0 (0%) are acceptable and 0 (0%) are bad.
ℹ -> Autocorrelation:
ℹ [Lag 20]:
ℹ 39 (70.91%) are good and 16 (29.09%) are bad.
ℹ [Lag 50]:
ℹ 50 (90.91%) are good and 5 (9.09%) are bad.

ℹ 3. Performance evaluation...
ℹ Computing training scores...
ℹ Computing testing scores...
ℹ Saving scores...
✔ Scores saved!

ℹ 4. Associations...
✔ Model ran without errors!

! ----- Running loop: 57/180 -----
ℹ - Random effect: none
ℹ - Strategy: none
ℹ - New samples: 0
ℹ - Train size: 50
ℹ - N variables: 6
ℹ - K-fold: 4

ℹ 0. Setting up path...

ℹ 1. Fitting model...
ℹ Preparing training set for HMSC...
ℹ Creation of Hmsc object without random effects...
✔ Created Hmsc object!

ℹ Started fitting at: 2026-08-05 11:51:08.577143
! Cannot display fitting progress when running chains in parallel.
! Set `allow_parallel` to `FALSE` to see progress.
ℹ Completed fitting at: 2026-08-05 11:51:28.478434
ℹ Time elapsed: 19.9
ℹ Saving model...
✔ Model saved!

ℹ 2. Convergence diagnostics...
ℹ *** [Parameter: Beta] ***
ℹ Computation of traceplots, can take some time...
ℹ Traceplots saved!
ℹ -> Effective size:
ℹ 54 (98.18%) are good, 1 (1.82%) are acceptable and 0 (0%) are bad.
ℹ -> Gelman-Rubin convergence diagnostic:
ℹ 53 (96.36%) are good, 2 (3.64%) are acceptable and 0 (0%) are bad.
ℹ -> Autocorrelation:
ℹ [Lag 20]:
ℹ 34 (61.82%) are good and 21 (38.18%) are bad.
ℹ [Lag 50]:
ℹ 41 (74.55%) are good and 14 (25.45%) are bad.

ℹ 3. Performance evaluation...
ℹ Computing training scores...
ℹ Computing testing scores...
ℹ Saving scores...
✔ Scores saved!

ℹ 4. Associations...
✔ Model ran without errors!

! ----- Running loop: 58/180 -----
ℹ - Random effect: none
ℹ - Strategy: none
ℹ - New samples: 0
ℹ - Train size: 75
ℹ - N variables: 6
ℹ - K-fold: 4

ℹ 0. Setting up path...

ℹ 1. Fitting model...
ℹ Preparing training set for HMSC...
ℹ Creation of Hmsc object without random effects...
✔ Created Hmsc object!

ℹ Started fitting at: 2026-08-05 11:52:14.215597
! Cannot display fitting progress when running chains in parallel.
! Set `allow_parallel` to `FALSE` to see progress.
ℹ Completed fitting at: 2026-08-05 11:52:34.321182
ℹ Time elapsed: 20.11
ℹ Saving model...
✔ Model saved!

ℹ 2. Convergence diagnostics...
ℹ *** [Parameter: Beta] ***
ℹ Computation of traceplots, can take some time...
ℹ Traceplots saved!
ℹ -> Effective size:
ℹ 54 (98.18%) are good, 1 (1.82%) are acceptable and 0 (0%) are bad.
ℹ -> Gelman-Rubin convergence diagnostic:
ℹ 55 (100%) are good, 0 (0%) are acceptable and 0 (0%) are bad.
ℹ -> Autocorrelation:
ℹ [Lag 20]:
ℹ 41 (74.55%) are good and 14 (25.45%) are bad.
ℹ [Lag 50]:
ℹ 51 (92.73%) are good and 4 (7.27%) are bad.

ℹ 3. Performance evaluation...
ℹ Computing training scores...
ℹ Computing testing scores...
ℹ Saving scores...
✔ Scores saved!

ℹ 4. Associations...
✔ Model ran without errors!

! ----- Running loop: 59/180 -----
ℹ - Random effect: none
ℹ - Strategy: none
ℹ - New samples: 0
ℹ - Train size: 100
ℹ - N variables: 6
ℹ - K-fold: 4

ℹ 0. Setting up path...

ℹ 1. Fitting model...
ℹ Preparing training set for HMSC...
ℹ Creation of Hmsc object without random effects...
✔ Created Hmsc object!

ℹ Started fitting at: 2026-08-05 11:53:22.693997
! Cannot display fitting progress when running chains in parallel.
! Set `allow_parallel` to `FALSE` to see progress.
ℹ Completed fitting at: 2026-08-05 11:53:42.521843
ℹ Time elapsed: 19.83
ℹ Saving model...
✔ Model saved!

ℹ 2. Convergence diagnostics...
ℹ *** [Parameter: Beta] ***
ℹ Computation of traceplots, can take some time...
ℹ Traceplots saved!
ℹ -> Effective size:
ℹ 53 (96.36%) are good, 2 (3.64%) are acceptable and 0 (0%) are bad.
ℹ -> Gelman-Rubin convergence diagnostic:
ℹ 55 (100%) are good, 0 (0%) are acceptable and 0 (0%) are bad.
ℹ -> Autocorrelation:
ℹ [Lag 20]:
ℹ 35 (63.64%) are good and 20 (36.36%) are bad.
ℹ [Lag 50]:
ℹ 44 (80%) are good and 11 (20%) are bad.

ℹ 3. Performance evaluation...
ℹ Computing training scores...
ℹ Computing testing scores...
ℹ Saving scores...
✔ Scores saved!

ℹ 4. Associations...
✔ Model ran without errors!

! ----- Running loop: 60/180 -----
ℹ - Random effect: none
ℹ - Strategy: none
ℹ - New samples: 0
ℹ - Train size: 125
ℹ - N variables: 6
ℹ - K-fold: 4

ℹ 0. Setting up path...

ℹ 1. Fitting model...
ℹ Preparing training set for HMSC...
ℹ Creation of Hmsc object without random effects...
✔ Created Hmsc object!

ℹ Started fitting at: 2026-08-05 11:54:31.253518
! Cannot display fitting progress when running chains in parallel.
! Set `allow_parallel` to `FALSE` to see progress.
ℹ Completed fitting at: 2026-08-05 11:54:52.543084
ℹ Time elapsed: 21.29
ℹ Saving model...
✔ Model saved!

ℹ 2. Convergence diagnostics...
ℹ *** [Parameter: Beta] ***
ℹ Computation of traceplots, can take some time...
ℹ Traceplots saved!
ℹ -> Effective size:
ℹ 53 (96.36%) are good, 2 (3.64%) are acceptable and 0 (0%) are bad.
ℹ -> Gelman-Rubin convergence diagnostic:
ℹ 55 (100%) are good, 0 (0%) are acceptable and 0 (0%) are bad.
ℹ -> Autocorrelation:
ℹ [Lag 20]:
ℹ 39 (70.91%) are good and 16 (29.09%) are bad.
ℹ [Lag 50]:
ℹ 50 (90.91%) are good and 5 (9.09%) are bad.

ℹ 3. Performance evaluation...
ℹ Computing training scores...
ℹ Computing testing scores...
ℹ Saving scores...
✔ Scores saved!

ℹ 4. Associations...
✔ Model ran without errors!

! ----- Running loop: 61/180 -----
ℹ - Random effect: none
ℹ - Strategy: none
ℹ - New samples: 0
ℹ - Train size: 125
ℹ - N variables: 3
ℹ - K-fold: 4

ℹ 0. Setting up path...

ℹ 1. Fitting model...
ℹ Preparing training set for HMSC...
ℹ Creation of Hmsc object without random effects...
✔ Created Hmsc object!

ℹ Started fitting at: 2026-08-05 11:55:36.908806
! Cannot display fitting progress when running chains in parallel.
! Set `allow_parallel` to `FALSE` to see progress.
ℹ Completed fitting at: 2026-08-05 11:55:56.38724
ℹ Time elapsed: 19.48
ℹ Saving model...
✔ Model saved!

ℹ 2. Convergence diagnostics...
ℹ *** [Parameter: Beta] ***
ℹ Computation of traceplots, can take some time...
ℹ Traceplots saved!
ℹ -> Effective size:
ℹ 37 (92.5%) are good, 3 (7.5%) are acceptable and 0 (0%) are bad.
ℹ -> Gelman-Rubin convergence diagnostic:
ℹ 40 (100%) are good, 0 (0%) are acceptable and 0 (0%) are bad.
ℹ -> Autocorrelation:
ℹ [Lag 20]:
ℹ 18 (45%) are good and 22 (55%) are bad.
ℹ [Lag 50]:
ℹ 31 (77.5%) are good and 9 (22.5%) are bad.

ℹ 3. Performance evaluation...
ℹ Computing training scores...
ℹ Computing testing scores...
ℹ Saving scores...
✔ Scores saved!

ℹ 4. Associations...
✔ Model ran without errors!

! ----- Running loop: 62/180 -----
ℹ - Random effect: none
ℹ - Strategy: none
ℹ - New samples: 0
ℹ - Train size: 125
ℹ - N variables: 2
ℹ - K-fold: 4

ℹ 0. Setting up path...

ℹ 1. Fitting model...
ℹ Preparing training set for HMSC...
ℹ Creation of Hmsc object without random effects...
✔ Created Hmsc object!

ℹ Started fitting at: 2026-08-05 11:56:35.816336
! Cannot display fitting progress when running chains in parallel.
! Set `allow_parallel` to `FALSE` to see progress.
ℹ Completed fitting at: 2026-08-05 11:56:54.224279
ℹ Time elapsed: 18.41
ℹ Saving model...
✔ Model saved!

ℹ 2. Convergence diagnostics...
ℹ *** [Parameter: Beta] ***
ℹ Computation of traceplots, can take some time...
ℹ Traceplots saved!
ℹ -> Effective size:
ℹ 35 (100%) are good, 0 (0%) are acceptable and 0 (0%) are bad.
ℹ -> Gelman-Rubin convergence diagnostic:
ℹ 35 (100%) are good, 0 (0%) are acceptable and 0 (0%) are bad.
ℹ -> Autocorrelation:
ℹ [Lag 20]:
ℹ 19 (54.29%) are good and 16 (45.71%) are bad.
ℹ [Lag 50]:
ℹ 33 (94.29%) are good and 2 (5.71%) are bad.

ℹ 3. Performance evaluation...
ℹ Computing training scores...
ℹ Computing testing scores...
ℹ Saving scores...
✔ Scores saved!

ℹ 4. Associations...
✔ Model ran without errors!

! ----- Running loop: 63/180 -----
ℹ - Random effect: units
ℹ - Strategy: none
ℹ - New samples: 0
ℹ - Train size: 125
ℹ - N variables: 6
ℹ - K-fold: 4

ℹ 0. Setting up path...

ℹ 1. Fitting model...
ℹ Preparing training set for HMSC...
ℹ Creation of Hmsc object with 'units' effect...
✔ Created Hmsc object!

ℹ Started fitting at: 2026-08-05 11:57:31.732912
! Cannot display fitting progress when running chains in parallel.
! Set `allow_parallel` to `FALSE` to see progress.
ℹ Completed fitting at: 2026-08-05 11:58:07.405292
ℹ Time elapsed: 35.67
ℹ Saving model...
✔ Model saved!

ℹ 2. Convergence diagnostics...
ℹ *** [Parameter: Beta] ***
ℹ Computation of traceplots, can take some time...
ℹ Traceplots saved!
ℹ -> Effective size:
ℹ 52 (94.55%) are good, 3 (5.45%) are acceptable and 0 (0%) are bad.
ℹ -> Gelman-Rubin convergence diagnostic:
ℹ 55 (100%) are good, 0 (0%) are acceptable and 0 (0%) are bad.
ℹ -> Autocorrelation:
ℹ [Lag 20]:
ℹ 22 (40%) are good and 33 (60%) are bad.
ℹ [Lag 50]:
ℹ 40 (72.73%) are good and 15 (27.27%) are bad.
ℹ *** [Parameter: Omega] ***
ℹ Computation of traceplots, can take some time...
ℹ Traceplots saved!
ℹ -> Effective size:
ℹ 19 (76%) are good, 5 (20%) are acceptable and 1 (4%) are bad.
ℹ -> Gelman-Rubin convergence diagnostic:
ℹ 24 (96%) are good, 1 (4%) are acceptable and 0 (0%) are bad.
ℹ -> Autocorrelation:
ℹ [Lag 20]:
ℹ 16 (64%) are good and 9 (36%) are bad.
ℹ [Lag 50]:
ℹ 19 (76%) are good and 6 (24%) are bad.

ℹ 3. Performance evaluation...
ℹ Computing training scores...
ℹ Computing testing scores...
ℹ Saving scores...
✔ Scores saved!

ℹ 4. Associations...
✔ Model ran without errors!

! ----- Running loop: 64/180 -----
ℹ - Random effect: none
ℹ - Strategy: none
ℹ - New samples: 50
ℹ - Train size: 125
ℹ - N variables: 6
ℹ - K-fold: 4

ℹ 0. Setting up path...

ℹ 1. Fitting model...
ℹ Preparing training set for HMSC...
ℹ Creation of Hmsc object without random effects...
✔ Created Hmsc object!

ℹ Started fitting at: 2026-08-05 11:59:04.619377
! Cannot display fitting progress when running chains in parallel.
! Set `allow_parallel` to `FALSE` to see progress.
ℹ Completed fitting at: 2026-08-05 11:59:25.527327
ℹ Time elapsed: 20.91
ℹ Saving model...
✔ Model saved!

ℹ 2. Convergence diagnostics...
ℹ *** [Parameter: Beta] ***
ℹ Computation of traceplots, can take some time...
ℹ Traceplots saved!
ℹ -> Effective size:
ℹ 54 (98.18%) are good, 1 (1.82%) are acceptable and 0 (0%) are bad.
ℹ -> Gelman-Rubin convergence diagnostic:
ℹ 55 (100%) are good, 0 (0%) are acceptable and 0 (0%) are bad.
ℹ -> Autocorrelation:
ℹ [Lag 20]:
ℹ 41 (74.55%) are good and 14 (25.45%) are bad.
ℹ [Lag 50]:
ℹ 52 (94.55%) are good and 3 (5.45%) are bad.

ℹ 3. Performance evaluation...
ℹ Computing training scores...
ℹ Computing testing scores...
ℹ Saving scores...
✔ Scores saved!

ℹ 4. Associations...
✔ Model ran without errors!

! ----- Running loop: 65/180 -----
ℹ - Random effect: none
ℹ - Strategy: business-as-usual
ℹ - New samples: 50
ℹ - Train size: 125
ℹ - N variables: 6
ℹ - K-fold: 4

ℹ 0. Setting up path...
ℹ Pulling 50 new random samples...

ℹ 1. Fitting model...
ℹ Preparing training set for HMSC...
ℹ Creation of Hmsc object without random effects...
✔ Created Hmsc object!

ℹ Started fitting at: 2026-08-05 12:00:09.977366
! Cannot display fitting progress when running chains in parallel.
! Set `allow_parallel` to `FALSE` to see progress.
ℹ Completed fitting at: 2026-08-05 12:00:29.937335
ℹ Time elapsed: 19.96
ℹ Saving model...
✔ Model saved!

ℹ 2. Convergence diagnostics...
ℹ *** [Parameter: Beta] ***
ℹ Computation of traceplots, can take some time...
ℹ Traceplots saved!
ℹ -> Effective size:
ℹ 55 (100%) are good, 0 (0%) are acceptable and 0 (0%) are bad.
ℹ -> Gelman-Rubin convergence diagnostic:
ℹ 55 (100%) are good, 0 (0%) are acceptable and 0 (0%) are bad.
ℹ -> Autocorrelation:
ℹ [Lag 20]:
ℹ 46 (83.64%) are good and 9 (16.36%) are bad.
ℹ [Lag 50]:
ℹ 52 (94.55%) are good and 3 (5.45%) are bad.

ℹ 3. Performance evaluation...
ℹ Computing training scores...
ℹ Computing testing scores...
ℹ Saving scores...
✔ Scores saved!

ℹ 4. Associations...
✔ Model ran without errors!

! ----- Running loop: 66/180 -----
ℹ - Random effect: none
ℹ - Strategy: gap-filling
ℹ - New samples: 50
ℹ - Train size: 125
ℹ - N variables: 6
ℹ - K-fold: 4

ℹ 0. Setting up path...
ℹ Searching for the most distant points...

ℹ 1. Fitting model...
ℹ Preparing training set for HMSC...
ℹ Creation of Hmsc object without random effects...
✔ Created Hmsc object!

ℹ Started fitting at: 2026-08-05 12:01:57.087533
! Cannot display fitting progress when running chains in parallel.
! Set `allow_parallel` to `FALSE` to see progress.
ℹ Completed fitting at: 2026-08-05 12:02:17.371968
ℹ Time elapsed: 20.28
ℹ Saving model...
✔ Model saved!

ℹ 2. Convergence diagnostics...
ℹ *** [Parameter: Beta] ***
ℹ Computation of traceplots, can take some time...
ℹ Traceplots saved!
ℹ -> Effective size:
ℹ 55 (100%) are good, 0 (0%) are acceptable and 0 (0%) are bad.
ℹ -> Gelman-Rubin convergence diagnostic:
ℹ 55 (100%) are good, 0 (0%) are acceptable and 0 (0%) are bad.
ℹ -> Autocorrelation:
ℹ [Lag 20]:
ℹ 37 (67.27%) are good and 18 (32.73%) are bad.
ℹ [Lag 50]:
ℹ 54 (98.18%) are good and 1 (1.82%) are bad.

ℹ 3. Performance evaluation...
ℹ Computing training scores...
ℹ Computing testing scores...
ℹ Saving scores...
✔ Scores saved!

ℹ 4. Associations...
✔ Model ran without errors!

! ----- Running loop: 67/180 -----
ℹ - Random effect: none
ℹ - Strategy: simplified-uncertainty
ℹ - New samples: 50
ℹ - Train size: 125
ℹ - N variables: 6
ℹ - K-fold: 4

ℹ 0. Setting up path...
! Running simplified-uncertainty...

ℹ 1. Fitting model...
ℹ Preparing training set for HMSC...
ℹ Creation of Hmsc object without random effects...
✔ Created Hmsc object!

ℹ Started fitting at: 2026-08-05 12:03:40.662247
! Cannot display fitting progress when running chains in parallel.
! Set `allow_parallel` to `FALSE` to see progress.
ℹ Completed fitting at: 2026-08-05 12:04:01.151261
ℹ Time elapsed: 20.49
ℹ Saving model...
✔ Model saved!

ℹ 2. Convergence diagnostics...
ℹ *** [Parameter: Beta] ***
ℹ Computation of traceplots, can take some time...
ℹ Traceplots saved!
ℹ -> Effective size:
ℹ 55 (100%) are good, 0 (0%) are acceptable and 0 (0%) are bad.
ℹ -> Gelman-Rubin convergence diagnostic:
ℹ 55 (100%) are good, 0 (0%) are acceptable and 0 (0%) are bad.
ℹ -> Autocorrelation:
ℹ [Lag 20]:
ℹ 45 (81.82%) are good and 10 (18.18%) are bad.
ℹ [Lag 50]:
ℹ 53 (96.36%) are good and 2 (3.64%) are bad.

ℹ 3. Performance evaluation...
ℹ Computing training scores...
ℹ Computing testing scores...
ℹ Saving scores...
✔ Scores saved!

ℹ 4. Associations...
✔ Model ran without errors!

! ----- Running loop: 68/180 -----
ℹ - Random effect: none
ℹ - Strategy: simplified-uncertainty
ℹ - New samples: 0
ℹ - Train size: 125
ℹ - N variables: 6
ℹ - K-fold: 4

ℹ 0. Setting up path...

ℹ 1. Fitting model...
ℹ Preparing training set for HMSC...
ℹ Creation of Hmsc object without random effects...
✔ Created Hmsc object!

ℹ Started fitting at: 2026-08-05 12:05:22.949023
! Cannot display fitting progress when running chains in parallel.
! Set `allow_parallel` to `FALSE` to see progress.
ℹ Completed fitting at: 2026-08-05 12:05:44.927667
ℹ Time elapsed: 21.98
ℹ Saving model...
✔ Model saved!

ℹ 2. Convergence diagnostics...
ℹ *** [Parameter: Beta] ***
ℹ Computation of traceplots, can take some time...
ℹ Traceplots saved!
ℹ -> Effective size:
ℹ 54 (98.18%) are good, 1 (1.82%) are acceptable and 0 (0%) are bad.
ℹ -> Gelman-Rubin convergence diagnostic:
ℹ 54 (98.18%) are good, 0 (0%) are acceptable and 1 (1.82%) are bad.
ℹ -> Autocorrelation:
ℹ [Lag 20]:
ℹ 39 (70.91%) are good and 16 (29.09%) are bad.
ℹ [Lag 50]:
ℹ 50 (90.91%) are good and 5 (9.09%) are bad.

ℹ 3. Performance evaluation...
ℹ Computing training scores...
ℹ Computing testing scores...
ℹ Saving scores...
✔ Scores saved!

ℹ 4. Associations...
✔ Model ran without errors!

! ----- Running loop: 69/180 -----
ℹ - Random effect: none
ℹ - Strategy: simplified-uncertainty
ℹ - New samples: 10
ℹ - Train size: 125
ℹ - N variables: 6
ℹ - K-fold: 4

ℹ 0. Setting up path...
! Running simplified-uncertainty...

ℹ 1. Fitting model...
ℹ Preparing training set for HMSC...
ℹ Creation of Hmsc object without random effects...
✔ Created Hmsc object!

ℹ Started fitting at: 2026-08-05 12:07:07.905364
! Cannot display fitting progress when running chains in parallel.
! Set `allow_parallel` to `FALSE` to see progress.
ℹ Completed fitting at: 2026-08-05 12:07:29.424
ℹ Time elapsed: 21.52
ℹ Saving model...
✔ Model saved!

ℹ 2. Convergence diagnostics...
ℹ *** [Parameter: Beta] ***
ℹ Computation of traceplots, can take some time...
ℹ Traceplots saved!
ℹ -> Effective size:
ℹ 55 (100%) are good, 0 (0%) are acceptable and 0 (0%) are bad.
ℹ -> Gelman-Rubin convergence diagnostic:
ℹ 55 (100%) are good, 0 (0%) are acceptable and 0 (0%) are bad.
ℹ -> Autocorrelation:
ℹ [Lag 20]:
ℹ 42 (76.36%) are good and 13 (23.64%) are bad.
ℹ [Lag 50]:
ℹ 51 (92.73%) are good and 4 (7.27%) are bad.

ℹ 3. Performance evaluation...
ℹ Computing training scores...
ℹ Computing testing scores...
ℹ Saving scores...
✔ Scores saved!

ℹ 4. Associations...
✔ Model ran without errors!

! ----- Running loop: 70/180 -----
ℹ - Random effect: none
ℹ - Strategy: simplified-uncertainty
ℹ - New samples: 25
ℹ - Train size: 125
ℹ - N variables: 6
ℹ - K-fold: 4

ℹ 0. Setting up path...
! Running simplified-uncertainty...

ℹ 1. Fitting model...
ℹ Preparing training set for HMSC...
ℹ Creation of Hmsc object without random effects...
✔ Created Hmsc object!

ℹ Started fitting at: 2026-08-05 12:08:57.058746
! Cannot display fitting progress when running chains in parallel.
! Set `allow_parallel` to `FALSE` to see progress.
ℹ Completed fitting at: 2026-08-05 12:09:17.932945
ℹ Time elapsed: 20.87
ℹ Saving model...
✔ Model saved!

ℹ 2. Convergence diagnostics...
ℹ *** [Parameter: Beta] ***
ℹ Computation of traceplots, can take some time...
ℹ Traceplots saved!
ℹ -> Effective size:
ℹ 55 (100%) are good, 0 (0%) are acceptable and 0 (0%) are bad.
ℹ -> Gelman-Rubin convergence diagnostic:
ℹ 55 (100%) are good, 0 (0%) are acceptable and 0 (0%) are bad.
ℹ -> Autocorrelation:
ℹ [Lag 20]:
ℹ 45 (81.82%) are good and 10 (18.18%) are bad.
ℹ [Lag 50]:
ℹ 53 (96.36%) are good and 2 (3.64%) are bad.

ℹ 3. Performance evaluation...
ℹ Computing training scores...
ℹ Computing testing scores...
ℹ Saving scores...
✔ Scores saved!

ℹ 4. Associations...
✔ Model ran without errors!

! ----- Running loop: 71/180 -----
ℹ - Random effect: none
ℹ - Strategy: simplified-uncertainty
ℹ - New samples: 100
ℹ - Train size: 125
ℹ - N variables: 6
ℹ - K-fold: 4

ℹ 0. Setting up path...
! Running simplified-uncertainty...

ℹ 1. Fitting model...
ℹ Preparing training set for HMSC...
ℹ Creation of Hmsc object without random effects...
✔ Created Hmsc object!

ℹ Started fitting at: 2026-08-05 12:10:43.556777
! Cannot display fitting progress when running chains in parallel.
! Set `allow_parallel` to `FALSE` to see progress.
ℹ Completed fitting at: 2026-08-05 12:11:06.579168
ℹ Time elapsed: 23.02
ℹ Saving model...
✔ Model saved!

ℹ 2. Convergence diagnostics...
ℹ *** [Parameter: Beta] ***
ℹ Computation of traceplots, can take some time...
ℹ Traceplots saved!
ℹ -> Effective size:
ℹ 55 (100%) are good, 0 (0%) are acceptable and 0 (0%) are bad.
ℹ -> Gelman-Rubin convergence diagnostic:
ℹ 55 (100%) are good, 0 (0%) are acceptable and 0 (0%) are bad.
ℹ -> Autocorrelation:
ℹ [Lag 20]:
ℹ 46 (83.64%) are good and 9 (16.36%) are bad.
ℹ [Lag 50]:
ℹ 53 (96.36%) are good and 2 (3.64%) are bad.

ℹ 3. Performance evaluation...
ℹ Computing training scores...
ℹ Computing testing scores...
ℹ Saving scores...
✔ Scores saved!

ℹ 4. Associations...
✔ Model ran without errors!

! ----- Running loop: 72/180 -----
ℹ - Random effect: none
ℹ - Strategy: simplified-uncertainty
ℹ - New samples: 150
ℹ - Train size: 125
ℹ - N variables: 6
ℹ - K-fold: 4

ℹ 0. Setting up path...
! Running simplified-uncertainty...

ℹ 1. Fitting model...
ℹ Preparing training set for HMSC...
ℹ Creation of Hmsc object without random effects...
✔ Created Hmsc object!

ℹ Started fitting at: 2026-08-05 12:12:34.639211
! Cannot display fitting progress when running chains in parallel.
! Set `allow_parallel` to `FALSE` to see progress.
ℹ Completed fitting at: 2026-08-05 12:12:57.428679
ℹ Time elapsed: 22.79
ℹ Saving model...
✔ Model saved!

ℹ 2. Convergence diagnostics...
ℹ *** [Parameter: Beta] ***
ℹ Computation of traceplots, can take some time...
ℹ Traceplots saved!
ℹ -> Effective size:
ℹ 55 (100%) are good, 0 (0%) are acceptable and 0 (0%) are bad.
ℹ -> Gelman-Rubin convergence diagnostic:
ℹ 55 (100%) are good, 0 (0%) are acceptable and 0 (0%) are bad.
ℹ -> Autocorrelation:
ℹ [Lag 20]:
ℹ 41 (74.55%) are good and 14 (25.45%) are bad.
ℹ [Lag 50]:
ℹ 52 (94.55%) are good and 3 (5.45%) are bad.

ℹ 3. Performance evaluation...
ℹ Computing training scores...
ℹ Computing testing scores...
ℹ Saving scores...
✔ Scores saved!

ℹ 4. Associations...
✔ Model ran without errors!

! ----- Running loop: 73/180 -----
ℹ - Random effect: none
ℹ - Strategy: none
ℹ - New samples: 0
ℹ - Train size: 15
ℹ - N variables: 6
ℹ - K-fold: 5

ℹ 0. Setting up path...

ℹ 1. Fitting model...
ℹ Preparing training set for HMSC...
ℹ Creation of Hmsc object without random effects...
✔ Created Hmsc object!

ℹ Started fitting at: 2026-08-05 12:14:20.379971
! Cannot display fitting progress when running chains in parallel.
! Set `allow_parallel` to `FALSE` to see progress.
ℹ Completed fitting at: 2026-08-05 12:14:39.665112
ℹ Time elapsed: 19.29
ℹ Saving model...
✔ Model saved!

ℹ 2. Convergence diagnostics...
ℹ *** [Parameter: Beta] ***
ℹ Computation of traceplots, can take some time...
ℹ Traceplots saved!
ℹ -> Effective size:
ℹ 55 (100%) are good, 0 (0%) are acceptable and 0 (0%) are bad.
ℹ -> Gelman-Rubin convergence diagnostic:
ℹ 55 (100%) are good, 0 (0%) are acceptable and 0 (0%) are bad.
ℹ -> Autocorrelation:
ℹ [Lag 20]:
ℹ 43 (78.18%) are good and 12 (21.82%) are bad.
ℹ [Lag 50]:
ℹ 54 (98.18%) are good and 1 (1.82%) are bad.

ℹ 3. Performance evaluation...
ℹ Computing training scores...
ℹ Computing testing scores...
ℹ Saving scores...
✔ Scores saved!

ℹ 4. Associations...
✔ Model ran without errors!

! ----- Running loop: 74/180 -----
ℹ - Random effect: none
ℹ - Strategy: none
ℹ - New samples: 0
ℹ - Train size: 25
ℹ - N variables: 6
ℹ - K-fold: 5

ℹ 0. Setting up path...

ℹ 1. Fitting model...
ℹ Preparing training set for HMSC...
ℹ Creation of Hmsc object without random effects...
✔ Created Hmsc object!

ℹ Started fitting at: 2026-08-05 12:15:26.61588
! Cannot display fitting progress when running chains in parallel.
! Set `allow_parallel` to `FALSE` to see progress.
ℹ Completed fitting at: 2026-08-05 12:15:46.018479
ℹ Time elapsed: 19.4
ℹ Saving model...
✔ Model saved!

ℹ 2. Convergence diagnostics...
ℹ *** [Parameter: Beta] ***
ℹ Computation of traceplots, can take some time...
ℹ Traceplots saved!
ℹ -> Effective size:
ℹ 55 (100%) are good, 0 (0%) are acceptable and 0 (0%) are bad.
ℹ -> Gelman-Rubin convergence diagnostic:
ℹ 55 (100%) are good, 0 (0%) are acceptable and 0 (0%) are bad.
ℹ -> Autocorrelation:
ℹ [Lag 20]:
ℹ 25 (45.45%) are good and 30 (54.55%) are bad.
ℹ [Lag 50]:
ℹ 44 (80%) are good and 11 (20%) are bad.

ℹ 3. Performance evaluation...
ℹ Computing training scores...
ℹ Computing testing scores...
ℹ Saving scores...
✔ Scores saved!

ℹ 4. Associations...
✔ Model ran without errors!

! ----- Running loop: 75/180 -----
ℹ - Random effect: none
ℹ - Strategy: none
ℹ - New samples: 0
ℹ - Train size: 50
ℹ - N variables: 6
ℹ - K-fold: 5

ℹ 0. Setting up path...

ℹ 1. Fitting model...
ℹ Preparing training set for HMSC...
ℹ Creation of Hmsc object without random effects...
✔ Created Hmsc object!

ℹ Started fitting at: 2026-08-05 12:16:32.939208
! Cannot display fitting progress when running chains in parallel.
! Set `allow_parallel` to `FALSE` to see progress.
ℹ Completed fitting at: 2026-08-05 12:16:53.405426
ℹ Time elapsed: 20.47
ℹ Saving model...
✔ Model saved!

ℹ 2. Convergence diagnostics...
ℹ *** [Parameter: Beta] ***
ℹ Computation of traceplots, can take some time...
ℹ Traceplots saved!
ℹ -> Effective size:
ℹ 55 (100%) are good, 0 (0%) are acceptable and 0 (0%) are bad.
ℹ -> Gelman-Rubin convergence diagnostic:
ℹ 55 (100%) are good, 0 (0%) are acceptable and 0 (0%) are bad.
ℹ -> Autocorrelation:
ℹ [Lag 20]:
ℹ 37 (67.27%) are good and 18 (32.73%) are bad.
ℹ [Lag 50]:
ℹ 48 (87.27%) are good and 7 (12.73%) are bad.

ℹ 3. Performance evaluation...
ℹ Computing training scores...
ℹ Computing testing scores...
ℹ Saving scores...
✔ Scores saved!

ℹ 4. Associations...
✔ Model ran without errors!

! ----- Running loop: 76/180 -----
ℹ - Random effect: none
ℹ - Strategy: none
ℹ - New samples: 0
ℹ - Train size: 75
ℹ - N variables: 6
ℹ - K-fold: 5

ℹ 0. Setting up path...

ℹ 1. Fitting model...
ℹ Preparing training set for HMSC...
ℹ Creation of Hmsc object without random effects...
✔ Created Hmsc object!

ℹ Started fitting at: 2026-08-05 12:17:40.195649
! Cannot display fitting progress when running chains in parallel.
! Set `allow_parallel` to `FALSE` to see progress.
ℹ Completed fitting at: 2026-08-05 12:18:02.014092
ℹ Time elapsed: 21.82
ℹ Saving model...
✔ Model saved!

ℹ 2. Convergence diagnostics...
ℹ *** [Parameter: Beta] ***
ℹ Computation of traceplots, can take some time...
ℹ Traceplots saved!
ℹ -> Effective size:
ℹ 55 (100%) are good, 0 (0%) are acceptable and 0 (0%) are bad.
ℹ -> Gelman-Rubin convergence diagnostic:
ℹ 55 (100%) are good, 0 (0%) are acceptable and 0 (0%) are bad.
ℹ -> Autocorrelation:
ℹ [Lag 20]:
ℹ 40 (72.73%) are good and 15 (27.27%) are bad.
ℹ [Lag 50]:
ℹ 46 (83.64%) are good and 9 (16.36%) are bad.

ℹ 3. Performance evaluation...
ℹ Computing training scores...
ℹ Computing testing scores...
ℹ Saving scores...
✔ Scores saved!

ℹ 4. Associations...
✔ Model ran without errors!

! ----- Running loop: 77/180 -----
ℹ - Random effect: none
ℹ - Strategy: none
ℹ - New samples: 0
ℹ - Train size: 100
ℹ - N variables: 6
ℹ - K-fold: 5

ℹ 0. Setting up path...

ℹ 1. Fitting model...
ℹ Preparing training set for HMSC...
ℹ Creation of Hmsc object without random effects...
✔ Created Hmsc object!

ℹ Started fitting at: 2026-08-05 12:18:53.636417
! Cannot display fitting progress when running chains in parallel.
! Set `allow_parallel` to `FALSE` to see progress.
ℹ Completed fitting at: 2026-08-05 12:19:14.629271
ℹ Time elapsed: 20.99
ℹ Saving model...
✔ Model saved!

ℹ 2. Convergence diagnostics...
ℹ *** [Parameter: Beta] ***
ℹ Computation of traceplots, can take some time...
ℹ Traceplots saved!
ℹ -> Effective size:
ℹ 55 (100%) are good, 0 (0%) are acceptable and 0 (0%) are bad.
ℹ -> Gelman-Rubin convergence diagnostic:
ℹ 55 (100%) are good, 0 (0%) are acceptable and 0 (0%) are bad.
ℹ -> Autocorrelation:
ℹ [Lag 20]:
ℹ 41 (74.55%) are good and 14 (25.45%) are bad.
ℹ [Lag 50]:
ℹ 49 (89.09%) are good and 6 (10.91%) are bad.

ℹ 3. Performance evaluation...
ℹ Computing training scores...
ℹ Computing testing scores...
ℹ Saving scores...
✔ Scores saved!

ℹ 4. Associations...
✔ Model ran without errors!

! ----- Running loop: 78/180 -----
ℹ - Random effect: none
ℹ - Strategy: none
ℹ - New samples: 0
ℹ - Train size: 125
ℹ - N variables: 6
ℹ - K-fold: 5

ℹ 0. Setting up path...

ℹ 1. Fitting model...
ℹ Preparing training set for HMSC...
ℹ Creation of Hmsc object without random effects...
✔ Created Hmsc object!

ℹ Started fitting at: 2026-08-05 12:20:02.436709
! Cannot display fitting progress when running chains in parallel.
! Set `allow_parallel` to `FALSE` to see progress.
ℹ Completed fitting at: 2026-08-05 12:20:24.484637
ℹ Time elapsed: 22.05
ℹ Saving model...
✔ Model saved!

ℹ 2. Convergence diagnostics...
ℹ *** [Parameter: Beta] ***
ℹ Computation of traceplots, can take some time...
ℹ Traceplots saved!
ℹ -> Effective size:
ℹ 55 (100%) are good, 0 (0%) are acceptable and 0 (0%) are bad.
ℹ -> Gelman-Rubin convergence diagnostic:
ℹ 55 (100%) are good, 0 (0%) are acceptable and 0 (0%) are bad.
ℹ -> Autocorrelation:
ℹ [Lag 20]:
ℹ 43 (78.18%) are good and 12 (21.82%) are bad.
ℹ [Lag 50]:
ℹ 50 (90.91%) are good and 5 (9.09%) are bad.

ℹ 3. Performance evaluation...
ℹ Computing training scores...
ℹ Computing testing scores...
ℹ Saving scores...
✔ Scores saved!

ℹ 4. Associations...
✔ Model ran without errors!

! ----- Running loop: 79/180 -----
ℹ - Random effect: none
ℹ - Strategy: none
ℹ - New samples: 0
ℹ - Train size: 125
ℹ - N variables: 3
ℹ - K-fold: 5

ℹ 0. Setting up path...

ℹ 1. Fitting model...
ℹ Preparing training set for HMSC...
ℹ Creation of Hmsc object without random effects...
✔ Created Hmsc object!

ℹ Started fitting at: 2026-08-05 12:21:15.895305
! Cannot display fitting progress when running chains in parallel.
! Set `allow_parallel` to `FALSE` to see progress.
ℹ Completed fitting at: 2026-08-05 12:21:36.34721
ℹ Time elapsed: 20.45
ℹ Saving model...
✔ Model saved!

ℹ 2. Convergence diagnostics...
ℹ *** [Parameter: Beta] ***
ℹ Computation of traceplots, can take some time...
ℹ Traceplots saved!
ℹ -> Effective size:
ℹ 38 (95%) are good, 2 (5%) are acceptable and 0 (0%) are bad.
ℹ -> Gelman-Rubin convergence diagnostic:
ℹ 40 (100%) are good, 0 (0%) are acceptable and 0 (0%) are bad.
ℹ -> Autocorrelation:
ℹ [Lag 20]:
ℹ 28 (70%) are good and 12 (30%) are bad.
ℹ [Lag 50]:
ℹ 36 (90%) are good and 4 (10%) are bad.

ℹ 3. Performance evaluation...
ℹ Computing training scores...
ℹ Computing testing scores...
ℹ Saving scores...
✔ Scores saved!

ℹ 4. Associations...
✔ Model ran without errors!

! ----- Running loop: 80/180 -----
ℹ - Random effect: none
ℹ - Strategy: none
ℹ - New samples: 0
ℹ - Train size: 125
ℹ - N variables: 2
ℹ - K-fold: 5

ℹ 0. Setting up path...

ℹ 1. Fitting model...
ℹ Preparing training set for HMSC...
ℹ Creation of Hmsc object without random effects...
✔ Created Hmsc object!

ℹ Started fitting at: 2026-08-05 12:22:22.149166
! Cannot display fitting progress when running chains in parallel.
! Set `allow_parallel` to `FALSE` to see progress.
ℹ Completed fitting at: 2026-08-05 12:22:41.930801
ℹ Time elapsed: 19.78
ℹ Saving model...
✔ Model saved!

ℹ 2. Convergence diagnostics...
ℹ *** [Parameter: Beta] ***
ℹ Computation of traceplots, can take some time...
ℹ Traceplots saved!
ℹ -> Effective size:
ℹ 35 (100%) are good, 0 (0%) are acceptable and 0 (0%) are bad.
ℹ -> Gelman-Rubin convergence diagnostic:
ℹ 35 (100%) are good, 0 (0%) are acceptable and 0 (0%) are bad.
ℹ -> Autocorrelation:
ℹ [Lag 20]:
ℹ 24 (68.57%) are good and 11 (31.43%) are bad.
ℹ [Lag 50]:
ℹ 35 (100%) are good and 0 (0%) are bad.

ℹ 3. Performance evaluation...
ℹ Computing training scores...
ℹ Computing testing scores...
ℹ Saving scores...
✔ Scores saved!

ℹ 4. Associations...
✔ Model ran without errors!

! ----- Running loop: 81/180 -----
ℹ - Random effect: units
ℹ - Strategy: none
ℹ - New samples: 0
ℹ - Train size: 125
ℹ - N variables: 6
ℹ - K-fold: 5

ℹ 0. Setting up path...

ℹ 1. Fitting model...
ℹ Preparing training set for HMSC...
ℹ Creation of Hmsc object with 'units' effect...
✔ Created Hmsc object!

ℹ Started fitting at: 2026-08-05 12:23:20.15358
! Cannot display fitting progress when running chains in parallel.
! Set `allow_parallel` to `FALSE` to see progress.
ℹ Completed fitting at: 2026-08-05 12:23:57.051112
ℹ Time elapsed: 36.9
ℹ Saving model...
✔ Model saved!

ℹ 2. Convergence diagnostics...
ℹ *** [Parameter: Beta] ***
ℹ Computation of traceplots, can take some time...
ℹ Traceplots saved!
ℹ -> Effective size:
ℹ 54 (98.18%) are good, 1 (1.82%) are acceptable and 0 (0%) are bad.
ℹ -> Gelman-Rubin convergence diagnostic:
ℹ 55 (100%) are good, 0 (0%) are acceptable and 0 (0%) are bad.
ℹ -> Autocorrelation:
ℹ [Lag 20]:
ℹ 43 (78.18%) are good and 12 (21.82%) are bad.
ℹ [Lag 50]:
ℹ 47 (85.45%) are good and 8 (14.55%) are bad.
ℹ *** [Parameter: Omega] ***
ℹ Computation of traceplots, can take some time...
ℹ Traceplots saved!
ℹ -> Effective size:
ℹ 23 (92%) are good, 2 (8%) are acceptable and 0 (0%) are bad.
ℹ -> Gelman-Rubin convergence diagnostic:
ℹ 21 (84%) are good, 2 (8%) are acceptable and 2 (8%) are bad.
ℹ -> Autocorrelation:
ℹ [Lag 20]:
ℹ 11 (44%) are good and 14 (56%) are bad.
ℹ [Lag 50]:
ℹ 17 (68%) are good and 8 (32%) are bad.

ℹ 3. Performance evaluation...
ℹ Computing training scores...
ℹ Computing testing scores...
ℹ Saving scores...
✔ Scores saved!

ℹ 4. Associations...
✔ Model ran without errors!

! ----- Running loop: 82/180 -----
ℹ - Random effect: none
ℹ - Strategy: none
ℹ - New samples: 50
ℹ - Train size: 125
ℹ - N variables: 6
ℹ - K-fold: 5

ℹ 0. Setting up path...

ℹ 1. Fitting model...
ℹ Preparing training set for HMSC...
ℹ Creation of Hmsc object without random effects...
✔ Created Hmsc object!

ℹ Started fitting at: 2026-08-05 12:25:07.224204
! Cannot display fitting progress when running chains in parallel.
! Set `allow_parallel` to `FALSE` to see progress.
ℹ Completed fitting at: 2026-08-05 12:25:28.622902
ℹ Time elapsed: 21.4
ℹ Saving model...
✔ Model saved!

ℹ 2. Convergence diagnostics...
ℹ *** [Parameter: Beta] ***
ℹ Computation of traceplots, can take some time...
ℹ Traceplots saved!
ℹ -> Effective size:
ℹ 54 (98.18%) are good, 1 (1.82%) are acceptable and 0 (0%) are bad.
ℹ -> Gelman-Rubin convergence diagnostic:
ℹ 55 (100%) are good, 0 (0%) are acceptable and 0 (0%) are bad.
ℹ -> Autocorrelation:
ℹ [Lag 20]:
ℹ 42 (76.36%) are good and 13 (23.64%) are bad.
ℹ [Lag 50]:
ℹ 47 (85.45%) are good and 8 (14.55%) are bad.

ℹ 3. Performance evaluation...
ℹ Computing training scores...
ℹ Computing testing scores...
ℹ Saving scores...
✔ Scores saved!

ℹ 4. Associations...
✔ Model ran without errors!

! ----- Running loop: 83/180 -----
ℹ - Random effect: none
ℹ - Strategy: business-as-usual
ℹ - New samples: 50
ℹ - Train size: 125
ℹ - N variables: 6
ℹ - K-fold: 5

ℹ 0. Setting up path...
ℹ Pulling 50 new random samples...

ℹ 1. Fitting model...
ℹ Preparing training set for HMSC...
ℹ Creation of Hmsc object without random effects...
✔ Created Hmsc object!

ℹ Started fitting at: 2026-08-05 12:26:18.295955
! Cannot display fitting progress when running chains in parallel.
! Set `allow_parallel` to `FALSE` to see progress.
ℹ Completed fitting at: 2026-08-05 12:26:39.36859
ℹ Time elapsed: 21.07
ℹ Saving model...
✔ Model saved!

ℹ 2. Convergence diagnostics...
ℹ *** [Parameter: Beta] ***
ℹ Computation of traceplots, can take some time...
ℹ Traceplots saved!
ℹ -> Effective size:
ℹ 54 (98.18%) are good, 1 (1.82%) are acceptable and 0 (0%) are bad.
ℹ -> Gelman-Rubin convergence diagnostic:
ℹ 55 (100%) are good, 0 (0%) are acceptable and 0 (0%) are bad.
ℹ -> Autocorrelation:
ℹ [Lag 20]:
ℹ 42 (76.36%) are good and 13 (23.64%) are bad.
ℹ [Lag 50]:
ℹ 46 (83.64%) are good and 9 (16.36%) are bad.

ℹ 3. Performance evaluation...
ℹ Computing training scores...
ℹ Computing testing scores...
ℹ Saving scores...
✔ Scores saved!

ℹ 4. Associations...
✔ Model ran without errors!

! ----- Running loop: 84/180 -----
ℹ - Random effect: none
ℹ - Strategy: gap-filling
ℹ - New samples: 50
ℹ - Train size: 125
ℹ - N variables: 6
ℹ - K-fold: 5

ℹ 0. Setting up path...
ℹ Searching for the most distant points...

ℹ 1. Fitting model...
ℹ Preparing training set for HMSC...
ℹ Creation of Hmsc object without random effects...
✔ Created Hmsc object!

ℹ Started fitting at: 2026-08-05 12:28:06.628593
! Cannot display fitting progress when running chains in parallel.
! Set `allow_parallel` to `FALSE` to see progress.
ℹ Completed fitting at: 2026-08-05 12:28:27.132288
ℹ Time elapsed: 20.5
ℹ Saving model...
✔ Model saved!

ℹ 2. Convergence diagnostics...
ℹ *** [Parameter: Beta] ***
ℹ Computation of traceplots, can take some time...
ℹ Traceplots saved!
ℹ -> Effective size:
ℹ 55 (100%) are good, 0 (0%) are acceptable and 0 (0%) are bad.
ℹ -> Gelman-Rubin convergence diagnostic:
ℹ 55 (100%) are good, 0 (0%) are acceptable and 0 (0%) are bad.
ℹ -> Autocorrelation:
ℹ [Lag 20]:
ℹ 44 (80%) are good and 11 (20%) are bad.
ℹ [Lag 50]:
ℹ 51 (92.73%) are good and 4 (7.27%) are bad.

ℹ 3. Performance evaluation...
ℹ Computing training scores...
ℹ Computing testing scores...
ℹ Saving scores...
✔ Scores saved!

ℹ 4. Associations...
✔ Model ran without errors!

! ----- Running loop: 85/180 -----
ℹ - Random effect: none
ℹ - Strategy: simplified-uncertainty
ℹ - New samples: 50
ℹ - Train size: 125
ℹ - N variables: 6
ℹ - K-fold: 5

ℹ 0. Setting up path...
! Running simplified-uncertainty...

ℹ 1. Fitting model...
ℹ Preparing training set for HMSC...
ℹ Creation of Hmsc object without random effects...
✔ Created Hmsc object!

ℹ Started fitting at: 2026-08-05 12:29:52.49526
! Cannot display fitting progress when running chains in parallel.
! Set `allow_parallel` to `FALSE` to see progress.
ℹ Completed fitting at: 2026-08-05 12:30:13.80764
ℹ Time elapsed: 21.31
ℹ Saving model...
✔ Model saved!

ℹ 2. Convergence diagnostics...
ℹ *** [Parameter: Beta] ***
ℹ Computation of traceplots, can take some time...
ℹ Traceplots saved!
ℹ -> Effective size:
ℹ 54 (98.18%) are good, 1 (1.82%) are acceptable and 0 (0%) are bad.
ℹ -> Gelman-Rubin convergence diagnostic:
ℹ 55 (100%) are good, 0 (0%) are acceptable and 0 (0%) are bad.
ℹ -> Autocorrelation:
ℹ [Lag 20]:
ℹ 42 (76.36%) are good and 13 (23.64%) are bad.
ℹ [Lag 50]:
ℹ 51 (92.73%) are good and 4 (7.27%) are bad.

ℹ 3. Performance evaluation...
ℹ Computing training scores...
ℹ Computing testing scores...
ℹ Saving scores...
✔ Scores saved!

ℹ 4. Associations...
✔ Model ran without errors!

! ----- Running loop: 86/180 -----
ℹ - Random effect: none
ℹ - Strategy: simplified-uncertainty
ℹ - New samples: 0
ℹ - Train size: 125
ℹ - N variables: 6
ℹ - K-fold: 5

ℹ 0. Setting up path...

ℹ 1. Fitting model...
ℹ Preparing training set for HMSC...
ℹ Creation of Hmsc object without random effects...
✔ Created Hmsc object!

ℹ Started fitting at: 2026-08-05 12:31:32.430608
! Cannot display fitting progress when running chains in parallel.
! Set `allow_parallel` to `FALSE` to see progress.
ℹ Completed fitting at: 2026-08-05 12:31:54.386921
ℹ Time elapsed: 21.96
ℹ Saving model...
✔ Model saved!

ℹ 2. Convergence diagnostics...
ℹ *** [Parameter: Beta] ***
ℹ Computation of traceplots, can take some time...
ℹ Traceplots saved!
ℹ -> Effective size:
ℹ 54 (98.18%) are good, 1 (1.82%) are acceptable and 0 (0%) are bad.
ℹ -> Gelman-Rubin convergence diagnostic:
ℹ 55 (100%) are good, 0 (0%) are acceptable and 0 (0%) are bad.
ℹ -> Autocorrelation:
ℹ [Lag 20]:
ℹ 43 (78.18%) are good and 12 (21.82%) are bad.
ℹ [Lag 50]:
ℹ 45 (81.82%) are good and 10 (18.18%) are bad.

ℹ 3. Performance evaluation...
ℹ Computing training scores...
ℹ Computing testing scores...
ℹ Saving scores...
✔ Scores saved!

ℹ 4. Associations...
✔ Model ran without errors!

! ----- Running loop: 87/180 -----
ℹ - Random effect: none
ℹ - Strategy: simplified-uncertainty
ℹ - New samples: 10
ℹ - Train size: 125
ℹ - N variables: 6
ℹ - K-fold: 5

ℹ 0. Setting up path...
! Running simplified-uncertainty...

ℹ 1. Fitting model...
ℹ Preparing training set for HMSC...
ℹ Creation of Hmsc object without random effects...
✔ Created Hmsc object!

ℹ Started fitting at: 2026-08-05 12:33:19.141027
! Cannot display fitting progress when running chains in parallel.
! Set `allow_parallel` to `FALSE` to see progress.
ℹ Completed fitting at: 2026-08-05 12:33:40.653918
ℹ Time elapsed: 21.51
ℹ Saving model...
✔ Model saved!

ℹ 2. Convergence diagnostics...
ℹ *** [Parameter: Beta] ***
ℹ Computation of traceplots, can take some time...
ℹ Traceplots saved!
ℹ -> Effective size:
ℹ 54 (98.18%) are good, 1 (1.82%) are acceptable and 0 (0%) are bad.
ℹ -> Gelman-Rubin convergence diagnostic:
ℹ 55 (100%) are good, 0 (0%) are acceptable and 0 (0%) are bad.
ℹ -> Autocorrelation:
ℹ [Lag 20]:
ℹ 43 (78.18%) are good and 12 (21.82%) are bad.
ℹ [Lag 50]:
ℹ 46 (83.64%) are good and 9 (16.36%) are bad.

ℹ 3. Performance evaluation...
ℹ Computing training scores...
ℹ Computing testing scores...
ℹ Saving scores...
✔ Scores saved!

ℹ 4. Associations...
✔ Model ran without errors!

! ----- Running loop: 88/180 -----
ℹ - Random effect: none
ℹ - Strategy: simplified-uncertainty
ℹ - New samples: 25
ℹ - Train size: 125
ℹ - N variables: 6
ℹ - K-fold: 5

ℹ 0. Setting up path...
! Running simplified-uncertainty...

ℹ 1. Fitting model...
ℹ Preparing training set for HMSC...
ℹ Creation of Hmsc object without random effects...
✔ Created Hmsc object!

ℹ Started fitting at: 2026-08-05 12:35:07.910452
! Cannot display fitting progress when running chains in parallel.
! Set `allow_parallel` to `FALSE` to see progress.
ℹ Completed fitting at: 2026-08-05 12:35:28.813215
ℹ Time elapsed: 20.9
ℹ Saving model...
✔ Model saved!

ℹ 2. Convergence diagnostics...
ℹ *** [Parameter: Beta] ***
ℹ Computation of traceplots, can take some time...
ℹ Traceplots saved!
ℹ -> Effective size:
ℹ 53 (96.36%) are good, 2 (3.64%) are acceptable and 0 (0%) are bad.
ℹ -> Gelman-Rubin convergence diagnostic:
ℹ 55 (100%) are good, 0 (0%) are acceptable and 0 (0%) are bad.
ℹ -> Autocorrelation:
ℹ [Lag 20]:
ℹ 43 (78.18%) are good and 12 (21.82%) are bad.
ℹ [Lag 50]:
ℹ 46 (83.64%) are good and 9 (16.36%) are bad.

ℹ 3. Performance evaluation...
ℹ Computing training scores...
ℹ Computing testing scores...
ℹ Saving scores...
✔ Scores saved!

ℹ 4. Associations...
✔ Model ran without errors!

! ----- Running loop: 89/180 -----
ℹ - Random effect: none
ℹ - Strategy: simplified-uncertainty
ℹ - New samples: 100
ℹ - Train size: 125
ℹ - N variables: 6
ℹ - K-fold: 5

ℹ 0. Setting up path...
! Running simplified-uncertainty...

ℹ 1. Fitting model...
ℹ Preparing training set for HMSC...
ℹ Creation of Hmsc object without random effects...
✔ Created Hmsc object!

ℹ Started fitting at: 2026-08-05 12:36:52.154783
! Cannot display fitting progress when running chains in parallel.
! Set `allow_parallel` to `FALSE` to see progress.
ℹ Completed fitting at: 2026-08-05 12:37:13.325955
ℹ Time elapsed: 21.17
ℹ Saving model...
✔ Model saved!

ℹ 2. Convergence diagnostics...
ℹ *** [Parameter: Beta] ***
ℹ Computation of traceplots, can take some time...
ℹ Traceplots saved!
ℹ -> Effective size:
ℹ 55 (100%) are good, 0 (0%) are acceptable and 0 (0%) are bad.
ℹ -> Gelman-Rubin convergence diagnostic:
ℹ 55 (100%) are good, 0 (0%) are acceptable and 0 (0%) are bad.
ℹ -> Autocorrelation:
ℹ [Lag 20]:
ℹ 44 (80%) are good and 11 (20%) are bad.
ℹ [Lag 50]:
ℹ 50 (90.91%) are good and 5 (9.09%) are bad.

ℹ 3. Performance evaluation...
ℹ Computing training scores...
ℹ Computing testing scores...
ℹ Saving scores...
✔ Scores saved!

ℹ 4. Associations...
✔ Model ran without errors!

! ----- Running loop: 90/180 -----
ℹ - Random effect: none
ℹ - Strategy: simplified-uncertainty
ℹ - New samples: 150
ℹ - Train size: 125
ℹ - N variables: 6
ℹ - K-fold: 5

ℹ 0. Setting up path...
! Running simplified-uncertainty...

ℹ 1. Fitting model...
ℹ Preparing training set for HMSC...
ℹ Creation of Hmsc object without random effects...
✔ Created Hmsc object!

ℹ Started fitting at: 2026-08-05 12:38:41.287438
! Cannot display fitting progress when running chains in parallel.
! Set `allow_parallel` to `FALSE` to see progress.
ℹ Completed fitting at: 2026-08-05 12:39:03.620055
ℹ Time elapsed: 22.33
ℹ Saving model...
✔ Model saved!

ℹ 2. Convergence diagnostics...
ℹ *** [Parameter: Beta] ***
ℹ Computation of traceplots, can take some time...
ℹ Traceplots saved!
ℹ -> Effective size:
ℹ 55 (100%) are good, 0 (0%) are acceptable and 0 (0%) are bad.
ℹ -> Gelman-Rubin convergence diagnostic:
ℹ 55 (100%) are good, 0 (0%) are acceptable and 0 (0%) are bad.
ℹ -> Autocorrelation:
ℹ [Lag 20]:
ℹ 45 (81.82%) are good and 10 (18.18%) are bad.
ℹ [Lag 50]:
ℹ 52 (94.55%) are good and 3 (5.45%) are bad.

ℹ 3. Performance evaluation...
ℹ Computing training scores...
ℹ Computing testing scores...
ℹ Saving scores...
✔ Scores saved!

ℹ 4. Associations...
✔ Model ran without errors!

! ----- Running loop: 91/180 -----
ℹ - Random effect: none
ℹ - Strategy: none
ℹ - New samples: 0
ℹ - Train size: 15
ℹ - N variables: 6
ℹ - K-fold: 6

ℹ 0. Setting up path...

ℹ 1. Fitting model...
ℹ Preparing training set for HMSC...
ℹ Creation of Hmsc object without random effects...
✔ Created Hmsc object!

ℹ Started fitting at: 2026-08-05 12:40:24.941699
! Cannot display fitting progress when running chains in parallel.
! Set `allow_parallel` to `FALSE` to see progress.
ℹ Completed fitting at: 2026-08-05 12:40:42.904052
ℹ Time elapsed: 17.96
ℹ Saving model...
✔ Model saved!

ℹ 2. Convergence diagnostics...
ℹ *** [Parameter: Beta] ***
ℹ Computation of traceplots, can take some time...
ℹ Traceplots saved!
ℹ -> Effective size:
ℹ 55 (100%) are good, 0 (0%) are acceptable and 0 (0%) are bad.
ℹ -> Gelman-Rubin convergence diagnostic:
ℹ 55 (100%) are good, 0 (0%) are acceptable and 0 (0%) are bad.
ℹ -> Autocorrelation:
ℹ [Lag 20]:
ℹ 24 (43.64%) are good and 31 (56.36%) are bad.
ℹ [Lag 50]:
ℹ 44 (80%) are good and 11 (20%) are bad.

ℹ 3. Performance evaluation...
ℹ Computing training scores...
ℹ Computing testing scores...
ℹ Saving scores...
✔ Scores saved!

ℹ 4. Associations...
✔ Model ran without errors!

! ----- Running loop: 92/180 -----
ℹ - Random effect: none
ℹ - Strategy: none
ℹ - New samples: 0
ℹ - Train size: 25
ℹ - N variables: 6
ℹ - K-fold: 6

ℹ 0. Setting up path...

ℹ 1. Fitting model...
ℹ Preparing training set for HMSC...
ℹ Creation of Hmsc object without random effects...
✔ Created Hmsc object!

ℹ Started fitting at: 2026-08-05 12:41:30.377206
! Cannot display fitting progress when running chains in parallel.
! Set `allow_parallel` to `FALSE` to see progress.
ℹ Completed fitting at: 2026-08-05 12:41:48.775797
ℹ Time elapsed: 18.4
ℹ Saving model...
✔ Model saved!

ℹ 2. Convergence diagnostics...
ℹ *** [Parameter: Beta] ***
ℹ Computation of traceplots, can take some time...
ℹ Traceplots saved!
ℹ -> Effective size:
ℹ 55 (100%) are good, 0 (0%) are acceptable and 0 (0%) are bad.
ℹ -> Gelman-Rubin convergence diagnostic:
ℹ 55 (100%) are good, 0 (0%) are acceptable and 0 (0%) are bad.
ℹ -> Autocorrelation:
ℹ [Lag 20]:
ℹ 20 (36.36%) are good and 35 (63.64%) are bad.
ℹ [Lag 50]:
ℹ 44 (80%) are good and 11 (20%) are bad.

ℹ 3. Performance evaluation...
ℹ Computing training scores...
ℹ Computing testing scores...
ℹ Saving scores...
✔ Scores saved!

ℹ 4. Associations...
✔ Model ran without errors!

! ----- Running loop: 93/180 -----
ℹ - Random effect: none
ℹ - Strategy: none
ℹ - New samples: 0
ℹ - Train size: 50
ℹ - N variables: 6
ℹ - K-fold: 6

ℹ 0. Setting up path...

ℹ 1. Fitting model...
ℹ Preparing training set for HMSC...
ℹ Creation of Hmsc object without random effects...
✔ Created Hmsc object!

ℹ Started fitting at: 2026-08-05 12:42:36.448679
! Cannot display fitting progress when running chains in parallel.
! Set `allow_parallel` to `FALSE` to see progress.
ℹ Completed fitting at: 2026-08-05 12:42:55.993466
ℹ Time elapsed: 19.54
ℹ Saving model...
✔ Model saved!

ℹ 2. Convergence diagnostics...
ℹ *** [Parameter: Beta] ***
ℹ Computation of traceplots, can take some time...
ℹ Traceplots saved!
ℹ -> Effective size:
ℹ 55 (100%) are good, 0 (0%) are acceptable and 0 (0%) are bad.
ℹ -> Gelman-Rubin convergence diagnostic:
ℹ 55 (100%) are good, 0 (0%) are acceptable and 0 (0%) are bad.
ℹ -> Autocorrelation:
ℹ [Lag 20]:
ℹ 43 (78.18%) are good and 12 (21.82%) are bad.
ℹ [Lag 50]:
ℹ 51 (92.73%) are good and 4 (7.27%) are bad.

ℹ 3. Performance evaluation...
ℹ Computing training scores...
ℹ Computing testing scores...
ℹ Saving scores...
✔ Scores saved!

ℹ 4. Associations...
✔ Model ran without errors!

! ----- Running loop: 94/180 -----
ℹ - Random effect: none
ℹ - Strategy: none
ℹ - New samples: 0
ℹ - Train size: 75
ℹ - N variables: 6
ℹ - K-fold: 6

ℹ 0. Setting up path...

ℹ 1. Fitting model...
ℹ Preparing training set for HMSC...
ℹ Creation of Hmsc object without random effects...
✔ Created Hmsc object!

ℹ Started fitting at: 2026-08-05 12:43:45.561827
! Cannot display fitting progress when running chains in parallel.
! Set `allow_parallel` to `FALSE` to see progress.
ℹ Completed fitting at: 2026-08-05 12:44:05.943946
ℹ Time elapsed: 20.38
ℹ Saving model...
✔ Model saved!

ℹ 2. Convergence diagnostics...
ℹ *** [Parameter: Beta] ***
ℹ Computation of traceplots, can take some time...
ℹ Traceplots saved!
ℹ -> Effective size:
ℹ 55 (100%) are good, 0 (0%) are acceptable and 0 (0%) are bad.
ℹ -> Gelman-Rubin convergence diagnostic:
ℹ 55 (100%) are good, 0 (0%) are acceptable and 0 (0%) are bad.
ℹ -> Autocorrelation:
ℹ [Lag 20]:
ℹ 44 (80%) are good and 11 (20%) are bad.
ℹ [Lag 50]:
ℹ 49 (89.09%) are good and 6 (10.91%) are bad.

ℹ 3. Performance evaluation...
ℹ Computing training scores...
ℹ Computing testing scores...
ℹ Saving scores...
✔ Scores saved!

ℹ 4. Associations...
✔ Model ran without errors!

! ----- Running loop: 95/180 -----
ℹ - Random effect: none
ℹ - Strategy: none
ℹ - New samples: 0
ℹ - Train size: 100
ℹ - N variables: 6
ℹ - K-fold: 6

ℹ 0. Setting up path...

ℹ 1. Fitting model...
ℹ Preparing training set for HMSC...
ℹ Creation of Hmsc object without random effects...
✔ Created Hmsc object!

ℹ Started fitting at: 2026-08-05 12:44:51.817977
! Cannot display fitting progress when running chains in parallel.
! Set `allow_parallel` to `FALSE` to see progress.
ℹ Completed fitting at: 2026-08-05 12:45:11.734758
ℹ Time elapsed: 19.92
ℹ Saving model...
✔ Model saved!

ℹ 2. Convergence diagnostics...
ℹ *** [Parameter: Beta] ***
ℹ Computation of traceplots, can take some time...
ℹ Traceplots saved!
ℹ -> Effective size:
ℹ 53 (96.36%) are good, 2 (3.64%) are acceptable and 0 (0%) are bad.
ℹ -> Gelman-Rubin convergence diagnostic:
ℹ 55 (100%) are good, 0 (0%) are acceptable and 0 (0%) are bad.
ℹ -> Autocorrelation:
ℹ [Lag 20]:
ℹ 44 (80%) are good and 11 (20%) are bad.
ℹ [Lag 50]:
ℹ 46 (83.64%) are good and 9 (16.36%) are bad.

ℹ 3. Performance evaluation...
ℹ Computing training scores...
ℹ Computing testing scores...
ℹ Saving scores...
✔ Scores saved!

ℹ 4. Associations...
✔ Model ran without errors!

! ----- Running loop: 96/180 -----
ℹ - Random effect: none
ℹ - Strategy: none
ℹ - New samples: 0
ℹ - Train size: 125
ℹ - N variables: 6
ℹ - K-fold: 6

ℹ 0. Setting up path...

ℹ 1. Fitting model...
ℹ Preparing training set for HMSC...
ℹ Creation of Hmsc object without random effects...
✔ Created Hmsc object!

ℹ Started fitting at: 2026-08-05 12:46:01.04467
! Cannot display fitting progress when running chains in parallel.
! Set `allow_parallel` to `FALSE` to see progress.
ℹ Completed fitting at: 2026-08-05 12:46:21.875768
ℹ Time elapsed: 20.83
ℹ Saving model...
✔ Model saved!

ℹ 2. Convergence diagnostics...
ℹ *** [Parameter: Beta] ***
ℹ Computation of traceplots, can take some time...
ℹ Traceplots saved!
ℹ -> Effective size:
ℹ 53 (96.36%) are good, 2 (3.64%) are acceptable and 0 (0%) are bad.
ℹ -> Gelman-Rubin convergence diagnostic:
ℹ 55 (100%) are good, 0 (0%) are acceptable and 0 (0%) are bad.
ℹ -> Autocorrelation:
ℹ [Lag 20]:
ℹ 44 (80%) are good and 11 (20%) are bad.
ℹ [Lag 50]:
ℹ 45 (81.82%) are good and 10 (18.18%) are bad.

ℹ 3. Performance evaluation...
ℹ Computing training scores...
ℹ Computing testing scores...
ℹ Saving scores...
✔ Scores saved!

ℹ 4. Associations...
✔ Model ran without errors!

! ----- Running loop: 97/180 -----
ℹ - Random effect: none
ℹ - Strategy: none
ℹ - New samples: 0
ℹ - Train size: 125
ℹ - N variables: 3
ℹ - K-fold: 6

ℹ 0. Setting up path...

ℹ 1. Fitting model...
ℹ Preparing training set for HMSC...
ℹ Creation of Hmsc object without random effects...
✔ Created Hmsc object!

ℹ Started fitting at: 2026-08-05 12:47:10.293676
! Cannot display fitting progress when running chains in parallel.
! Set `allow_parallel` to `FALSE` to see progress.
ℹ Completed fitting at: 2026-08-05 12:47:29.074582
ℹ Time elapsed: 18.78
ℹ Saving model...
✔ Model saved!

ℹ 2. Convergence diagnostics...
ℹ *** [Parameter: Beta] ***
ℹ Computation of traceplots, can take some time...
ℹ Traceplots saved!
ℹ -> Effective size:
ℹ 38 (95%) are good, 2 (5%) are acceptable and 0 (0%) are bad.
ℹ -> Gelman-Rubin convergence diagnostic:
ℹ 40 (100%) are good, 0 (0%) are acceptable and 0 (0%) are bad.
ℹ -> Autocorrelation:
ℹ [Lag 20]:
ℹ 28 (70%) are good and 12 (30%) are bad.
ℹ [Lag 50]:
ℹ 32 (80%) are good and 8 (20%) are bad.

ℹ 3. Performance evaluation...
ℹ Computing training scores...
ℹ Computing testing scores...
ℹ Saving scores...
✔ Scores saved!

ℹ 4. Associations...
✔ Model ran without errors!

! ----- Running loop: 98/180 -----
ℹ - Random effect: none
ℹ - Strategy: none
ℹ - New samples: 0
ℹ - Train size: 125
ℹ - N variables: 2
ℹ - K-fold: 6

ℹ 0. Setting up path...

ℹ 1. Fitting model...
ℹ Preparing training set for HMSC...
ℹ Creation of Hmsc object without random effects...
✔ Created Hmsc object!

ℹ Started fitting at: 2026-08-05 12:48:09.274781
! Cannot display fitting progress when running chains in parallel.
! Set `allow_parallel` to `FALSE` to see progress.
ℹ Completed fitting at: 2026-08-05 12:48:27.839132
ℹ Time elapsed: 18.56
ℹ Saving model...
✔ Model saved!

ℹ 2. Convergence diagnostics...
ℹ *** [Parameter: Beta] ***
ℹ Computation of traceplots, can take some time...
ℹ Traceplots saved!
ℹ -> Effective size:
ℹ 32 (91.43%) are good, 3 (8.57%) are acceptable and 0 (0%) are bad.
ℹ -> Gelman-Rubin convergence diagnostic:
ℹ 35 (100%) are good, 0 (0%) are acceptable and 0 (0%) are bad.
ℹ -> Autocorrelation:
ℹ [Lag 20]:
ℹ 24 (68.57%) are good and 11 (31.43%) are bad.
ℹ [Lag 50]:
ℹ 27 (77.14%) are good and 8 (22.86%) are bad.

ℹ 3. Performance evaluation...
ℹ Computing training scores...
ℹ Computing testing scores...
ℹ Saving scores...
✔ Scores saved!

ℹ 4. Associations...
✔ Model ran without errors!

! ----- Running loop: 99/180 -----
ℹ - Random effect: units
ℹ - Strategy: none
ℹ - New samples: 0
ℹ - Train size: 125
ℹ - N variables: 6
ℹ - K-fold: 6

ℹ 0. Setting up path...

ℹ 1. Fitting model...
ℹ Preparing training set for HMSC...
ℹ Creation of Hmsc object with 'units' effect...
✔ Created Hmsc object!

ℹ Started fitting at: 2026-08-05 12:49:07.920678
! Cannot display fitting progress when running chains in parallel.
! Set `allow_parallel` to `FALSE` to see progress.
ℹ Completed fitting at: 2026-08-05 12:49:45.624145
ℹ Time elapsed: 37.7
ℹ Saving model...
✔ Model saved!

ℹ 2. Convergence diagnostics...
ℹ *** [Parameter: Beta] ***
ℹ Computation of traceplots, can take some time...
ℹ Traceplots saved!
ℹ -> Effective size:
ℹ 52 (94.55%) are good, 3 (5.45%) are acceptable and 0 (0%) are bad.
ℹ -> Gelman-Rubin convergence diagnostic:
ℹ 51 (92.73%) are good, 3 (5.45%) are acceptable and 1 (1.82%) are bad.
ℹ -> Autocorrelation:
ℹ [Lag 20]:
ℹ 33 (60%) are good and 22 (40%) are bad.
ℹ [Lag 50]:
ℹ 41 (74.55%) are good and 14 (25.45%) are bad.
ℹ *** [Parameter: Omega] ***
ℹ Computation of traceplots, can take some time...
ℹ Traceplots saved!
ℹ -> Effective size:
ℹ 19 (76%) are good, 5 (20%) are acceptable and 1 (4%) are bad.
ℹ -> Gelman-Rubin convergence diagnostic:
ℹ 4 (16%) are good, 13 (52%) are acceptable and 8 (32%) are bad.
ℹ -> Autocorrelation:
ℹ [Lag 20]:
ℹ 8 (32%) are good and 17 (68%) are bad.
ℹ [Lag 50]:
ℹ 14 (56%) are good and 11 (44%) are bad.

ℹ 3. Performance evaluation...
ℹ Computing training scores...
ℹ Computing testing scores...
ℹ Saving scores...
✔ Scores saved!

ℹ 4. Associations...
✔ Model ran without errors!

! ----- Running loop: 100/180 -----
ℹ - Random effect: none
ℹ - Strategy: none
ℹ - New samples: 50
ℹ - Train size: 125
ℹ - N variables: 6
ℹ - K-fold: 6

ℹ 0. Setting up path...

ℹ 1. Fitting model...
ℹ Preparing training set for HMSC...
ℹ Creation of Hmsc object without random effects...
✔ Created Hmsc object!

ℹ Started fitting at: 2026-08-05 12:50:46.698879
! Cannot display fitting progress when running chains in parallel.
! Set `allow_parallel` to `FALSE` to see progress.
ℹ Completed fitting at: 2026-08-05 12:51:07.464376
ℹ Time elapsed: 20.77
ℹ Saving model...
✔ Model saved!

ℹ 2. Convergence diagnostics...
ℹ *** [Parameter: Beta] ***
ℹ Computation of traceplots, can take some time...
ℹ Traceplots saved!
ℹ -> Effective size:
ℹ 52 (94.55%) are good, 3 (5.45%) are acceptable and 0 (0%) are bad.
ℹ -> Gelman-Rubin convergence diagnostic:
ℹ 55 (100%) are good, 0 (0%) are acceptable and 0 (0%) are bad.
ℹ -> Autocorrelation:
ℹ [Lag 20]:
ℹ 43 (78.18%) are good and 12 (21.82%) are bad.
ℹ [Lag 50]:
ℹ 45 (81.82%) are good and 10 (18.18%) are bad.

ℹ 3. Performance evaluation...
ℹ Computing training scores...
ℹ Computing testing scores...
ℹ Saving scores...
✔ Scores saved!

ℹ 4. Associations...
✔ Model ran without errors!

! ----- Running loop: 101/180 -----
ℹ - Random effect: none
ℹ - Strategy: business-as-usual
ℹ - New samples: 50
ℹ - Train size: 125
ℹ - N variables: 6
ℹ - K-fold: 6

ℹ 0. Setting up path...
ℹ Pulling 50 new random samples...

ℹ 1. Fitting model...
ℹ Preparing training set for HMSC...
ℹ Creation of Hmsc object without random effects...
✔ Created Hmsc object!

ℹ Started fitting at: 2026-08-05 12:51:54.856845
! Cannot display fitting progress when running chains in parallel.
! Set `allow_parallel` to `FALSE` to see progress.
ℹ Completed fitting at: 2026-08-05 12:52:14.875886
ℹ Time elapsed: 20.02
ℹ Saving model...
✔ Model saved!

ℹ 2. Convergence diagnostics...
ℹ *** [Parameter: Beta] ***
ℹ Computation of traceplots, can take some time...
ℹ Traceplots saved!
ℹ -> Effective size:
ℹ 53 (96.36%) are good, 2 (3.64%) are acceptable and 0 (0%) are bad.
ℹ -> Gelman-Rubin convergence diagnostic:
ℹ 55 (100%) are good, 0 (0%) are acceptable and 0 (0%) are bad.
ℹ -> Autocorrelation:
ℹ [Lag 20]:
ℹ 43 (78.18%) are good and 12 (21.82%) are bad.
ℹ [Lag 50]:
ℹ 45 (81.82%) are good and 10 (18.18%) are bad.

ℹ 3. Performance evaluation...
ℹ Computing training scores...
ℹ Computing testing scores...
ℹ Saving scores...
✔ Scores saved!

ℹ 4. Associations...
✔ Model ran without errors!

! ----- Running loop: 102/180 -----
ℹ - Random effect: none
ℹ - Strategy: gap-filling
ℹ - New samples: 50
ℹ - Train size: 125
ℹ - N variables: 6
ℹ - K-fold: 6

ℹ 0. Setting up path...
ℹ Searching for the most distant points...

ℹ 1. Fitting model...
ℹ Preparing training set for HMSC...
ℹ Creation of Hmsc object without random effects...
✔ Created Hmsc object!

ℹ Started fitting at: 2026-08-05 12:53:40.734661
! Cannot display fitting progress when running chains in parallel.
! Set `allow_parallel` to `FALSE` to see progress.
ℹ Completed fitting at: 2026-08-05 12:54:00.79072
ℹ Time elapsed: 20.06
ℹ Saving model...
✔ Model saved!

ℹ 2. Convergence diagnostics...
ℹ *** [Parameter: Beta] ***
ℹ Computation of traceplots, can take some time...
ℹ Traceplots saved!
ℹ -> Effective size:
ℹ 52 (94.55%) are good, 3 (5.45%) are acceptable and 0 (0%) are bad.
ℹ -> Gelman-Rubin convergence diagnostic:
ℹ 51 (92.73%) are good, 3 (5.45%) are acceptable and 1 (1.82%) are bad.
ℹ -> Autocorrelation:
ℹ [Lag 20]:
ℹ 44 (80%) are good and 11 (20%) are bad.
ℹ [Lag 50]:
ℹ 44 (80%) are good and 11 (20%) are bad.

ℹ 3. Performance evaluation...
ℹ Computing training scores...
ℹ Computing testing scores...
ℹ Saving scores...
✔ Scores saved!

ℹ 4. Associations...
✔ Model ran without errors!

! ----- Running loop: 103/180 -----
ℹ - Random effect: none
ℹ - Strategy: simplified-uncertainty
ℹ - New samples: 50
ℹ - Train size: 125
ℹ - N variables: 6
ℹ - K-fold: 6

ℹ 0. Setting up path...
! Running simplified-uncertainty...

ℹ 1. Fitting model...
ℹ Preparing training set for HMSC...
ℹ Creation of Hmsc object without random effects...
✔ Created Hmsc object!

ℹ Started fitting at: 2026-08-05 12:55:23.284368
! Cannot display fitting progress when running chains in parallel.
! Set `allow_parallel` to `FALSE` to see progress.
ℹ Completed fitting at: 2026-08-05 12:55:43.4915
ℹ Time elapsed: 20.21
ℹ Saving model...
✔ Model saved!

ℹ 2. Convergence diagnostics...
ℹ *** [Parameter: Beta] ***
ℹ Computation of traceplots, can take some time...
ℹ Traceplots saved!
ℹ -> Effective size:
ℹ 52 (94.55%) are good, 3 (5.45%) are acceptable and 0 (0%) are bad.
ℹ -> Gelman-Rubin convergence diagnostic:
ℹ 55 (100%) are good, 0 (0%) are acceptable and 0 (0%) are bad.
ℹ -> Autocorrelation:
ℹ [Lag 20]:
ℹ 44 (80%) are good and 11 (20%) are bad.
ℹ [Lag 50]:
ℹ 44 (80%) are good and 11 (20%) are bad.

ℹ 3. Performance evaluation...
ℹ Computing training scores...
ℹ Computing testing scores...
ℹ Saving scores...
✔ Scores saved!

ℹ 4. Associations...
✔ Model ran without errors!

! ----- Running loop: 104/180 -----
ℹ - Random effect: none
ℹ - Strategy: simplified-uncertainty
ℹ - New samples: 0
ℹ - Train size: 125
ℹ - N variables: 6
ℹ - K-fold: 6

ℹ 0. Setting up path...

ℹ 1. Fitting model...
ℹ Preparing training set for HMSC...
ℹ Creation of Hmsc object without random effects...
✔ Created Hmsc object!

ℹ Started fitting at: 2026-08-05 12:57:03.026376
! Cannot display fitting progress when running chains in parallel.
! Set `allow_parallel` to `FALSE` to see progress.
ℹ Completed fitting at: 2026-08-05 12:57:23.920719
ℹ Time elapsed: 20.89
ℹ Saving model...
✔ Model saved!

ℹ 2. Convergence diagnostics...
ℹ *** [Parameter: Beta] ***
ℹ Computation of traceplots, can take some time...
ℹ Traceplots saved!
ℹ -> Effective size:
ℹ 54 (98.18%) are good, 1 (1.82%) are acceptable and 0 (0%) are bad.
ℹ -> Gelman-Rubin convergence diagnostic:
ℹ 54 (98.18%) are good, 1 (1.82%) are acceptable and 0 (0%) are bad.
ℹ -> Autocorrelation:
ℹ [Lag 20]:
ℹ 43 (78.18%) are good and 12 (21.82%) are bad.
ℹ [Lag 50]:
ℹ 45 (81.82%) are good and 10 (18.18%) are bad.

ℹ 3. Performance evaluation...
ℹ Computing training scores...
ℹ Computing testing scores...
ℹ Saving scores...
✔ Scores saved!

ℹ 4. Associations...
✔ Model ran without errors!

! ----- Running loop: 105/180 -----
ℹ - Random effect: none
ℹ - Strategy: simplified-uncertainty
ℹ - New samples: 10
ℹ - Train size: 125
ℹ - N variables: 6
ℹ - K-fold: 6

ℹ 0. Setting up path...
! Running simplified-uncertainty...

ℹ 1. Fitting model...
ℹ Preparing training set for HMSC...
ℹ Creation of Hmsc object without random effects...
✔ Created Hmsc object!

ℹ Started fitting at: 2026-08-05 12:58:47.925864
! Cannot display fitting progress when running chains in parallel.
! Set `allow_parallel` to `FALSE` to see progress.
ℹ Completed fitting at: 2026-08-05 12:59:09.135423
ℹ Time elapsed: 21.21
ℹ Saving model...
✔ Model saved!

ℹ 2. Convergence diagnostics...
ℹ *** [Parameter: Beta] ***
ℹ Computation of traceplots, can take some time...
ℹ Traceplots saved!
ℹ -> Effective size:
ℹ 54 (98.18%) are good, 1 (1.82%) are acceptable and 0 (0%) are bad.
ℹ -> Gelman-Rubin convergence diagnostic:
ℹ 52 (94.55%) are good, 3 (5.45%) are acceptable and 0 (0%) are bad.
ℹ -> Autocorrelation:
ℹ [Lag 20]:
ℹ 44 (80%) are good and 11 (20%) are bad.
ℹ [Lag 50]:
ℹ 46 (83.64%) are good and 9 (16.36%) are bad.

ℹ 3. Performance evaluation...
ℹ Computing training scores...
ℹ Computing testing scores...
ℹ Saving scores...
✔ Scores saved!

ℹ 4. Associations...
✔ Model ran without errors!

! ----- Running loop: 106/180 -----
ℹ - Random effect: none
ℹ - Strategy: simplified-uncertainty
ℹ - New samples: 25
ℹ - Train size: 125
ℹ - N variables: 6
ℹ - K-fold: 6

ℹ 0. Setting up path...
! Running simplified-uncertainty...

ℹ 1. Fitting model...
ℹ Preparing training set for HMSC...
ℹ Creation of Hmsc object without random effects...
✔ Created Hmsc object!

ℹ Started fitting at: 2026-08-05 13:00:30.893052
! Cannot display fitting progress when running chains in parallel.
! Set `allow_parallel` to `FALSE` to see progress.
ℹ Completed fitting at: 2026-08-05 13:00:51.73678
ℹ Time elapsed: 20.84
ℹ Saving model...
✔ Model saved!

ℹ 2. Convergence diagnostics...
ℹ *** [Parameter: Beta] ***
ℹ Computation of traceplots, can take some time...
ℹ Traceplots saved!
ℹ -> Effective size:
ℹ 54 (98.18%) are good, 1 (1.82%) are acceptable and 0 (0%) are bad.
ℹ -> Gelman-Rubin convergence diagnostic:
ℹ 53 (96.36%) are good, 2 (3.64%) are acceptable and 0 (0%) are bad.
ℹ -> Autocorrelation:
ℹ [Lag 20]:
ℹ 44 (80%) are good and 11 (20%) are bad.
ℹ [Lag 50]:
ℹ 45 (81.82%) are good and 10 (18.18%) are bad.

ℹ 3. Performance evaluation...
ℹ Computing training scores...
ℹ Computing testing scores...
ℹ Saving scores...
✔ Scores saved!

ℹ 4. Associations...
✔ Model ran without errors!

! ----- Running loop: 107/180 -----
ℹ - Random effect: none
ℹ - Strategy: simplified-uncertainty
ℹ - New samples: 100
ℹ - Train size: 125
ℹ - N variables: 6
ℹ - K-fold: 6

ℹ 0. Setting up path...
! Running simplified-uncertainty...

ℹ 1. Fitting model...
ℹ Preparing training set for HMSC...
ℹ Creation of Hmsc object without random effects...
✔ Created Hmsc object!

ℹ Started fitting at: 2026-08-05 13:02:16.319486
! Cannot display fitting progress when running chains in parallel.
! Set `allow_parallel` to `FALSE` to see progress.
ℹ Completed fitting at: 2026-08-05 13:02:37.494685
ℹ Time elapsed: 21.18
ℹ Saving model...
✔ Model saved!

ℹ 2. Convergence diagnostics...
ℹ *** [Parameter: Beta] ***
ℹ Computation of traceplots, can take some time...
ℹ Traceplots saved!
ℹ -> Effective size:
ℹ 53 (96.36%) are good, 2 (3.64%) are acceptable and 0 (0%) are bad.
ℹ -> Gelman-Rubin convergence diagnostic:
ℹ 54 (98.18%) are good, 0 (0%) are acceptable and 1 (1.82%) are bad.
ℹ -> Autocorrelation:
ℹ [Lag 20]:
ℹ 43 (78.18%) are good and 12 (21.82%) are bad.
ℹ [Lag 50]:
ℹ 44 (80%) are good and 11 (20%) are bad.

ℹ 3. Performance evaluation...
ℹ Computing training scores...
ℹ Computing testing scores...
ℹ Saving scores...
✔ Scores saved!

ℹ 4. Associations...
✔ Model ran without errors!

! ----- Running loop: 108/180 -----
ℹ - Random effect: none
ℹ - Strategy: simplified-uncertainty
ℹ - New samples: 150
ℹ - Train size: 125
ℹ - N variables: 6
ℹ - K-fold: 6

ℹ 0. Setting up path...
! Running simplified-uncertainty...

ℹ 1. Fitting model...
ℹ Preparing training set for HMSC...
ℹ Creation of Hmsc object without random effects...
✔ Created Hmsc object!

ℹ Started fitting at: 2026-08-05 13:04:00.991788
! Cannot display fitting progress when running chains in parallel.
! Set `allow_parallel` to `FALSE` to see progress.
ℹ Completed fitting at: 2026-08-05 13:04:23.163074
ℹ Time elapsed: 22.17
ℹ Saving model...
✔ Model saved!

ℹ 2. Convergence diagnostics...
ℹ *** [Parameter: Beta] ***
ℹ Computation of traceplots, can take some time...
ℹ Traceplots saved!
ℹ -> Effective size:
ℹ 53 (96.36%) are good, 2 (3.64%) are acceptable and 0 (0%) are bad.
ℹ -> Gelman-Rubin convergence diagnostic:
ℹ 54 (98.18%) are good, 1 (1.82%) are acceptable and 0 (0%) are bad.
ℹ -> Autocorrelation:
ℹ [Lag 20]:
ℹ 44 (80%) are good and 11 (20%) are bad.
ℹ [Lag 50]:
ℹ 52 (94.55%) are good and 3 (5.45%) are bad.

ℹ 3. Performance evaluation...
ℹ Computing training scores...
ℹ Computing testing scores...
ℹ Saving scores...
✔ Scores saved!

ℹ 4. Associations...
✔ Model ran without errors!

! ----- Running loop: 109/180 -----
ℹ - Random effect: none
ℹ - Strategy: none
ℹ - New samples: 0
ℹ - Train size: 15
ℹ - N variables: 6
ℹ - K-fold: 7

ℹ 0. Setting up path...

ℹ 1. Fitting model...
ℹ Preparing training set for HMSC...
ℹ Creation of Hmsc object without random effects...
✔ Created Hmsc object!

ℹ Started fitting at: 2026-08-05 13:05:42.651918
! Cannot display fitting progress when running chains in parallel.
! Set `allow_parallel` to `FALSE` to see progress.
ℹ Completed fitting at: 2026-08-05 13:06:01.004055
ℹ Time elapsed: 18.35
ℹ Saving model...
✔ Model saved!

ℹ 2. Convergence diagnostics...
ℹ *** [Parameter: Beta] ***
ℹ Computation of traceplots, can take some time...
ℹ Traceplots saved!
ℹ -> Effective size:
ℹ 40 (72.73%) are good, 15 (27.27%) are acceptable and 0 (0%) are bad.
ℹ -> Gelman-Rubin convergence diagnostic:
ℹ 53 (96.36%) are good, 1 (1.82%) are acceptable and 1 (1.82%) are bad.
ℹ -> Autocorrelation:
ℹ [Lag 20]:
ℹ 10 (18.18%) are good and 45 (81.82%) are bad.
ℹ [Lag 50]:
ℹ 12 (21.82%) are good and 43 (78.18%) are bad.

ℹ 3. Performance evaluation...
ℹ Computing training scores...
ℹ Computing testing scores...
ℹ Saving scores...
✔ Scores saved!

ℹ 4. Associations...
✔ Model ran without errors!

! ----- Running loop: 110/180 -----
ℹ - Random effect: none
ℹ - Strategy: none
ℹ - New samples: 0
ℹ - Train size: 25
ℹ - N variables: 6
ℹ - K-fold: 7

ℹ 0. Setting up path...

ℹ 1. Fitting model...
ℹ Preparing training set for HMSC...
ℹ Creation of Hmsc object without random effects...
✔ Created Hmsc object!

ℹ Started fitting at: 2026-08-05 13:06:46.368207
! Cannot display fitting progress when running chains in parallel.
! Set `allow_parallel` to `FALSE` to see progress.
ℹ Completed fitting at: 2026-08-05 13:07:04.761587
ℹ Time elapsed: 18.39
ℹ Saving model...
✔ Model saved!

ℹ 2. Convergence diagnostics...
ℹ *** [Parameter: Beta] ***
ℹ Computation of traceplots, can take some time...
ℹ Traceplots saved!
ℹ -> Effective size:
ℹ 36 (65.45%) are good, 19 (34.55%) are acceptable and 0 (0%) are bad.
ℹ -> Gelman-Rubin convergence diagnostic:
ℹ 50 (90.91%) are good, 4 (7.27%) are acceptable and 1 (1.82%) are bad.
ℹ -> Autocorrelation:
ℹ [Lag 20]:
ℹ 18 (32.73%) are good and 37 (67.27%) are bad.
ℹ [Lag 50]:
ℹ 22 (40%) are good and 33 (60%) are bad.

ℹ 3. Performance evaluation...
ℹ Computing training scores...
ℹ Computing testing scores...
ℹ Saving scores...
✔ Scores saved!

ℹ 4. Associations...
✔ Model ran without errors!

! ----- Running loop: 111/180 -----
ℹ - Random effect: none
ℹ - Strategy: none
ℹ - New samples: 0
ℹ - Train size: 50
ℹ - N variables: 6
ℹ - K-fold: 7

ℹ 0. Setting up path...

ℹ 1. Fitting model...
ℹ Preparing training set for HMSC...
ℹ Creation of Hmsc object without random effects...
✔ Created Hmsc object!

ℹ Started fitting at: 2026-08-05 13:07:54.11311
! Cannot display fitting progress when running chains in parallel.
! Set `allow_parallel` to `FALSE` to see progress.
ℹ Completed fitting at: 2026-08-05 13:08:13.850192
ℹ Time elapsed: 19.74
ℹ Saving model...
✔ Model saved!

ℹ 2. Convergence diagnostics...
ℹ *** [Parameter: Beta] ***
ℹ Computation of traceplots, can take some time...
ℹ Traceplots saved!
ℹ -> Effective size:
ℹ 55 (100%) are good, 0 (0%) are acceptable and 0 (0%) are bad.
ℹ -> Gelman-Rubin convergence diagnostic:
ℹ 55 (100%) are good, 0 (0%) are acceptable and 0 (0%) are bad.
ℹ -> Autocorrelation:
ℹ [Lag 20]:
ℹ 33 (60%) are good and 22 (40%) are bad.
ℹ [Lag 50]:
ℹ 48 (87.27%) are good and 7 (12.73%) are bad.

ℹ 3. Performance evaluation...
ℹ Computing training scores...
ℹ Computing testing scores...
ℹ Saving scores...
✔ Scores saved!

ℹ 4. Associations...
✔ Model ran without errors!

! ----- Running loop: 112/180 -----
ℹ - Random effect: none
ℹ - Strategy: none
ℹ - New samples: 0
ℹ - Train size: 75
ℹ - N variables: 6
ℹ - K-fold: 7

ℹ 0. Setting up path...

ℹ 1. Fitting model...
ℹ Preparing training set for HMSC...
ℹ Creation of Hmsc object without random effects...
✔ Created Hmsc object!

ℹ Started fitting at: 2026-08-05 13:09:02.764596
! Cannot display fitting progress when running chains in parallel.
! Set `allow_parallel` to `FALSE` to see progress.
ℹ Completed fitting at: 2026-08-05 13:09:22.981821
ℹ Time elapsed: 20.22
ℹ Saving model...
✔ Model saved!

ℹ 2. Convergence diagnostics...
ℹ *** [Parameter: Beta] ***
ℹ Computation of traceplots, can take some time...
ℹ Traceplots saved!
ℹ -> Effective size:
ℹ 55 (100%) are good, 0 (0%) are acceptable and 0 (0%) are bad.
ℹ -> Gelman-Rubin convergence diagnostic:
ℹ 55 (100%) are good, 0 (0%) are acceptable and 0 (0%) are bad.
ℹ -> Autocorrelation:
ℹ [Lag 20]:
ℹ 33 (60%) are good and 22 (40%) are bad.
ℹ [Lag 50]:
ℹ 42 (76.36%) are good and 13 (23.64%) are bad.

ℹ 3. Performance evaluation...
ℹ Computing training scores...
ℹ Computing testing scores...
ℹ Saving scores...
✔ Scores saved!

ℹ 4. Associations...
✔ Model ran without errors!

! ----- Running loop: 113/180 -----
ℹ - Random effect: none
ℹ - Strategy: none
ℹ - New samples: 0
ℹ - Train size: 100
ℹ - N variables: 6
ℹ - K-fold: 7

ℹ 0. Setting up path...

ℹ 1. Fitting model...
ℹ Preparing training set for HMSC...
ℹ Creation of Hmsc object without random effects...
✔ Created Hmsc object!

ℹ Started fitting at: 2026-08-05 13:10:08.939348
! Cannot display fitting progress when running chains in parallel.
! Set `allow_parallel` to `FALSE` to see progress.
ℹ Completed fitting at: 2026-08-05 13:10:28.290653
ℹ Time elapsed: 19.35
ℹ Saving model...
✔ Model saved!

ℹ 2. Convergence diagnostics...
ℹ *** [Parameter: Beta] ***
ℹ Computation of traceplots, can take some time...
ℹ Traceplots saved!
ℹ -> Effective size:
ℹ 54 (98.18%) are good, 1 (1.82%) are acceptable and 0 (0%) are bad.
ℹ -> Gelman-Rubin convergence diagnostic:
ℹ 53 (96.36%) are good, 2 (3.64%) are acceptable and 0 (0%) are bad.
ℹ -> Autocorrelation:
ℹ [Lag 20]:
ℹ 33 (60%) are good and 22 (40%) are bad.
ℹ [Lag 50]:
ℹ 42 (76.36%) are good and 13 (23.64%) are bad.

ℹ 3. Performance evaluation...
ℹ Computing training scores...
ℹ Computing testing scores...
ℹ Saving scores...
✔ Scores saved!

ℹ 4. Associations...
✔ Model ran without errors!

! ----- Running loop: 114/180 -----
ℹ - Random effect: none
ℹ - Strategy: none
ℹ - New samples: 0
ℹ - Train size: 125
ℹ - N variables: 6
ℹ - K-fold: 7

ℹ 0. Setting up path...

ℹ 1. Fitting model...
ℹ Preparing training set for HMSC...
ℹ Creation of Hmsc object without random effects...
✔ Created Hmsc object!

ℹ Started fitting at: 2026-08-05 13:11:18.366241
! Cannot display fitting progress when running chains in parallel.
! Set `allow_parallel` to `FALSE` to see progress.
ℹ Completed fitting at: 2026-08-05 13:11:38.765329
ℹ Time elapsed: 20.4
ℹ Saving model...
✔ Model saved!

ℹ 2. Convergence diagnostics...
ℹ *** [Parameter: Beta] ***
ℹ Computation of traceplots, can take some time...
ℹ Traceplots saved!
ℹ -> Effective size:
ℹ 55 (100%) are good, 0 (0%) are acceptable and 0 (0%) are bad.
ℹ -> Gelman-Rubin convergence diagnostic:
ℹ 55 (100%) are good, 0 (0%) are acceptable and 0 (0%) are bad.
ℹ -> Autocorrelation:
ℹ [Lag 20]:
ℹ 35 (63.64%) are good and 20 (36.36%) are bad.
ℹ [Lag 50]:
ℹ 44 (80%) are good and 11 (20%) are bad.

ℹ 3. Performance evaluation...
ℹ Computing training scores...
ℹ Computing testing scores...
ℹ Saving scores...
✔ Scores saved!

ℹ 4. Associations...
✔ Model ran without errors!

! ----- Running loop: 115/180 -----
ℹ - Random effect: none
ℹ - Strategy: none
ℹ - New samples: 0
ℹ - Train size: 125
ℹ - N variables: 3
ℹ - K-fold: 7

ℹ 0. Setting up path...

ℹ 1. Fitting model...
ℹ Preparing training set for HMSC...
ℹ Creation of Hmsc object without random effects...
✔ Created Hmsc object!

ℹ Started fitting at: 2026-08-05 13:12:27.03769
! Cannot display fitting progress when running chains in parallel.
! Set `allow_parallel` to `FALSE` to see progress.
ℹ Completed fitting at: 2026-08-05 13:12:46.315901
ℹ Time elapsed: 19.28
ℹ Saving model...
✔ Model saved!

ℹ 2. Convergence diagnostics...
ℹ *** [Parameter: Beta] ***
ℹ Computation of traceplots, can take some time...
ℹ Traceplots saved!
ℹ -> Effective size:
ℹ 39 (97.5%) are good, 1 (2.5%) are acceptable and 0 (0%) are bad.
ℹ -> Gelman-Rubin convergence diagnostic:
ℹ 40 (100%) are good, 0 (0%) are acceptable and 0 (0%) are bad.
ℹ -> Autocorrelation:
ℹ [Lag 20]:
ℹ 23 (57.5%) are good and 17 (42.5%) are bad.
ℹ [Lag 50]:
ℹ 33 (82.5%) are good and 7 (17.5%) are bad.

ℹ 3. Performance evaluation...
ℹ Computing training scores...
ℹ Computing testing scores...
ℹ Saving scores...
✔ Scores saved!

ℹ 4. Associations...
✔ Model ran without errors!

! ----- Running loop: 116/180 -----
ℹ - Random effect: none
ℹ - Strategy: none
ℹ - New samples: 0
ℹ - Train size: 125
ℹ - N variables: 2
ℹ - K-fold: 7

ℹ 0. Setting up path...

ℹ 1. Fitting model...
ℹ Preparing training set for HMSC...
ℹ Creation of Hmsc object without random effects...
✔ Created Hmsc object!

ℹ Started fitting at: 2026-08-05 13:13:26.238627
! Cannot display fitting progress when running chains in parallel.
! Set `allow_parallel` to `FALSE` to see progress.
ℹ Completed fitting at: 2026-08-05 13:13:44.954357
ℹ Time elapsed: 18.72
ℹ Saving model...
✔ Model saved!

ℹ 2. Convergence diagnostics...
ℹ *** [Parameter: Beta] ***
ℹ Computation of traceplots, can take some time...
ℹ Traceplots saved!
ℹ -> Effective size:
ℹ 35 (100%) are good, 0 (0%) are acceptable and 0 (0%) are bad.
ℹ -> Gelman-Rubin convergence diagnostic:
ℹ 35 (100%) are good, 0 (0%) are acceptable and 0 (0%) are bad.
ℹ -> Autocorrelation:
ℹ [Lag 20]:
ℹ 19 (54.29%) are good and 16 (45.71%) are bad.
ℹ [Lag 50]:
ℹ 29 (82.86%) are good and 6 (17.14%) are bad.

ℹ 3. Performance evaluation...
ℹ Computing training scores...
ℹ Computing testing scores...
ℹ Saving scores...
✔ Scores saved!

ℹ 4. Associations...
✔ Model ran without errors!

! ----- Running loop: 117/180 -----
ℹ - Random effect: units
ℹ - Strategy: none
ℹ - New samples: 0
ℹ - Train size: 125
ℹ - N variables: 6
ℹ - K-fold: 7

ℹ 0. Setting up path...

ℹ 1. Fitting model...
ℹ Preparing training set for HMSC...
ℹ Creation of Hmsc object with 'units' effect...
✔ Created Hmsc object!

ℹ Started fitting at: 2026-08-05 13:14:24.602861
! Cannot display fitting progress when running chains in parallel.
! Set `allow_parallel` to `FALSE` to see progress.
ℹ Completed fitting at: 2026-08-05 13:15:00.76281
ℹ Time elapsed: 36.16
ℹ Saving model...
✔ Model saved!

ℹ 2. Convergence diagnostics...
ℹ *** [Parameter: Beta] ***
ℹ Computation of traceplots, can take some time...
ℹ Traceplots saved!
ℹ -> Effective size:
ℹ 54 (98.18%) are good, 1 (1.82%) are acceptable and 0 (0%) are bad.
ℹ -> Gelman-Rubin convergence diagnostic:
ℹ 55 (100%) are good, 0 (0%) are acceptable and 0 (0%) are bad.
ℹ -> Autocorrelation:
ℹ [Lag 20]:
ℹ 16 (29.09%) are good and 39 (70.91%) are bad.
ℹ [Lag 50]:
ℹ 39 (70.91%) are good and 16 (29.09%) are bad.
ℹ *** [Parameter: Omega] ***
ℹ Computation of traceplots, can take some time...
ℹ Traceplots saved!
ℹ -> Effective size:
ℹ 21 (84%) are good, 2 (8%) are acceptable and 2 (8%) are bad.
ℹ -> Gelman-Rubin convergence diagnostic:
ℹ 20 (80%) are good, 1 (4%) are acceptable and 4 (16%) are bad.
ℹ -> Autocorrelation:
ℹ [Lag 20]:
ℹ 11 (44%) are good and 14 (56%) are bad.
ℹ [Lag 50]:
ℹ 15 (60%) are good and 10 (40%) are bad.

ℹ 3. Performance evaluation...
ℹ Computing training scores...
ℹ Computing testing scores...
ℹ Saving scores...
✔ Scores saved!

ℹ 4. Associations...
✔ Model ran without errors!

! ----- Running loop: 118/180 -----
ℹ - Random effect: none
ℹ - Strategy: none
ℹ - New samples: 50
ℹ - Train size: 125
ℹ - N variables: 6
ℹ - K-fold: 7

ℹ 0. Setting up path...

ℹ 1. Fitting model...
ℹ Preparing training set for HMSC...
ℹ Creation of Hmsc object without random effects...
✔ Created Hmsc object!

ℹ Started fitting at: 2026-08-05 13:16:05.244792
! Cannot display fitting progress when running chains in parallel.
! Set `allow_parallel` to `FALSE` to see progress.
ℹ Completed fitting at: 2026-08-05 13:16:25.98731
ℹ Time elapsed: 20.74
ℹ Saving model...
✔ Model saved!

ℹ 2. Convergence diagnostics...
ℹ *** [Parameter: Beta] ***
ℹ Computation of traceplots, can take some time...
ℹ Traceplots saved!
ℹ -> Effective size:
ℹ 55 (100%) are good, 0 (0%) are acceptable and 0 (0%) are bad.
ℹ -> Gelman-Rubin convergence diagnostic:
ℹ 55 (100%) are good, 0 (0%) are acceptable and 0 (0%) are bad.
ℹ -> Autocorrelation:
ℹ [Lag 20]:
ℹ 37 (67.27%) are good and 18 (32.73%) are bad.
ℹ [Lag 50]:
ℹ 49 (89.09%) are good and 6 (10.91%) are bad.

ℹ 3. Performance evaluation...
ℹ Computing training scores...
ℹ Computing testing scores...
ℹ Saving scores...
✔ Scores saved!

ℹ 4. Associations...
✔ Model ran without errors!

! ----- Running loop: 119/180 -----
ℹ - Random effect: none
ℹ - Strategy: business-as-usual
ℹ - New samples: 50
ℹ - Train size: 125
ℹ - N variables: 6
ℹ - K-fold: 7

ℹ 0. Setting up path...
ℹ Pulling 50 new random samples...

ℹ 1. Fitting model...
ℹ Preparing training set for HMSC...
ℹ Creation of Hmsc object without random effects...
✔ Created Hmsc object!

ℹ Started fitting at: 2026-08-05 13:17:12.159541
! Cannot display fitting progress when running chains in parallel.
! Set `allow_parallel` to `FALSE` to see progress.
ℹ Completed fitting at: 2026-08-05 13:17:32.380464
ℹ Time elapsed: 20.22
ℹ Saving model...
✔ Model saved!

ℹ 2. Convergence diagnostics...
ℹ *** [Parameter: Beta] ***
ℹ Computation of traceplots, can take some time...
ℹ Traceplots saved!
ℹ -> Effective size:
ℹ 54 (98.18%) are good, 1 (1.82%) are acceptable and 0 (0%) are bad.
ℹ -> Gelman-Rubin convergence diagnostic:
ℹ 55 (100%) are good, 0 (0%) are acceptable and 0 (0%) are bad.
ℹ -> Autocorrelation:
ℹ [Lag 20]:
ℹ 37 (67.27%) are good and 18 (32.73%) are bad.
ℹ [Lag 50]:
ℹ 45 (81.82%) are good and 10 (18.18%) are bad.

ℹ 3. Performance evaluation...
ℹ Computing training scores...
ℹ Computing testing scores...
ℹ Saving scores...
✔ Scores saved!

ℹ 4. Associations...
✔ Model ran without errors!

! ----- Running loop: 120/180 -----
ℹ - Random effect: none
ℹ - Strategy: gap-filling
ℹ - New samples: 50
ℹ - Train size: 125
ℹ - N variables: 6
ℹ - K-fold: 7

ℹ 0. Setting up path...
ℹ Searching for the most distant points...

ℹ 1. Fitting model...
ℹ Preparing training set for HMSC...
ℹ Creation of Hmsc object without random effects...
✔ Created Hmsc object!

ℹ Started fitting at: 2026-08-05 13:18:59.996627
! Cannot display fitting progress when running chains in parallel.
! Set `allow_parallel` to `FALSE` to see progress.
ℹ Completed fitting at: 2026-08-05 13:19:20.171054
ℹ Time elapsed: 20.17
ℹ Saving model...
✔ Model saved!

ℹ 2. Convergence diagnostics...
ℹ *** [Parameter: Beta] ***
ℹ Computation of traceplots, can take some time...
ℹ Traceplots saved!
ℹ -> Effective size:
ℹ 54 (98.18%) are good, 1 (1.82%) are acceptable and 0 (0%) are bad.
ℹ -> Gelman-Rubin convergence diagnostic:
ℹ 55 (100%) are good, 0 (0%) are acceptable and 0 (0%) are bad.
ℹ -> Autocorrelation:
ℹ [Lag 20]:
ℹ 37 (67.27%) are good and 18 (32.73%) are bad.
ℹ [Lag 50]:
ℹ 49 (89.09%) are good and 6 (10.91%) are bad.

ℹ 3. Performance evaluation...
ℹ Computing training scores...
ℹ Computing testing scores...
ℹ Saving scores...
✔ Scores saved!

ℹ 4. Associations...
✔ Model ran without errors!

! ----- Running loop: 121/180 -----
ℹ - Random effect: none
ℹ - Strategy: simplified-uncertainty
ℹ - New samples: 50
ℹ - Train size: 125
ℹ - N variables: 6
ℹ - K-fold: 7

ℹ 0. Setting up path...
! Running simplified-uncertainty...

ℹ 1. Fitting model...
ℹ Preparing training set for HMSC...
ℹ Creation of Hmsc object without random effects...
✔ Created Hmsc object!

ℹ Started fitting at: 2026-08-05 13:20:46.920114
! Cannot display fitting progress when running chains in parallel.
! Set `allow_parallel` to `FALSE` to see progress.
ℹ Completed fitting at: 2026-08-05 13:21:07.069321
ℹ Time elapsed: 20.15
ℹ Saving model...
✔ Model saved!

ℹ 2. Convergence diagnostics...
ℹ *** [Parameter: Beta] ***
ℹ Computation of traceplots, can take some time...
ℹ Traceplots saved!
ℹ -> Effective size:
ℹ 53 (96.36%) are good, 2 (3.64%) are acceptable and 0 (0%) are bad.
ℹ -> Gelman-Rubin convergence diagnostic:
ℹ 55 (100%) are good, 0 (0%) are acceptable and 0 (0%) are bad.
ℹ -> Autocorrelation:
ℹ [Lag 20]:
ℹ 38 (69.09%) are good and 17 (30.91%) are bad.
ℹ [Lag 50]:
ℹ 41 (74.55%) are good and 14 (25.45%) are bad.

ℹ 3. Performance evaluation...
ℹ Computing training scores...
ℹ Computing testing scores...
ℹ Saving scores...
✔ Scores saved!

ℹ 4. Associations...
✔ Model ran without errors!

! ----- Running loop: 122/180 -----
ℹ - Random effect: none
ℹ - Strategy: simplified-uncertainty
ℹ - New samples: 0
ℹ - Train size: 125
ℹ - N variables: 6
ℹ - K-fold: 7

ℹ 0. Setting up path...

ℹ 1. Fitting model...
ℹ Preparing training set for HMSC...
ℹ Creation of Hmsc object without random effects...
✔ Created Hmsc object!

ℹ Started fitting at: 2026-08-05 13:22:26.666914
! Cannot display fitting progress when running chains in parallel.
! Set `allow_parallel` to `FALSE` to see progress.
ℹ Completed fitting at: 2026-08-05 13:22:47.315232
ℹ Time elapsed: 20.65
ℹ Saving model...
✔ Model saved!

ℹ 2. Convergence diagnostics...
ℹ *** [Parameter: Beta] ***
ℹ Computation of traceplots, can take some time...
ℹ Traceplots saved!
ℹ -> Effective size:
ℹ 54 (98.18%) are good, 1 (1.82%) are acceptable and 0 (0%) are bad.
ℹ -> Gelman-Rubin convergence diagnostic:
ℹ 55 (100%) are good, 0 (0%) are acceptable and 0 (0%) are bad.
ℹ -> Autocorrelation:
ℹ [Lag 20]:
ℹ 36 (65.45%) are good and 19 (34.55%) are bad.
ℹ [Lag 50]:
ℹ 47 (85.45%) are good and 8 (14.55%) are bad.

ℹ 3. Performance evaluation...
ℹ Computing training scores...
ℹ Computing testing scores...
ℹ Saving scores...
✔ Scores saved!

ℹ 4. Associations...
✔ Model ran without errors!

! ----- Running loop: 123/180 -----
ℹ - Random effect: none
ℹ - Strategy: simplified-uncertainty
ℹ - New samples: 10
ℹ - Train size: 125
ℹ - N variables: 6
ℹ - K-fold: 7

ℹ 0. Setting up path...
! Running simplified-uncertainty...

ℹ 1. Fitting model...
ℹ Preparing training set for HMSC...
ℹ Creation of Hmsc object without random effects...
✔ Created Hmsc object!

ℹ Started fitting at: 2026-08-05 13:24:15.289654
! Cannot display fitting progress when running chains in parallel.
! Set `allow_parallel` to `FALSE` to see progress.
ℹ Completed fitting at: 2026-08-05 13:24:36.42099
ℹ Time elapsed: 21.13
ℹ Saving model...
✔ Model saved!

ℹ 2. Convergence diagnostics...
ℹ *** [Parameter: Beta] ***
ℹ Computation of traceplots, can take some time...
ℹ Traceplots saved!
ℹ -> Effective size:
ℹ 52 (94.55%) are good, 3 (5.45%) are acceptable and 0 (0%) are bad.
ℹ -> Gelman-Rubin convergence diagnostic:
ℹ 53 (96.36%) are good, 2 (3.64%) are acceptable and 0 (0%) are bad.
ℹ -> Autocorrelation:
ℹ [Lag 20]:
ℹ 36 (65.45%) are good and 19 (34.55%) are bad.
ℹ [Lag 50]:
ℹ 42 (76.36%) are good and 13 (23.64%) are bad.

ℹ 3. Performance evaluation...
ℹ Computing training scores...
ℹ Computing testing scores...
ℹ Saving scores...
✔ Scores saved!

ℹ 4. Associations...
✔ Model ran without errors!

! ----- Running loop: 124/180 -----
ℹ - Random effect: none
ℹ - Strategy: simplified-uncertainty
ℹ - New samples: 25
ℹ - Train size: 125
ℹ - N variables: 6
ℹ - K-fold: 7

ℹ 0. Setting up path...
! Running simplified-uncertainty...

ℹ 1. Fitting model...
ℹ Preparing training set for HMSC...
ℹ Creation of Hmsc object without random effects...
✔ Created Hmsc object!

ℹ Started fitting at: 2026-08-05 13:26:03.430044
! Cannot display fitting progress when running chains in parallel.
! Set `allow_parallel` to `FALSE` to see progress.
ℹ Completed fitting at: 2026-08-05 13:26:23.839894
ℹ Time elapsed: 20.41
ℹ Saving model...
✔ Model saved!

ℹ 2. Convergence diagnostics...
ℹ *** [Parameter: Beta] ***
ℹ Computation of traceplots, can take some time...
ℹ Traceplots saved!
ℹ -> Effective size:
ℹ 51 (92.73%) are good, 4 (7.27%) are acceptable and 0 (0%) are bad.
ℹ -> Gelman-Rubin convergence diagnostic:
ℹ 54 (98.18%) are good, 1 (1.82%) are acceptable and 0 (0%) are bad.
ℹ -> Autocorrelation:
ℹ [Lag 20]:
ℹ 38 (69.09%) are good and 17 (30.91%) are bad.
ℹ [Lag 50]:
ℹ 41 (74.55%) are good and 14 (25.45%) are bad.

ℹ 3. Performance evaluation...
ℹ Computing training scores...
ℹ Computing testing scores...
ℹ Saving scores...
✔ Scores saved!

ℹ 4. Associations...
✔ Model ran without errors!

! ----- Running loop: 125/180 -----
ℹ - Random effect: none
ℹ - Strategy: simplified-uncertainty
ℹ - New samples: 100
ℹ - Train size: 125
ℹ - N variables: 6
ℹ - K-fold: 7

ℹ 0. Setting up path...
! Running simplified-uncertainty...

ℹ 1. Fitting model...
ℹ Preparing training set for HMSC...
ℹ Creation of Hmsc object without random effects...
✔ Created Hmsc object!

ℹ Started fitting at: 2026-08-05 13:27:50.736973
! Cannot display fitting progress when running chains in parallel.
! Set `allow_parallel` to `FALSE` to see progress.
ℹ Completed fitting at: 2026-08-05 13:28:12.367226
ℹ Time elapsed: 21.63
ℹ Saving model...
✔ Model saved!

ℹ 2. Convergence diagnostics...
ℹ *** [Parameter: Beta] ***
ℹ Computation of traceplots, can take some time...
ℹ Traceplots saved!
ℹ -> Effective size:
ℹ 54 (98.18%) are good, 1 (1.82%) are acceptable and 0 (0%) are bad.
ℹ -> Gelman-Rubin convergence diagnostic:
ℹ 55 (100%) are good, 0 (0%) are acceptable and 0 (0%) are bad.
ℹ -> Autocorrelation:
ℹ [Lag 20]:
ℹ 41 (74.55%) are good and 14 (25.45%) are bad.
ℹ [Lag 50]:
ℹ 50 (90.91%) are good and 5 (9.09%) are bad.

ℹ 3. Performance evaluation...
ℹ Computing training scores...
ℹ Computing testing scores...
ℹ Saving scores...
✔ Scores saved!

ℹ 4. Associations...
✔ Model ran without errors!

! ----- Running loop: 126/180 -----
ℹ - Random effect: none
ℹ - Strategy: simplified-uncertainty
ℹ - New samples: 150
ℹ - Train size: 125
ℹ - N variables: 6
ℹ - K-fold: 7

ℹ 0. Setting up path...
! Running simplified-uncertainty...

ℹ 1. Fitting model...
ℹ Preparing training set for HMSC...
ℹ Creation of Hmsc object without random effects...
✔ Created Hmsc object!

ℹ Started fitting at: 2026-08-05 13:29:37.216686
! Cannot display fitting progress when running chains in parallel.
! Set `allow_parallel` to `FALSE` to see progress.
ℹ Completed fitting at: 2026-08-05 13:29:59.230253
ℹ Time elapsed: 22.01
ℹ Saving model...
✔ Model saved!

ℹ 2. Convergence diagnostics...
ℹ *** [Parameter: Beta] ***
ℹ Computation of traceplots, can take some time...
ℹ Traceplots saved!
ℹ -> Effective size:
ℹ 51 (92.73%) are good, 4 (7.27%) are acceptable and 0 (0%) are bad.
ℹ -> Gelman-Rubin convergence diagnostic:
ℹ 53 (96.36%) are good, 1 (1.82%) are acceptable and 1 (1.82%) are bad.
ℹ -> Autocorrelation:
ℹ [Lag 20]:
ℹ 42 (76.36%) are good and 13 (23.64%) are bad.
ℹ [Lag 50]:
ℹ 43 (78.18%) are good and 12 (21.82%) are bad.

ℹ 3. Performance evaluation...
ℹ Computing training scores...
ℹ Computing testing scores...
ℹ Saving scores...
✔ Scores saved!

ℹ 4. Associations...
✔ Model ran without errors!

! ----- Running loop: 127/180 -----
ℹ - Random effect: none
ℹ - Strategy: none
ℹ - New samples: 0
ℹ - Train size: 15
ℹ - N variables: 6
ℹ - K-fold: 8

ℹ 0. Setting up path...

ℹ 1. Fitting model...
ℹ Preparing training set for HMSC...
ℹ Creation of Hmsc object without random effects...
✔ Created Hmsc object!

ℹ Started fitting at: 2026-08-05 13:31:23.429418
! Cannot display fitting progress when running chains in parallel.
! Set `allow_parallel` to `FALSE` to see progress.
ℹ Completed fitting at: 2026-08-05 13:31:41.886265
ℹ Time elapsed: 18.46
ℹ Saving model...
✔ Model saved!

ℹ 2. Convergence diagnostics...
ℹ *** [Parameter: Beta] ***
ℹ Computation of traceplots, can take some time...
ℹ Traceplots saved!
ℹ -> Effective size:
ℹ 42 (76.36%) are good, 13 (23.64%) are acceptable and 0 (0%) are bad.
ℹ -> Gelman-Rubin convergence diagnostic:
ℹ 35 (63.64%) are good, 6 (10.91%) are acceptable and 14 (25.45%) are bad.
ℹ -> Autocorrelation:
ℹ [Lag 20]:
ℹ 0 (0%) are good and 55 (100%) are bad.
ℹ [Lag 50]:
ℹ 4 (7.27%) are good and 51 (92.73%) are bad.

ℹ 3. Performance evaluation...
ℹ Computing training scores...
ℹ Computing testing scores...
ℹ Saving scores...
✔ Scores saved!

ℹ 4. Associations...
✔ Model ran without errors!

! ----- Running loop: 128/180 -----
ℹ - Random effect: none
ℹ - Strategy: none
ℹ - New samples: 0
ℹ - Train size: 25
ℹ - N variables: 6
ℹ - K-fold: 8

ℹ 0. Setting up path...

ℹ 1. Fitting model...
ℹ Preparing training set for HMSC...
ℹ Creation of Hmsc object without random effects...
✔ Created Hmsc object!

ℹ Started fitting at: 2026-08-05 13:32:29.09433
! Cannot display fitting progress when running chains in parallel.
! Set `allow_parallel` to `FALSE` to see progress.
ℹ Completed fitting at: 2026-08-05 13:32:47.806759
ℹ Time elapsed: 18.71
ℹ Saving model...
✔ Model saved!

ℹ 2. Convergence diagnostics...
ℹ *** [Parameter: Beta] ***
ℹ Computation of traceplots, can take some time...
ℹ Traceplots saved!
ℹ -> Effective size:
ℹ 43 (78.18%) are good, 12 (21.82%) are acceptable and 0 (0%) are bad.
ℹ -> Gelman-Rubin convergence diagnostic:
ℹ 44 (80%) are good, 4 (7.27%) are acceptable and 7 (12.73%) are bad.
ℹ -> Autocorrelation:
ℹ [Lag 20]:
ℹ 3 (5.45%) are good and 52 (94.55%) are bad.
ℹ [Lag 50]:
ℹ 17 (30.91%) are good and 38 (69.09%) are bad.

ℹ 3. Performance evaluation...
ℹ Computing training scores...
ℹ Computing testing scores...
ℹ Saving scores...
✔ Scores saved!

ℹ 4. Associations...
✔ Model ran without errors!

! ----- Running loop: 129/180 -----
ℹ - Random effect: none
ℹ - Strategy: none
ℹ - New samples: 0
ℹ - Train size: 50
ℹ - N variables: 6
ℹ - K-fold: 8

ℹ 0. Setting up path...

ℹ 1. Fitting model...
ℹ Preparing training set for HMSC...
ℹ Creation of Hmsc object without random effects...
✔ Created Hmsc object!

ℹ Started fitting at: 2026-08-05 13:33:38.675349
! Cannot display fitting progress when running chains in parallel.
! Set `allow_parallel` to `FALSE` to see progress.
ℹ Completed fitting at: 2026-08-05 13:33:58.489766
ℹ Time elapsed: 19.81
ℹ Saving model...
✔ Model saved!

ℹ 2. Convergence diagnostics...
ℹ *** [Parameter: Beta] ***
ℹ Computation of traceplots, can take some time...
ℹ Traceplots saved!
ℹ -> Effective size:
ℹ 51 (92.73%) are good, 4 (7.27%) are acceptable and 0 (0%) are bad.
ℹ -> Gelman-Rubin convergence diagnostic:
ℹ 55 (100%) are good, 0 (0%) are acceptable and 0 (0%) are bad.
ℹ -> Autocorrelation:
ℹ [Lag 20]:
ℹ 19 (34.55%) are good and 36 (65.45%) are bad.
ℹ [Lag 50]:
ℹ 39 (70.91%) are good and 16 (29.09%) are bad.

ℹ 3. Performance evaluation...
ℹ Computing training scores...
ℹ Computing testing scores...
ℹ Saving scores...
✔ Scores saved!

ℹ 4. Associations...
✔ Model ran without errors!

! ----- Running loop: 130/180 -----
ℹ - Random effect: none
ℹ - Strategy: none
ℹ - New samples: 0
ℹ - Train size: 75
ℹ - N variables: 6
ℹ - K-fold: 8

ℹ 0. Setting up path...

ℹ 1. Fitting model...
ℹ Preparing training set for HMSC...
ℹ Creation of Hmsc object without random effects...
✔ Created Hmsc object!

ℹ Started fitting at: 2026-08-05 13:34:45.051266
! Cannot display fitting progress when running chains in parallel.
! Set `allow_parallel` to `FALSE` to see progress.
ℹ Completed fitting at: 2026-08-05 13:35:04.969329
ℹ Time elapsed: 19.92
ℹ Saving model...
✔ Model saved!

ℹ 2. Convergence diagnostics...
ℹ *** [Parameter: Beta] ***
ℹ Computation of traceplots, can take some time...
ℹ Traceplots saved!
ℹ -> Effective size:
ℹ 55 (100%) are good, 0 (0%) are acceptable and 0 (0%) are bad.
ℹ -> Gelman-Rubin convergence diagnostic:
ℹ 55 (100%) are good, 0 (0%) are acceptable and 0 (0%) are bad.
ℹ -> Autocorrelation:
ℹ [Lag 20]:
ℹ 39 (70.91%) are good and 16 (29.09%) are bad.
ℹ [Lag 50]:
ℹ 48 (87.27%) are good and 7 (12.73%) are bad.

ℹ 3. Performance evaluation...
ℹ Computing training scores...
ℹ Computing testing scores...
ℹ Saving scores...
✔ Scores saved!

ℹ 4. Associations...
✔ Model ran without errors!

! ----- Running loop: 131/180 -----
ℹ - Random effect: none
ℹ - Strategy: none
ℹ - New samples: 0
ℹ - Train size: 100
ℹ - N variables: 6
ℹ - K-fold: 8

ℹ 0. Setting up path...

ℹ 1. Fitting model...
ℹ Preparing training set for HMSC...
ℹ Creation of Hmsc object without random effects...
✔ Created Hmsc object!

ℹ Started fitting at: 2026-08-05 13:35:54.863921
! Cannot display fitting progress when running chains in parallel.
! Set `allow_parallel` to `FALSE` to see progress.
ℹ Completed fitting at: 2026-08-05 13:36:14.464645
ℹ Time elapsed: 19.6
ℹ Saving model...
✔ Model saved!

ℹ 2. Convergence diagnostics...
ℹ *** [Parameter: Beta] ***
ℹ Computation of traceplots, can take some time...
ℹ Traceplots saved!
ℹ -> Effective size:
ℹ 55 (100%) are good, 0 (0%) are acceptable and 0 (0%) are bad.
ℹ -> Gelman-Rubin convergence diagnostic:
ℹ 55 (100%) are good, 0 (0%) are acceptable and 0 (0%) are bad.
ℹ -> Autocorrelation:
ℹ [Lag 20]:
ℹ 40 (72.73%) are good and 15 (27.27%) are bad.
ℹ [Lag 50]:
ℹ 50 (90.91%) are good and 5 (9.09%) are bad.

ℹ 3. Performance evaluation...
ℹ Computing training scores...
ℹ Computing testing scores...
ℹ Saving scores...
✔ Scores saved!

ℹ 4. Associations...
✔ Model ran without errors!

! ----- Running loop: 132/180 -----
ℹ - Random effect: none
ℹ - Strategy: none
ℹ - New samples: 0
ℹ - Train size: 125
ℹ - N variables: 6
ℹ - K-fold: 8

ℹ 0. Setting up path...

ℹ 1. Fitting model...
ℹ Preparing training set for HMSC...
ℹ Creation of Hmsc object without random effects...
✔ Created Hmsc object!

ℹ Started fitting at: 2026-08-05 13:37:05.119603
! Cannot display fitting progress when running chains in parallel.
! Set `allow_parallel` to `FALSE` to see progress.
ℹ Completed fitting at: 2026-08-05 13:37:25.55184
ℹ Time elapsed: 20.43
ℹ Saving model...
✔ Model saved!

ℹ 2. Convergence diagnostics...
ℹ *** [Parameter: Beta] ***
ℹ Computation of traceplots, can take some time...
ℹ Traceplots saved!
ℹ -> Effective size:
ℹ 55 (100%) are good, 0 (0%) are acceptable and 0 (0%) are bad.
ℹ -> Gelman-Rubin convergence diagnostic:
ℹ 55 (100%) are good, 0 (0%) are acceptable and 0 (0%) are bad.
ℹ -> Autocorrelation:
ℹ [Lag 20]:
ℹ 41 (74.55%) are good and 14 (25.45%) are bad.
ℹ [Lag 50]:
ℹ 52 (94.55%) are good and 3 (5.45%) are bad.

ℹ 3. Performance evaluation...
ℹ Computing training scores...
ℹ Computing testing scores...
ℹ Saving scores...
✔ Scores saved!

ℹ 4. Associations...
✔ Model ran without errors!

! ----- Running loop: 133/180 -----
ℹ - Random effect: none
ℹ - Strategy: none
ℹ - New samples: 0
ℹ - Train size: 125
ℹ - N variables: 3
ℹ - K-fold: 8

ℹ 0. Setting up path...

ℹ 1. Fitting model...
ℹ Preparing training set for HMSC...
ℹ Creation of Hmsc object without random effects...
✔ Created Hmsc object!

ℹ Started fitting at: 2026-08-05 13:38:10.900431
! Cannot display fitting progress when running chains in parallel.
! Set `allow_parallel` to `FALSE` to see progress.
ℹ Completed fitting at: 2026-08-05 13:38:30.442253
ℹ Time elapsed: 19.54
ℹ Saving model...
✔ Model saved!

ℹ 2. Convergence diagnostics...
ℹ *** [Parameter: Beta] ***
ℹ Computation of traceplots, can take some time...
ℹ Traceplots saved!
ℹ -> Effective size:
ℹ 40 (100%) are good, 0 (0%) are acceptable and 0 (0%) are bad.
ℹ -> Gelman-Rubin convergence diagnostic:
ℹ 40 (100%) are good, 0 (0%) are acceptable and 0 (0%) are bad.
ℹ -> Autocorrelation:
ℹ [Lag 20]:
ℹ 29 (72.5%) are good and 11 (27.5%) are bad.
ℹ [Lag 50]:
ℹ 38 (95%) are good and 2 (5%) are bad.

ℹ 3. Performance evaluation...
ℹ Computing training scores...
ℹ Computing testing scores...
ℹ Saving scores...
✔ Scores saved!

ℹ 4. Associations...
✔ Model ran without errors!

! ----- Running loop: 134/180 -----
ℹ - Random effect: none
ℹ - Strategy: none
ℹ - New samples: 0
ℹ - Train size: 125
ℹ - N variables: 2
ℹ - K-fold: 8

ℹ 0. Setting up path...

ℹ 1. Fitting model...
ℹ Preparing training set for HMSC...
ℹ Creation of Hmsc object without random effects...
✔ Created Hmsc object!

ℹ Started fitting at: 2026-08-05 13:39:11.476228
! Cannot display fitting progress when running chains in parallel.
! Set `allow_parallel` to `FALSE` to see progress.
ℹ Completed fitting at: 2026-08-05 13:39:30.216258
ℹ Time elapsed: 18.74
ℹ Saving model...
✔ Model saved!

ℹ 2. Convergence diagnostics...
ℹ *** [Parameter: Beta] ***
ℹ Computation of traceplots, can take some time...
ℹ Traceplots saved!
ℹ -> Effective size:
ℹ 35 (100%) are good, 0 (0%) are acceptable and 0 (0%) are bad.
ℹ -> Gelman-Rubin convergence diagnostic:
ℹ 35 (100%) are good, 0 (0%) are acceptable and 0 (0%) are bad.
ℹ -> Autocorrelation:
ℹ [Lag 20]:
ℹ 28 (80%) are good and 7 (20%) are bad.
ℹ [Lag 50]:
ℹ 33 (94.29%) are good and 2 (5.71%) are bad.

ℹ 3. Performance evaluation...
ℹ Computing training scores...
ℹ Computing testing scores...
ℹ Saving scores...
✔ Scores saved!

ℹ 4. Associations...
✔ Model ran without errors!

! ----- Running loop: 135/180 -----
ℹ - Random effect: units
ℹ - Strategy: none
ℹ - New samples: 0
ℹ - Train size: 125
ℹ - N variables: 6
ℹ - K-fold: 8

ℹ 0. Setting up path...

ℹ 1. Fitting model...
ℹ Preparing training set for HMSC...
ℹ Creation of Hmsc object with 'units' effect...
✔ Created Hmsc object!

ℹ Started fitting at: 2026-08-05 13:40:09.267704
! Cannot display fitting progress when running chains in parallel.
! Set `allow_parallel` to `FALSE` to see progress.
ℹ Completed fitting at: 2026-08-05 13:40:44.25543
ℹ Time elapsed: 34.99
ℹ Saving model...
✔ Model saved!

ℹ 2. Convergence diagnostics...
ℹ *** [Parameter: Beta] ***
ℹ Computation of traceplots, can take some time...
ℹ Traceplots saved!
ℹ -> Effective size:
ℹ 54 (98.18%) are good, 1 (1.82%) are acceptable and 0 (0%) are bad.
ℹ -> Gelman-Rubin convergence diagnostic:
ℹ 54 (98.18%) are good, 1 (1.82%) are acceptable and 0 (0%) are bad.
ℹ -> Autocorrelation:
ℹ [Lag 20]:
ℹ 28 (50.91%) are good and 27 (49.09%) are bad.
ℹ [Lag 50]:
ℹ 47 (85.45%) are good and 8 (14.55%) are bad.
ℹ *** [Parameter: Omega] ***
ℹ Computation of traceplots, can take some time...
ℹ Traceplots saved!
ℹ -> Effective size:
ℹ 21 (84%) are good, 4 (16%) are acceptable and 0 (0%) are bad.
ℹ -> Gelman-Rubin convergence diagnostic:
ℹ 22 (88%) are good, 2 (8%) are acceptable and 1 (4%) are bad.
ℹ -> Autocorrelation:
ℹ [Lag 20]:
ℹ 15 (60%) are good and 10 (40%) are bad.
ℹ [Lag 50]:
ℹ 19 (76%) are good and 6 (24%) are bad.

ℹ 3. Performance evaluation...
ℹ Computing training scores...
ℹ Computing testing scores...
ℹ Saving scores...
✔ Scores saved!

ℹ 4. Associations...
✔ Model ran without errors!

! ----- Running loop: 136/180 -----
ℹ - Random effect: none
ℹ - Strategy: none
ℹ - New samples: 50
ℹ - Train size: 125
ℹ - N variables: 6
ℹ - K-fold: 8

ℹ 0. Setting up path...

ℹ 1. Fitting model...
ℹ Preparing training set for HMSC...
ℹ Creation of Hmsc object without random effects...
✔ Created Hmsc object!

ℹ Started fitting at: 2026-08-05 13:41:50.207075
! Cannot display fitting progress when running chains in parallel.
! Set `allow_parallel` to `FALSE` to see progress.
ℹ Completed fitting at: 2026-08-05 13:42:10.721003
ℹ Time elapsed: 20.51
ℹ Saving model...
✔ Model saved!

ℹ 2. Convergence diagnostics...
ℹ *** [Parameter: Beta] ***
ℹ Computation of traceplots, can take some time...
ℹ Traceplots saved!
ℹ -> Effective size:
ℹ 55 (100%) are good, 0 (0%) are acceptable and 0 (0%) are bad.
ℹ -> Gelman-Rubin convergence diagnostic:
ℹ 55 (100%) are good, 0 (0%) are acceptable and 0 (0%) are bad.
ℹ -> Autocorrelation:
ℹ [Lag 20]:
ℹ 41 (74.55%) are good and 14 (25.45%) are bad.
ℹ [Lag 50]:
ℹ 52 (94.55%) are good and 3 (5.45%) are bad.

ℹ 3. Performance evaluation...
ℹ Computing training scores...
ℹ Computing testing scores...
ℹ Saving scores...
✔ Scores saved!

ℹ 4. Associations...
✔ Model ran without errors!

! ----- Running loop: 137/180 -----
ℹ - Random effect: none
ℹ - Strategy: business-as-usual
ℹ - New samples: 50
ℹ - Train size: 125
ℹ - N variables: 6
ℹ - K-fold: 8

ℹ 0. Setting up path...
ℹ Pulling 50 new random samples...

ℹ 1. Fitting model...
ℹ Preparing training set for HMSC...
ℹ Creation of Hmsc object without random effects...
✔ Created Hmsc object!

ℹ Started fitting at: 2026-08-05 13:43:04.775458
! Cannot display fitting progress when running chains in parallel.
! Set `allow_parallel` to `FALSE` to see progress.
ℹ Completed fitting at: 2026-08-05 13:43:24.840614
ℹ Time elapsed: 20.07
ℹ Saving model...
✔ Model saved!

ℹ 2. Convergence diagnostics...
ℹ *** [Parameter: Beta] ***
ℹ Computation of traceplots, can take some time...
ℹ Traceplots saved!
ℹ -> Effective size:
ℹ 54 (98.18%) are good, 1 (1.82%) are acceptable and 0 (0%) are bad.
ℹ -> Gelman-Rubin convergence diagnostic:
ℹ 55 (100%) are good, 0 (0%) are acceptable and 0 (0%) are bad.
ℹ -> Autocorrelation:
ℹ [Lag 20]:
ℹ 47 (85.45%) are good and 8 (14.55%) are bad.
ℹ [Lag 50]:
ℹ 54 (98.18%) are good and 1 (1.82%) are bad.

ℹ 3. Performance evaluation...
ℹ Computing training scores...
ℹ Computing testing scores...
ℹ Saving scores...
✔ Scores saved!

ℹ 4. Associations...
✔ Model ran without errors!

! ----- Running loop: 138/180 -----
ℹ - Random effect: none
ℹ - Strategy: gap-filling
ℹ - New samples: 50
ℹ - Train size: 125
ℹ - N variables: 6
ℹ - K-fold: 8

ℹ 0. Setting up path...
ℹ Searching for the most distant points...

ℹ 1. Fitting model...
ℹ Preparing training set for HMSC...
ℹ Creation of Hmsc object without random effects...
✔ Created Hmsc object!

ℹ Started fitting at: 2026-08-05 13:44:47.937248
! Cannot display fitting progress when running chains in parallel.
! Set `allow_parallel` to `FALSE` to see progress.
ℹ Completed fitting at: 2026-08-05 13:45:07.834248
ℹ Time elapsed: 19.9
ℹ Saving model...
✔ Model saved!

ℹ 2. Convergence diagnostics...
ℹ *** [Parameter: Beta] ***
ℹ Computation of traceplots, can take some time...
ℹ Traceplots saved!
ℹ -> Effective size:
ℹ 55 (100%) are good, 0 (0%) are acceptable and 0 (0%) are bad.
ℹ -> Gelman-Rubin convergence diagnostic:
ℹ 55 (100%) are good, 0 (0%) are acceptable and 0 (0%) are bad.
ℹ -> Autocorrelation:
ℹ [Lag 20]:
ℹ 46 (83.64%) are good and 9 (16.36%) are bad.
ℹ [Lag 50]:
ℹ 54 (98.18%) are good and 1 (1.82%) are bad.

ℹ 3. Performance evaluation...
ℹ Computing training scores...
ℹ Computing testing scores...
ℹ Saving scores...
✔ Scores saved!

ℹ 4. Associations...
✔ Model ran without errors!

! ----- Running loop: 139/180 -----
ℹ - Random effect: none
ℹ - Strategy: simplified-uncertainty
ℹ - New samples: 50
ℹ - Train size: 125
ℹ - N variables: 6
ℹ - K-fold: 8

ℹ 0. Setting up path...
! Running simplified-uncertainty...

ℹ 1. Fitting model...
ℹ Preparing training set for HMSC...
ℹ Creation of Hmsc object without random effects...
✔ Created Hmsc object!

ℹ Started fitting at: 2026-08-05 13:46:31.664412
! Cannot display fitting progress when running chains in parallel.
! Set `allow_parallel` to `FALSE` to see progress.
ℹ Completed fitting at: 2026-08-05 13:46:51.738763
ℹ Time elapsed: 20.07
ℹ Saving model...
✔ Model saved!

ℹ 2. Convergence diagnostics...
ℹ *** [Parameter: Beta] ***
ℹ Computation of traceplots, can take some time...
ℹ Traceplots saved!
ℹ -> Effective size:
ℹ 55 (100%) are good, 0 (0%) are acceptable and 0 (0%) are bad.
ℹ -> Gelman-Rubin convergence diagnostic:
ℹ 55 (100%) are good, 0 (0%) are acceptable and 0 (0%) are bad.
ℹ -> Autocorrelation:
ℹ [Lag 20]:
ℹ 48 (87.27%) are good and 7 (12.73%) are bad.
ℹ [Lag 50]:
ℹ 54 (98.18%) are good and 1 (1.82%) are bad.

ℹ 3. Performance evaluation...
ℹ Computing training scores...
ℹ Computing testing scores...
ℹ Saving scores...
✔ Scores saved!

ℹ 4. Associations...
✔ Model ran without errors!

! ----- Running loop: 140/180 -----
ℹ - Random effect: none
ℹ - Strategy: simplified-uncertainty
ℹ - New samples: 0
ℹ - Train size: 125
ℹ - N variables: 6
ℹ - K-fold: 8

ℹ 0. Setting up path...

ℹ 1. Fitting model...
ℹ Preparing training set for HMSC...
ℹ Creation of Hmsc object without random effects...
✔ Created Hmsc object!

ℹ Started fitting at: 2026-08-05 13:48:12.155585
! Cannot display fitting progress when running chains in parallel.
! Set `allow_parallel` to `FALSE` to see progress.
ℹ Completed fitting at: 2026-08-05 13:48:32.563401
ℹ Time elapsed: 20.41
ℹ Saving model...
✔ Model saved!

ℹ 2. Convergence diagnostics...
ℹ *** [Parameter: Beta] ***
ℹ Computation of traceplots, can take some time...
ℹ Traceplots saved!
ℹ -> Effective size:
ℹ 55 (100%) are good, 0 (0%) are acceptable and 0 (0%) are bad.
ℹ -> Gelman-Rubin convergence diagnostic:
ℹ 55 (100%) are good, 0 (0%) are acceptable and 0 (0%) are bad.
ℹ -> Autocorrelation:
ℹ [Lag 20]:
ℹ 41 (74.55%) are good and 14 (25.45%) are bad.
ℹ [Lag 50]:
ℹ 51 (92.73%) are good and 4 (7.27%) are bad.

ℹ 3. Performance evaluation...
ℹ Computing training scores...
ℹ Computing testing scores...
ℹ Saving scores...
✔ Scores saved!

ℹ 4. Associations...
✔ Model ran without errors!

! ----- Running loop: 141/180 -----
ℹ - Random effect: none
ℹ - Strategy: simplified-uncertainty
ℹ - New samples: 10
ℹ - Train size: 125
ℹ - N variables: 6
ℹ - K-fold: 8

ℹ 0. Setting up path...
! Running simplified-uncertainty...

ℹ 1. Fitting model...
ℹ Preparing training set for HMSC...
ℹ Creation of Hmsc object without random effects...
✔ Created Hmsc object!

ℹ Started fitting at: 2026-08-05 13:50:00.272434
! Cannot display fitting progress when running chains in parallel.
! Set `allow_parallel` to `FALSE` to see progress.
ℹ Completed fitting at: 2026-08-05 13:50:21.11422
ℹ Time elapsed: 20.84
ℹ Saving model...
✔ Model saved!

ℹ 2. Convergence diagnostics...
ℹ *** [Parameter: Beta] ***
ℹ Computation of traceplots, can take some time...
ℹ Traceplots saved!
ℹ -> Effective size:
ℹ 55 (100%) are good, 0 (0%) are acceptable and 0 (0%) are bad.
ℹ -> Gelman-Rubin convergence diagnostic:
ℹ 55 (100%) are good, 0 (0%) are acceptable and 0 (0%) are bad.
ℹ -> Autocorrelation:
ℹ [Lag 20]:
ℹ 41 (74.55%) are good and 14 (25.45%) are bad.
ℹ [Lag 50]:
ℹ 51 (92.73%) are good and 4 (7.27%) are bad.

ℹ 3. Performance evaluation...
ℹ Computing training scores...
ℹ Computing testing scores...
ℹ Saving scores...
✔ Scores saved!

ℹ 4. Associations...
✔ Model ran without errors!

! ----- Running loop: 142/180 -----
ℹ - Random effect: none
ℹ - Strategy: simplified-uncertainty
ℹ - New samples: 25
ℹ - Train size: 125
ℹ - N variables: 6
ℹ - K-fold: 8

ℹ 0. Setting up path...
! Running simplified-uncertainty...

ℹ 1. Fitting model...
ℹ Preparing training set for HMSC...
ℹ Creation of Hmsc object without random effects...
✔ Created Hmsc object!

ℹ Started fitting at: 2026-08-05 13:51:45.264293
! Cannot display fitting progress when running chains in parallel.
! Set `allow_parallel` to `FALSE` to see progress.
ℹ Completed fitting at: 2026-08-05 13:52:05.383594
ℹ Time elapsed: 20.12
ℹ Saving model...
✔ Model saved!

ℹ 2. Convergence diagnostics...
ℹ *** [Parameter: Beta] ***
ℹ Computation of traceplots, can take some time...
ℹ Traceplots saved!
ℹ -> Effective size:
ℹ 55 (100%) are good, 0 (0%) are acceptable and 0 (0%) are bad.
ℹ -> Gelman-Rubin convergence diagnostic:
ℹ 55 (100%) are good, 0 (0%) are acceptable and 0 (0%) are bad.
ℹ -> Autocorrelation:
ℹ [Lag 20]:
ℹ 49 (89.09%) are good and 6 (10.91%) are bad.
ℹ [Lag 50]:
ℹ 54 (98.18%) are good and 1 (1.82%) are bad.

ℹ 3. Performance evaluation...
ℹ Computing training scores...
ℹ Computing testing scores...
ℹ Saving scores...
✔ Scores saved!

ℹ 4. Associations...
✔ Model ran without errors!

! ----- Running loop: 143/180 -----
ℹ - Random effect: none
ℹ - Strategy: simplified-uncertainty
ℹ - New samples: 100
ℹ - Train size: 125
ℹ - N variables: 6
ℹ - K-fold: 8

ℹ 0. Setting up path...
! Running simplified-uncertainty...

ℹ 1. Fitting model...
ℹ Preparing training set for HMSC...
ℹ Creation of Hmsc object without random effects...
✔ Created Hmsc object!

ℹ Started fitting at: 2026-08-05 13:53:30.761339
! Cannot display fitting progress when running chains in parallel.
! Set `allow_parallel` to `FALSE` to see progress.
ℹ Completed fitting at: 2026-08-05 13:53:52.281719
ℹ Time elapsed: 21.52
ℹ Saving model...
✔ Model saved!

ℹ 2. Convergence diagnostics...
ℹ *** [Parameter: Beta] ***
ℹ Computation of traceplots, can take some time...
ℹ Traceplots saved!
ℹ -> Effective size:
ℹ 55 (100%) are good, 0 (0%) are acceptable and 0 (0%) are bad.
ℹ -> Gelman-Rubin convergence diagnostic:
ℹ 55 (100%) are good, 0 (0%) are acceptable and 0 (0%) are bad.
ℹ -> Autocorrelation:
ℹ [Lag 20]:
ℹ 45 (81.82%) are good and 10 (18.18%) are bad.
ℹ [Lag 50]:
ℹ 53 (96.36%) are good and 2 (3.64%) are bad.

ℹ 3. Performance evaluation...
ℹ Computing training scores...
ℹ Computing testing scores...
ℹ Saving scores...
✔ Scores saved!

ℹ 4. Associations...
✔ Model ran without errors!

! ----- Running loop: 144/180 -----
ℹ - Random effect: none
ℹ - Strategy: simplified-uncertainty
ℹ - New samples: 150
ℹ - Train size: 125
ℹ - N variables: 6
ℹ - K-fold: 8

ℹ 0. Setting up path...
! Running simplified-uncertainty...

ℹ 1. Fitting model...
ℹ Preparing training set for HMSC...
ℹ Creation of Hmsc object without random effects...
✔ Created Hmsc object!

ℹ Started fitting at: 2026-08-05 13:55:17.735592
! Cannot display fitting progress when running chains in parallel.
! Set `allow_parallel` to `FALSE` to see progress.
ℹ Completed fitting at: 2026-08-05 13:55:39.901004
ℹ Time elapsed: 22.17
ℹ Saving model...
✔ Model saved!

ℹ 2. Convergence diagnostics...
ℹ *** [Parameter: Beta] ***
ℹ Computation of traceplots, can take some time...
ℹ Traceplots saved!
ℹ -> Effective size:
ℹ 55 (100%) are good, 0 (0%) are acceptable and 0 (0%) are bad.
ℹ -> Gelman-Rubin convergence diagnostic:
ℹ 55 (100%) are good, 0 (0%) are acceptable and 0 (0%) are bad.
ℹ -> Autocorrelation:
ℹ [Lag 20]:
ℹ 44 (80%) are good and 11 (20%) are bad.
ℹ [Lag 50]:
ℹ 52 (94.55%) are good and 3 (5.45%) are bad.

ℹ 3. Performance evaluation...
ℹ Computing training scores...
ℹ Computing testing scores...
ℹ Saving scores...
✔ Scores saved!

ℹ 4. Associations...
✔ Model ran without errors!

! ----- Running loop: 145/180 -----
ℹ - Random effect: none
ℹ - Strategy: none
ℹ - New samples: 0
ℹ - Train size: 15
ℹ - N variables: 6
ℹ - K-fold: 9

ℹ 0. Setting up path...

ℹ 1. Fitting model...
ℹ Preparing training set for HMSC...
ℹ Creation of Hmsc object without random effects...
✔ Created Hmsc object!

ℹ Started fitting at: 2026-08-05 13:56:57.660822
! Cannot display fitting progress when running chains in parallel.
! Set `allow_parallel` to `FALSE` to see progress.
ℹ Completed fitting at: 2026-08-05 13:57:16.542619
ℹ Time elapsed: 18.88
ℹ Saving model...
✔ Model saved!

ℹ 2. Convergence diagnostics...
ℹ *** [Parameter: Beta] ***
ℹ Computation of traceplots, can take some time...
ℹ Traceplots saved!
ℹ -> Effective size:
ℹ 55 (100%) are good, 0 (0%) are acceptable and 0 (0%) are bad.
ℹ -> Gelman-Rubin convergence diagnostic:
ℹ 55 (100%) are good, 0 (0%) are acceptable and 0 (0%) are bad.
ℹ -> Autocorrelation:
ℹ [Lag 20]:
ℹ 20 (36.36%) are good and 35 (63.64%) are bad.
ℹ [Lag 50]:
ℹ 44 (80%) are good and 11 (20%) are bad.

ℹ 3. Performance evaluation...
ℹ Computing training scores...
ℹ Computing testing scores...
ℹ Saving scores...
✔ Scores saved!

ℹ 4. Associations...
✔ Model ran without errors!

! ----- Running loop: 146/180 -----
ℹ - Random effect: none
ℹ - Strategy: none
ℹ - New samples: 0
ℹ - Train size: 25
ℹ - N variables: 6
ℹ - K-fold: 9

ℹ 0. Setting up path...

ℹ 1. Fitting model...
ℹ Preparing training set for HMSC...
ℹ Creation of Hmsc object without random effects...
✔ Created Hmsc object!

ℹ Started fitting at: 2026-08-05 13:58:03.793616
! Cannot display fitting progress when running chains in parallel.
! Set `allow_parallel` to `FALSE` to see progress.
ℹ Completed fitting at: 2026-08-05 13:58:22.527312
ℹ Time elapsed: 18.73
ℹ Saving model...
✔ Model saved!

ℹ 2. Convergence diagnostics...
ℹ *** [Parameter: Beta] ***
ℹ Computation of traceplots, can take some time...
ℹ Traceplots saved!
ℹ -> Effective size:
ℹ 55 (100%) are good, 0 (0%) are acceptable and 0 (0%) are bad.
ℹ -> Gelman-Rubin convergence diagnostic:
ℹ 52 (94.55%) are good, 3 (5.45%) are acceptable and 0 (0%) are bad.
ℹ -> Autocorrelation:
ℹ [Lag 20]:
ℹ 22 (40%) are good and 33 (60%) are bad.
ℹ [Lag 50]:
ℹ 39 (70.91%) are good and 16 (29.09%) are bad.

ℹ 3. Performance evaluation...
ℹ Computing training scores...
ℹ Computing testing scores...
ℹ Saving scores...
✔ Scores saved!

ℹ 4. Associations...
✔ Model ran without errors!

! ----- Running loop: 147/180 -----
ℹ - Random effect: none
ℹ - Strategy: none
ℹ - New samples: 0
ℹ - Train size: 50
ℹ - N variables: 6
ℹ - K-fold: 9

ℹ 0. Setting up path...

ℹ 1. Fitting model...
ℹ Preparing training set for HMSC...
ℹ Creation of Hmsc object without random effects...
✔ Created Hmsc object!

ℹ Started fitting at: 2026-08-05 13:59:08.45501
! Cannot display fitting progress when running chains in parallel.
! Set `allow_parallel` to `FALSE` to see progress.
ℹ Completed fitting at: 2026-08-05 13:59:28.23496
ℹ Time elapsed: 19.78
ℹ Saving model...
✔ Model saved!

ℹ 2. Convergence diagnostics...
ℹ *** [Parameter: Beta] ***
ℹ Computation of traceplots, can take some time...
ℹ Traceplots saved!
ℹ -> Effective size:
ℹ 55 (100%) are good, 0 (0%) are acceptable and 0 (0%) are bad.
ℹ -> Gelman-Rubin convergence diagnostic:
ℹ 52 (94.55%) are good, 3 (5.45%) are acceptable and 0 (0%) are bad.
ℹ -> Autocorrelation:
ℹ [Lag 20]:
ℹ 39 (70.91%) are good and 16 (29.09%) are bad.
ℹ [Lag 50]:
ℹ 48 (87.27%) are good and 7 (12.73%) are bad.

ℹ 3. Performance evaluation...
ℹ Computing training scores...
ℹ Computing testing scores...
ℹ Saving scores...
✔ Scores saved!

ℹ 4. Associations...
✔ Model ran without errors!

! ----- Running loop: 148/180 -----
ℹ - Random effect: none
ℹ - Strategy: none
ℹ - New samples: 0
ℹ - Train size: 75
ℹ - N variables: 6
ℹ - K-fold: 9

ℹ 0. Setting up path...

ℹ 1. Fitting model...
ℹ Preparing training set for HMSC...
ℹ Creation of Hmsc object without random effects...
✔ Created Hmsc object!

ℹ Started fitting at: 2026-08-05 14:00:17.3326
! Cannot display fitting progress when running chains in parallel.
! Set `allow_parallel` to `FALSE` to see progress.
ℹ Completed fitting at: 2026-08-05 14:00:37.099761
ℹ Time elapsed: 19.77
ℹ Saving model...
✔ Model saved!

ℹ 2. Convergence diagnostics...
ℹ *** [Parameter: Beta] ***
ℹ Computation of traceplots, can take some time...
ℹ Traceplots saved!
ℹ -> Effective size:
ℹ 55 (100%) are good, 0 (0%) are acceptable and 0 (0%) are bad.
ℹ -> Gelman-Rubin convergence diagnostic:
ℹ 55 (100%) are good, 0 (0%) are acceptable and 0 (0%) are bad.
ℹ -> Autocorrelation:
ℹ [Lag 20]:
ℹ 44 (80%) are good and 11 (20%) are bad.
ℹ [Lag 50]:
ℹ 48 (87.27%) are good and 7 (12.73%) are bad.

ℹ 3. Performance evaluation...
ℹ Computing training scores...
ℹ Computing testing scores...
ℹ Saving scores...
✔ Scores saved!

ℹ 4. Associations...
✔ Model ran without errors!

! ----- Running loop: 149/180 -----
ℹ - Random effect: none
ℹ - Strategy: none
ℹ - New samples: 0
ℹ - Train size: 100
ℹ - N variables: 6
ℹ - K-fold: 9

ℹ 0. Setting up path...

ℹ 1. Fitting model...
ℹ Preparing training set for HMSC...
ℹ Creation of Hmsc object without random effects...
✔ Created Hmsc object!

ℹ Started fitting at: 2026-08-05 14:01:25.392035
! Cannot display fitting progress when running chains in parallel.
! Set `allow_parallel` to `FALSE` to see progress.
ℹ Completed fitting at: 2026-08-05 14:01:44.786894
ℹ Time elapsed: 19.39
ℹ Saving model...
✔ Model saved!

ℹ 2. Convergence diagnostics...
ℹ *** [Parameter: Beta] ***
ℹ Computation of traceplots, can take some time...
ℹ Traceplots saved!
ℹ -> Effective size:
ℹ 55 (100%) are good, 0 (0%) are acceptable and 0 (0%) are bad.
ℹ -> Gelman-Rubin convergence diagnostic:
ℹ 55 (100%) are good, 0 (0%) are acceptable and 0 (0%) are bad.
ℹ -> Autocorrelation:
ℹ [Lag 20]:
ℹ 42 (76.36%) are good and 13 (23.64%) are bad.
ℹ [Lag 50]:
ℹ 51 (92.73%) are good and 4 (7.27%) are bad.

ℹ 3. Performance evaluation...
ℹ Computing training scores...
ℹ Computing testing scores...
ℹ Saving scores...
✔ Scores saved!

ℹ 4. Associations...
✔ Model ran without errors!

! ----- Running loop: 150/180 -----
ℹ - Random effect: none
ℹ - Strategy: none
ℹ - New samples: 0
ℹ - Train size: 125
ℹ - N variables: 6
ℹ - K-fold: 9

ℹ 0. Setting up path...

ℹ 1. Fitting model...
ℹ Preparing training set for HMSC...
ℹ Creation of Hmsc object without random effects...
✔ Created Hmsc object!

ℹ Started fitting at: 2026-08-05 14:02:31.455661
! Cannot display fitting progress when running chains in parallel.
! Set `allow_parallel` to `FALSE` to see progress.
ℹ Completed fitting at: 2026-08-05 14:02:51.811705
ℹ Time elapsed: 20.36
ℹ Saving model...
✔ Model saved!

ℹ 2. Convergence diagnostics...
ℹ *** [Parameter: Beta] ***
ℹ Computation of traceplots, can take some time...
ℹ Traceplots saved!
ℹ -> Effective size:
ℹ 55 (100%) are good, 0 (0%) are acceptable and 0 (0%) are bad.
ℹ -> Gelman-Rubin convergence diagnostic:
ℹ 52 (94.55%) are good, 2 (3.64%) are acceptable and 1 (1.82%) are bad.
ℹ -> Autocorrelation:
ℹ [Lag 20]:
ℹ 43 (78.18%) are good and 12 (21.82%) are bad.
ℹ [Lag 50]:
ℹ 45 (81.82%) are good and 10 (18.18%) are bad.

ℹ 3. Performance evaluation...
ℹ Computing training scores...
ℹ Computing testing scores...
ℹ Saving scores...
✔ Scores saved!

ℹ 4. Associations...
✔ Model ran without errors!

! ----- Running loop: 151/180 -----
ℹ - Random effect: none
ℹ - Strategy: none
ℹ - New samples: 0
ℹ - Train size: 125
ℹ - N variables: 3
ℹ - K-fold: 9

ℹ 0. Setting up path...

ℹ 1. Fitting model...
ℹ Preparing training set for HMSC...
ℹ Creation of Hmsc object without random effects...
✔ Created Hmsc object!

ℹ Started fitting at: 2026-08-05 14:03:41.35919
! Cannot display fitting progress when running chains in parallel.
! Set `allow_parallel` to `FALSE` to see progress.
ℹ Completed fitting at: 2026-08-05 14:04:00.509598
ℹ Time elapsed: 19.15
ℹ Saving model...
✔ Model saved!

ℹ 2. Convergence diagnostics...
ℹ *** [Parameter: Beta] ***
ℹ Computation of traceplots, can take some time...
ℹ Traceplots saved!
ℹ -> Effective size:
ℹ 39 (97.5%) are good, 1 (2.5%) are acceptable and 0 (0%) are bad.
ℹ -> Gelman-Rubin convergence diagnostic:
ℹ 40 (100%) are good, 0 (0%) are acceptable and 0 (0%) are bad.
ℹ -> Autocorrelation:
ℹ [Lag 20]:
ℹ 30 (75%) are good and 10 (25%) are bad.
ℹ [Lag 50]:
ℹ 35 (87.5%) are good and 5 (12.5%) are bad.

ℹ 3. Performance evaluation...
ℹ Computing training scores...
ℹ Computing testing scores...
ℹ Saving scores...
✔ Scores saved!

ℹ 4. Associations...
✔ Model ran without errors!

! ----- Running loop: 152/180 -----
ℹ - Random effect: none
ℹ - Strategy: none
ℹ - New samples: 0
ℹ - Train size: 125
ℹ - N variables: 2
ℹ - K-fold: 9

ℹ 0. Setting up path...

ℹ 1. Fitting model...
ℹ Preparing training set for HMSC...
ℹ Creation of Hmsc object without random effects...
✔ Created Hmsc object!

ℹ Started fitting at: 2026-08-05 14:04:42.299708
! Cannot display fitting progress when running chains in parallel.
! Set `allow_parallel` to `FALSE` to see progress.
ℹ Completed fitting at: 2026-08-05 14:05:01.069333
ℹ Time elapsed: 18.77
ℹ Saving model...
✔ Model saved!

ℹ 2. Convergence diagnostics...
ℹ *** [Parameter: Beta] ***
ℹ Computation of traceplots, can take some time...
ℹ Traceplots saved!
ℹ -> Effective size:
ℹ 35 (100%) are good, 0 (0%) are acceptable and 0 (0%) are bad.
ℹ -> Gelman-Rubin convergence diagnostic:
ℹ 35 (100%) are good, 0 (0%) are acceptable and 0 (0%) are bad.
ℹ -> Autocorrelation:
ℹ [Lag 20]:
ℹ 27 (77.14%) are good and 8 (22.86%) are bad.
ℹ [Lag 50]:
ℹ 29 (82.86%) are good and 6 (17.14%) are bad.

ℹ 3. Performance evaluation...
ℹ Computing training scores...
ℹ Computing testing scores...
ℹ Saving scores...
✔ Scores saved!

ℹ 4. Associations...
✔ Model ran without errors!

! ----- Running loop: 153/180 -----
ℹ - Random effect: units
ℹ - Strategy: none
ℹ - New samples: 0
ℹ - Train size: 125
ℹ - N variables: 6
ℹ - K-fold: 9

ℹ 0. Setting up path...

ℹ 1. Fitting model...
ℹ Preparing training set for HMSC...
ℹ Creation of Hmsc object with 'units' effect...
✔ Created Hmsc object!

ℹ Started fitting at: 2026-08-05 14:05:37.981239
! Cannot display fitting progress when running chains in parallel.
! Set `allow_parallel` to `FALSE` to see progress.
ℹ Completed fitting at: 2026-08-05 14:06:13.556039
ℹ Time elapsed: 35.57
ℹ Saving model...
✔ Model saved!

ℹ 2. Convergence diagnostics...
ℹ *** [Parameter: Beta] ***
ℹ Computation of traceplots, can take some time...
ℹ Traceplots saved!
ℹ -> Effective size:
ℹ 54 (98.18%) are good, 1 (1.82%) are acceptable and 0 (0%) are bad.
ℹ -> Gelman-Rubin convergence diagnostic:
ℹ 55 (100%) are good, 0 (0%) are acceptable and 0 (0%) are bad.
ℹ -> Autocorrelation:
ℹ [Lag 20]:
ℹ 34 (61.82%) are good and 21 (38.18%) are bad.
ℹ [Lag 50]:
ℹ 40 (72.73%) are good and 15 (27.27%) are bad.
ℹ *** [Parameter: Omega] ***
ℹ Computation of traceplots, can take some time...
ℹ Traceplots saved!
ℹ -> Effective size:
ℹ 21 (84%) are good, 4 (16%) are acceptable and 0 (0%) are bad.
ℹ -> Gelman-Rubin convergence diagnostic:
ℹ 15 (60%) are good, 7 (28%) are acceptable and 3 (12%) are bad.
ℹ -> Autocorrelation:
ℹ [Lag 20]:
ℹ 11 (44%) are good and 14 (56%) are bad.
ℹ [Lag 50]:
ℹ 18 (72%) are good and 7 (28%) are bad.

ℹ 3. Performance evaluation...
ℹ Computing training scores...
ℹ Computing testing scores...
ℹ Saving scores...
✔ Scores saved!

ℹ 4. Associations...
✔ Model ran without errors!

! ----- Running loop: 154/180 -----
ℹ - Random effect: none
ℹ - Strategy: none
ℹ - New samples: 50
ℹ - Train size: 125
ℹ - N variables: 6
ℹ - K-fold: 9

ℹ 0. Setting up path...

ℹ 1. Fitting model...
ℹ Preparing training set for HMSC...
ℹ Creation of Hmsc object without random effects...
✔ Created Hmsc object!

ℹ Started fitting at: 2026-08-05 14:07:23.886238
! Cannot display fitting progress when running chains in parallel.
! Set `allow_parallel` to `FALSE` to see progress.
ℹ Completed fitting at: 2026-08-05 14:07:44.285214
ℹ Time elapsed: 20.4
ℹ Saving model...
✔ Model saved!

ℹ 2. Convergence diagnostics...
ℹ *** [Parameter: Beta] ***
ℹ Computation of traceplots, can take some time...
ℹ Traceplots saved!
ℹ -> Effective size:
ℹ 55 (100%) are good, 0 (0%) are acceptable and 0 (0%) are bad.
ℹ -> Gelman-Rubin convergence diagnostic:
ℹ 55 (100%) are good, 0 (0%) are acceptable and 0 (0%) are bad.
ℹ -> Autocorrelation:
ℹ [Lag 20]:
ℹ 43 (78.18%) are good and 12 (21.82%) are bad.
ℹ [Lag 50]:
ℹ 44 (80%) are good and 11 (20%) are bad.

ℹ 3. Performance evaluation...
ℹ Computing training scores...
ℹ Computing testing scores...
ℹ Saving scores...
✔ Scores saved!

ℹ 4. Associations...
✔ Model ran without errors!

! ----- Running loop: 155/180 -----
ℹ - Random effect: none
ℹ - Strategy: business-as-usual
ℹ - New samples: 50
ℹ - Train size: 125
ℹ - N variables: 6
ℹ - K-fold: 9

ℹ 0. Setting up path...
ℹ Pulling 50 new random samples...

ℹ 1. Fitting model...
ℹ Preparing training set for HMSC...
ℹ Creation of Hmsc object without random effects...
✔ Created Hmsc object!

ℹ Started fitting at: 2026-08-05 14:08:31.925556
! Cannot display fitting progress when running chains in parallel.
! Set `allow_parallel` to `FALSE` to see progress.
ℹ Completed fitting at: 2026-08-05 14:08:51.964195
ℹ Time elapsed: 20.04
ℹ Saving model...
✔ Model saved!

ℹ 2. Convergence diagnostics...
ℹ *** [Parameter: Beta] ***
ℹ Computation of traceplots, can take some time...
ℹ Traceplots saved!
ℹ -> Effective size:
ℹ 55 (100%) are good, 0 (0%) are acceptable and 0 (0%) are bad.
ℹ -> Gelman-Rubin convergence diagnostic:
ℹ 55 (100%) are good, 0 (0%) are acceptable and 0 (0%) are bad.
ℹ -> Autocorrelation:
ℹ [Lag 20]:
ℹ 44 (80%) are good and 11 (20%) are bad.
ℹ [Lag 50]:
ℹ 45 (81.82%) are good and 10 (18.18%) are bad.

ℹ 3. Performance evaluation...
ℹ Computing training scores...
ℹ Computing testing scores...
ℹ Saving scores...
✔ Scores saved!

ℹ 4. Associations...
✔ Model ran without errors!

! ----- Running loop: 156/180 -----
ℹ - Random effect: none
ℹ - Strategy: gap-filling
ℹ - New samples: 50
ℹ - Train size: 125
ℹ - N variables: 6
ℹ - K-fold: 9

ℹ 0. Setting up path...
ℹ Searching for the most distant points...

ℹ 1. Fitting model...
ℹ Preparing training set for HMSC...
ℹ Creation of Hmsc object without random effects...
✔ Created Hmsc object!

ℹ Started fitting at: 2026-08-05 14:10:15.376192
! Cannot display fitting progress when running chains in parallel.
! Set `allow_parallel` to `FALSE` to see progress.
ℹ Completed fitting at: 2026-08-05 14:10:38.049847
ℹ Time elapsed: 22.67
ℹ Saving model...
✔ Model saved!

ℹ 2. Convergence diagnostics...
ℹ *** [Parameter: Beta] ***
ℹ Computation of traceplots, can take some time...
ℹ Traceplots saved!
ℹ -> Effective size:
ℹ 54 (98.18%) are good, 1 (1.82%) are acceptable and 0 (0%) are bad.
ℹ -> Gelman-Rubin convergence diagnostic:
ℹ 55 (100%) are good, 0 (0%) are acceptable and 0 (0%) are bad.
ℹ -> Autocorrelation:
ℹ [Lag 20]:
ℹ 44 (80%) are good and 11 (20%) are bad.
ℹ [Lag 50]:
ℹ 46 (83.64%) are good and 9 (16.36%) are bad.

ℹ 3. Performance evaluation...
ℹ Computing training scores...
ℹ Computing testing scores...
ℹ Saving scores...
✔ Scores saved!

ℹ 4. Associations...
✔ Model ran without errors!

! ----- Running loop: 157/180 -----
ℹ - Random effect: none
ℹ - Strategy: simplified-uncertainty
ℹ - New samples: 50
ℹ - Train size: 125
ℹ - N variables: 6
ℹ - K-fold: 9

ℹ 0. Setting up path...
! Running simplified-uncertainty...

ℹ 1. Fitting model...
ℹ Preparing training set for HMSC...
ℹ Creation of Hmsc object without random effects...
✔ Created Hmsc object!

ℹ Started fitting at: 2026-08-05 14:12:03.470813
! Cannot display fitting progress when running chains in parallel.
! Set `allow_parallel` to `FALSE` to see progress.
ℹ Completed fitting at: 2026-08-05 14:12:24.686417
ℹ Time elapsed: 21.22
ℹ Saving model...
✔ Model saved!

ℹ 2. Convergence diagnostics...
ℹ *** [Parameter: Beta] ***
ℹ Computation of traceplots, can take some time...
ℹ Traceplots saved!
ℹ -> Effective size:
ℹ 55 (100%) are good, 0 (0%) are acceptable and 0 (0%) are bad.
ℹ -> Gelman-Rubin convergence diagnostic:
ℹ 55 (100%) are good, 0 (0%) are acceptable and 0 (0%) are bad.
ℹ -> Autocorrelation:
ℹ [Lag 20]:
ℹ 44 (80%) are good and 11 (20%) are bad.
ℹ [Lag 50]:
ℹ 49 (89.09%) are good and 6 (10.91%) are bad.

ℹ 3. Performance evaluation...
ℹ Computing training scores...
ℹ Computing testing scores...
ℹ Saving scores...
✔ Scores saved!

ℹ 4. Associations...
✔ Model ran without errors!

! ----- Running loop: 158/180 -----
ℹ - Random effect: none
ℹ - Strategy: simplified-uncertainty
ℹ - New samples: 0
ℹ - Train size: 125
ℹ - N variables: 6
ℹ - K-fold: 9

ℹ 0. Setting up path...

ℹ 1. Fitting model...
ℹ Preparing training set for HMSC...
ℹ Creation of Hmsc object without random effects...
✔ Created Hmsc object!

ℹ Started fitting at: 2026-08-05 14:13:43.511461
! Cannot display fitting progress when running chains in parallel.
! Set `allow_parallel` to `FALSE` to see progress.
ℹ Completed fitting at: 2026-08-05 14:14:04.936636
ℹ Time elapsed: 21.43
ℹ Saving model...
✔ Model saved!

ℹ 2. Convergence diagnostics...
ℹ *** [Parameter: Beta] ***
ℹ Computation of traceplots, can take some time...
ℹ Traceplots saved!
ℹ -> Effective size:
ℹ 55 (100%) are good, 0 (0%) are acceptable and 0 (0%) are bad.
ℹ -> Gelman-Rubin convergence diagnostic:
ℹ 55 (100%) are good, 0 (0%) are acceptable and 0 (0%) are bad.
ℹ -> Autocorrelation:
ℹ [Lag 20]:
ℹ 43 (78.18%) are good and 12 (21.82%) are bad.
ℹ [Lag 50]:
ℹ 45 (81.82%) are good and 10 (18.18%) are bad.

ℹ 3. Performance evaluation...
ℹ Computing training scores...
ℹ Computing testing scores...
ℹ Saving scores...
✔ Scores saved!

ℹ 4. Associations...
✔ Model ran without errors!

! ----- Running loop: 159/180 -----
ℹ - Random effect: none
ℹ - Strategy: simplified-uncertainty
ℹ - New samples: 10
ℹ - Train size: 125
ℹ - N variables: 6
ℹ - K-fold: 9

ℹ 0. Setting up path...
! Running simplified-uncertainty...

ℹ 1. Fitting model...
ℹ Preparing training set for HMSC...
ℹ Creation of Hmsc object without random effects...
✔ Created Hmsc object!

ℹ Started fitting at: 2026-08-05 14:15:31.825606
! Cannot display fitting progress when running chains in parallel.
! Set `allow_parallel` to `FALSE` to see progress.
ℹ Completed fitting at: 2026-08-05 14:15:54.811088
ℹ Time elapsed: 22.99
ℹ Saving model...
✔ Model saved!

ℹ 2. Convergence diagnostics...
ℹ *** [Parameter: Beta] ***
ℹ Computation of traceplots, can take some time...
ℹ Traceplots saved!
ℹ -> Effective size:
ℹ 52 (94.55%) are good, 3 (5.45%) are acceptable and 0 (0%) are bad.
ℹ -> Gelman-Rubin convergence diagnostic:
ℹ 44 (80%) are good, 2 (3.64%) are acceptable and 9 (16.36%) are bad.
ℹ -> Autocorrelation:
ℹ [Lag 20]:
ℹ 44 (80%) are good and 11 (20%) are bad.
ℹ [Lag 50]:
ℹ 44 (80%) are good and 11 (20%) are bad.

ℹ 3. Performance evaluation...
ℹ Computing training scores...
ℹ Computing testing scores...
ℹ Saving scores...
✔ Scores saved!

ℹ 4. Associations...
✔ Model ran without errors!

! ----- Running loop: 160/180 -----
ℹ - Random effect: none
ℹ - Strategy: simplified-uncertainty
ℹ - New samples: 25
ℹ - Train size: 125
ℹ - N variables: 6
ℹ - K-fold: 9

ℹ 0. Setting up path...
! Running simplified-uncertainty...

ℹ 1. Fitting model...
ℹ Preparing training set for HMSC...
ℹ Creation of Hmsc object without random effects...
✔ Created Hmsc object!

ℹ Started fitting at: 2026-08-05 14:17:20.5387
! Cannot display fitting progress when running chains in parallel.
! Set `allow_parallel` to `FALSE` to see progress.
ℹ Completed fitting at: 2026-08-05 14:17:41.298722
ℹ Time elapsed: 20.76
ℹ Saving model...
✔ Model saved!

ℹ 2. Convergence diagnostics...
ℹ *** [Parameter: Beta] ***
ℹ Computation of traceplots, can take some time...
ℹ Traceplots saved!
ℹ -> Effective size:
ℹ 55 (100%) are good, 0 (0%) are acceptable and 0 (0%) are bad.
ℹ -> Gelman-Rubin convergence diagnostic:
ℹ 55 (100%) are good, 0 (0%) are acceptable and 0 (0%) are bad.
ℹ -> Autocorrelation:
ℹ [Lag 20]:
ℹ 44 (80%) are good and 11 (20%) are bad.
ℹ [Lag 50]:
ℹ 51 (92.73%) are good and 4 (7.27%) are bad.

ℹ 3. Performance evaluation...
ℹ Computing training scores...
ℹ Computing testing scores...
ℹ Saving scores...
✔ Scores saved!

ℹ 4. Associations...
✔ Model ran without errors!

! ----- Running loop: 161/180 -----
ℹ - Random effect: none
ℹ - Strategy: simplified-uncertainty
ℹ - New samples: 100
ℹ - Train size: 125
ℹ - N variables: 6
ℹ - K-fold: 9

ℹ 0. Setting up path...
! Running simplified-uncertainty...

ℹ 1. Fitting model...
ℹ Preparing training set for HMSC...
ℹ Creation of Hmsc object without random effects...
✔ Created Hmsc object!

ℹ Started fitting at: 2026-08-05 14:19:05.68446
! Cannot display fitting progress when running chains in parallel.
! Set `allow_parallel` to `FALSE` to see progress.
ℹ Completed fitting at: 2026-08-05 14:19:26.992471
ℹ Time elapsed: 21.31
ℹ Saving model...
✔ Model saved!

ℹ 2. Convergence diagnostics...
ℹ *** [Parameter: Beta] ***
ℹ Computation of traceplots, can take some time...
ℹ Traceplots saved!
ℹ -> Effective size:
ℹ 54 (98.18%) are good, 1 (1.82%) are acceptable and 0 (0%) are bad.
ℹ -> Gelman-Rubin convergence diagnostic:
ℹ 48 (87.27%) are good, 3 (5.45%) are acceptable and 4 (7.27%) are bad.
ℹ -> Autocorrelation:
ℹ [Lag 20]:
ℹ 44 (80%) are good and 11 (20%) are bad.
ℹ [Lag 50]:
ℹ 44 (80%) are good and 11 (20%) are bad.

ℹ 3. Performance evaluation...
ℹ Computing training scores...
ℹ Computing testing scores...
ℹ Saving scores...
✔ Scores saved!

ℹ 4. Associations...
✔ Model ran without errors!

! ----- Running loop: 162/180 -----
ℹ - Random effect: none
ℹ - Strategy: simplified-uncertainty
ℹ - New samples: 150
ℹ - Train size: 125
ℹ - N variables: 6
ℹ - K-fold: 9

ℹ 0. Setting up path...
! Running simplified-uncertainty...

ℹ 1. Fitting model...
ℹ Preparing training set for HMSC...
ℹ Creation of Hmsc object without random effects...
✔ Created Hmsc object!

ℹ Started fitting at: 2026-08-05 14:20:53.600217
! Cannot display fitting progress when running chains in parallel.
! Set `allow_parallel` to `FALSE` to see progress.
ℹ Completed fitting at: 2026-08-05 14:21:15.878137
ℹ Time elapsed: 22.28
ℹ Saving model...
✔ Model saved!

ℹ 2. Convergence diagnostics...
ℹ *** [Parameter: Beta] ***
ℹ Computation of traceplots, can take some time...
ℹ Traceplots saved!
ℹ -> Effective size:
ℹ 55 (100%) are good, 0 (0%) are acceptable and 0 (0%) are bad.
ℹ -> Gelman-Rubin convergence diagnostic:
ℹ 54 (98.18%) are good, 1 (1.82%) are acceptable and 0 (0%) are bad.
ℹ -> Autocorrelation:
ℹ [Lag 20]:
ℹ 44 (80%) are good and 11 (20%) are bad.
ℹ [Lag 50]:
ℹ 44 (80%) are good and 11 (20%) are bad.

ℹ 3. Performance evaluation...
ℹ Computing training scores...
ℹ Computing testing scores...
ℹ Saving scores...
✔ Scores saved!

ℹ 4. Associations...
✔ Model ran without errors!

! ----- Running loop: 163/180 -----
ℹ - Random effect: none
ℹ - Strategy: none
ℹ - New samples: 0
ℹ - Train size: 15
ℹ - N variables: 6
ℹ - K-fold: 10

ℹ 0. Setting up path...

ℹ 1. Fitting model...
ℹ Preparing training set for HMSC...
ℹ Creation of Hmsc object without random effects...
✔ Created Hmsc object!

ℹ Started fitting at: 2026-08-05 14:22:38.896498
! Cannot display fitting progress when running chains in parallel.
! Set `allow_parallel` to `FALSE` to see progress.
ℹ Completed fitting at: 2026-08-05 14:22:57.383592
ℹ Time elapsed: 18.49
ℹ Saving model...
✔ Model saved!

ℹ 2. Convergence diagnostics...
ℹ *** [Parameter: Beta] ***
ℹ Computation of traceplots, can take some time...
ℹ Traceplots saved!
ℹ -> Effective size:
ℹ 55 (100%) are good, 0 (0%) are acceptable and 0 (0%) are bad.
ℹ -> Gelman-Rubin convergence diagnostic:
ℹ 55 (100%) are good, 0 (0%) are acceptable and 0 (0%) are bad.
ℹ -> Autocorrelation:
ℹ [Lag 20]:
ℹ 36 (65.45%) are good and 19 (34.55%) are bad.
ℹ [Lag 50]:
ℹ 52 (94.55%) are good and 3 (5.45%) are bad.

ℹ 3. Performance evaluation...
ℹ Computing training scores...
ℹ Computing testing scores...
ℹ Saving scores...
✔ Scores saved!

ℹ 4. Associations...
✔ Model ran without errors!

! ----- Running loop: 164/180 -----
ℹ - Random effect: none
ℹ - Strategy: none
ℹ - New samples: 0
ℹ - Train size: 25
ℹ - N variables: 6
ℹ - K-fold: 10

ℹ 0. Setting up path...

ℹ 1. Fitting model...
ℹ Preparing training set for HMSC...
ℹ Creation of Hmsc object without random effects...
✔ Created Hmsc object!

ℹ Started fitting at: 2026-08-05 14:23:45.937997
! Cannot display fitting progress when running chains in parallel.
! Set `allow_parallel` to `FALSE` to see progress.
ℹ Completed fitting at: 2026-08-05 14:24:06.492907
ℹ Time elapsed: 20.55
ℹ Saving model...
✔ Model saved!

ℹ 2. Convergence diagnostics...
ℹ *** [Parameter: Beta] ***
ℹ Computation of traceplots, can take some time...
ℹ Traceplots saved!
ℹ -> Effective size:
ℹ 55 (100%) are good, 0 (0%) are acceptable and 0 (0%) are bad.
ℹ -> Gelman-Rubin convergence diagnostic:
ℹ 55 (100%) are good, 0 (0%) are acceptable and 0 (0%) are bad.
ℹ -> Autocorrelation:
ℹ [Lag 20]:
ℹ 47 (85.45%) are good and 8 (14.55%) are bad.
ℹ [Lag 50]:
ℹ 53 (96.36%) are good and 2 (3.64%) are bad.

ℹ 3. Performance evaluation...
ℹ Computing training scores...
ℹ Computing testing scores...
ℹ Saving scores...
✔ Scores saved!

ℹ 4. Associations...
✔ Model ran without errors!

! ----- Running loop: 165/180 -----
ℹ - Random effect: none
ℹ - Strategy: none
ℹ - New samples: 0
ℹ - Train size: 50
ℹ - N variables: 6
ℹ - K-fold: 10

ℹ 0. Setting up path...

ℹ 1. Fitting model...
ℹ Preparing training set for HMSC...
ℹ Creation of Hmsc object without random effects...
✔ Created Hmsc object!

ℹ Started fitting at: 2026-08-05 14:24:54.788527
! Cannot display fitting progress when running chains in parallel.
! Set `allow_parallel` to `FALSE` to see progress.
ℹ Completed fitting at: 2026-08-05 14:25:16.8908
ℹ Time elapsed: 22.1
ℹ Saving model...
✔ Model saved!

ℹ 2. Convergence diagnostics...
ℹ *** [Parameter: Beta] ***
ℹ Computation of traceplots, can take some time...
ℹ Traceplots saved!
ℹ -> Effective size:
ℹ 55 (100%) are good, 0 (0%) are acceptable and 0 (0%) are bad.
ℹ -> Gelman-Rubin convergence diagnostic:
ℹ 54 (98.18%) are good, 1 (1.82%) are acceptable and 0 (0%) are bad.
ℹ -> Autocorrelation:
ℹ [Lag 20]:
ℹ 43 (78.18%) are good and 12 (21.82%) are bad.
ℹ [Lag 50]:
ℹ 47 (85.45%) are good and 8 (14.55%) are bad.

ℹ 3. Performance evaluation...
ℹ Computing training scores...
ℹ Computing testing scores...
ℹ Saving scores...
✔ Scores saved!

ℹ 4. Associations...
✔ Model ran without errors!

! ----- Running loop: 166/180 -----
ℹ - Random effect: none
ℹ - Strategy: none
ℹ - New samples: 0
ℹ - Train size: 75
ℹ - N variables: 6
ℹ - K-fold: 10

ℹ 0. Setting up path...

ℹ 1. Fitting model...
ℹ Preparing training set for HMSC...
ℹ Creation of Hmsc object without random effects...
✔ Created Hmsc object!

ℹ Started fitting at: 2026-08-05 14:26:01.887336
! Cannot display fitting progress when running chains in parallel.
! Set `allow_parallel` to `FALSE` to see progress.
ℹ Completed fitting at: 2026-08-05 14:26:24.271121
ℹ Time elapsed: 22.38
ℹ Saving model...
✔ Model saved!

ℹ 2. Convergence diagnostics...
ℹ *** [Parameter: Beta] ***
ℹ Computation of traceplots, can take some time...
ℹ Traceplots saved!
ℹ -> Effective size:
ℹ 55 (100%) are good, 0 (0%) are acceptable and 0 (0%) are bad.
ℹ -> Gelman-Rubin convergence diagnostic:
ℹ 55 (100%) are good, 0 (0%) are acceptable and 0 (0%) are bad.
ℹ -> Autocorrelation:
ℹ [Lag 20]:
ℹ 44 (80%) are good and 11 (20%) are bad.
ℹ [Lag 50]:
ℹ 47 (85.45%) are good and 8 (14.55%) are bad.

ℹ 3. Performance evaluation...
ℹ Computing training scores...
ℹ Computing testing scores...
ℹ Saving scores...
✔ Scores saved!

ℹ 4. Associations...
✔ Model ran without errors!

! ----- Running loop: 167/180 -----
ℹ - Random effect: none
ℹ - Strategy: none
ℹ - New samples: 0
ℹ - Train size: 100
ℹ - N variables: 6
ℹ - K-fold: 10

ℹ 0. Setting up path...

ℹ 1. Fitting model...
ℹ Preparing training set for HMSC...
ℹ Creation of Hmsc object without random effects...
✔ Created Hmsc object!

ℹ Started fitting at: 2026-08-05 14:27:12.852666
! Cannot display fitting progress when running chains in parallel.
! Set `allow_parallel` to `FALSE` to see progress.
ℹ Completed fitting at: 2026-08-05 14:27:34.819115
ℹ Time elapsed: 21.97
ℹ Saving model...
✔ Model saved!

ℹ 2. Convergence diagnostics...
ℹ *** [Parameter: Beta] ***
ℹ Computation of traceplots, can take some time...
ℹ Traceplots saved!
ℹ -> Effective size:
ℹ 54 (98.18%) are good, 1 (1.82%) are acceptable and 0 (0%) are bad.
ℹ -> Gelman-Rubin convergence diagnostic:
ℹ 55 (100%) are good, 0 (0%) are acceptable and 0 (0%) are bad.
ℹ -> Autocorrelation:
ℹ [Lag 20]:
ℹ 45 (81.82%) are good and 10 (18.18%) are bad.
ℹ [Lag 50]:
ℹ 51 (92.73%) are good and 4 (7.27%) are bad.

ℹ 3. Performance evaluation...
ℹ Computing training scores...
ℹ Computing testing scores...
ℹ Saving scores...
✔ Scores saved!

ℹ 4. Associations...
✔ Model ran without errors!

! ----- Running loop: 168/180 -----
ℹ - Random effect: none
ℹ - Strategy: none
ℹ - New samples: 0
ℹ - Train size: 125
ℹ - N variables: 6
ℹ - K-fold: 10

ℹ 0. Setting up path...

ℹ 1. Fitting model...
ℹ Preparing training set for HMSC...
ℹ Creation of Hmsc object without random effects...
✔ Created Hmsc object!

ℹ Started fitting at: 2026-08-05 14:28:20.508944
! Cannot display fitting progress when running chains in parallel.
! Set `allow_parallel` to `FALSE` to see progress.
ℹ Completed fitting at: 2026-08-05 14:28:41.351622
ℹ Time elapsed: 20.84
ℹ Saving model...
✔ Model saved!

ℹ 2. Convergence diagnostics...
ℹ *** [Parameter: Beta] ***
ℹ Computation of traceplots, can take some time...
ℹ Traceplots saved!
ℹ -> Effective size:
ℹ 54 (98.18%) are good, 1 (1.82%) are acceptable and 0 (0%) are bad.
ℹ -> Gelman-Rubin convergence diagnostic:
ℹ 55 (100%) are good, 0 (0%) are acceptable and 0 (0%) are bad.
ℹ -> Autocorrelation:
ℹ [Lag 20]:
ℹ 44 (80%) are good and 11 (20%) are bad.
ℹ [Lag 50]:
ℹ 48 (87.27%) are good and 7 (12.73%) are bad.

ℹ 3. Performance evaluation...
ℹ Computing training scores...
ℹ Computing testing scores...
ℹ Saving scores...
✔ Scores saved!

ℹ 4. Associations...
✔ Model ran without errors!

! ----- Running loop: 169/180 -----
ℹ - Random effect: none
ℹ - Strategy: none
ℹ - New samples: 0
ℹ - Train size: 125
ℹ - N variables: 3
ℹ - K-fold: 10

ℹ 0. Setting up path...

ℹ 1. Fitting model...
ℹ Preparing training set for HMSC...
ℹ Creation of Hmsc object without random effects...
✔ Created Hmsc object!

ℹ Started fitting at: 2026-08-05 14:29:30.117397
! Cannot display fitting progress when running chains in parallel.
! Set `allow_parallel` to `FALSE` to see progress.
ℹ Completed fitting at: 2026-08-05 14:29:49.637304
ℹ Time elapsed: 19.52
ℹ Saving model...
✔ Model saved!

ℹ 2. Convergence diagnostics...
ℹ *** [Parameter: Beta] ***
ℹ Computation of traceplots, can take some time...
ℹ Traceplots saved!
ℹ -> Effective size:
ℹ 40 (100%) are good, 0 (0%) are acceptable and 0 (0%) are bad.
ℹ -> Gelman-Rubin convergence diagnostic:
ℹ 39 (97.5%) are good, 1 (2.5%) are acceptable and 0 (0%) are bad.
ℹ -> Autocorrelation:
ℹ [Lag 20]:
ℹ 33 (82.5%) are good and 7 (17.5%) are bad.
ℹ [Lag 50]:
ℹ 36 (90%) are good and 4 (10%) are bad.

ℹ 3. Performance evaluation...
ℹ Computing training scores...
ℹ Computing testing scores...
ℹ Saving scores...
✔ Scores saved!

ℹ 4. Associations...
✔ Model ran without errors!

! ----- Running loop: 170/180 -----
ℹ - Random effect: none
ℹ - Strategy: none
ℹ - New samples: 0
ℹ - Train size: 125
ℹ - N variables: 2
ℹ - K-fold: 10

ℹ 0. Setting up path...

ℹ 1. Fitting model...
ℹ Preparing training set for HMSC...
ℹ Creation of Hmsc object without random effects...
✔ Created Hmsc object!

ℹ Started fitting at: 2026-08-05 14:30:34.174888
! Cannot display fitting progress when running chains in parallel.
! Set `allow_parallel` to `FALSE` to see progress.
ℹ Completed fitting at: 2026-08-05 14:30:52.990745
ℹ Time elapsed: 18.82
ℹ Saving model...
✔ Model saved!

ℹ 2. Convergence diagnostics...
ℹ *** [Parameter: Beta] ***
ℹ Computation of traceplots, can take some time...
ℹ Traceplots saved!
ℹ -> Effective size:
ℹ 35 (100%) are good, 0 (0%) are acceptable and 0 (0%) are bad.
ℹ -> Gelman-Rubin convergence diagnostic:
ℹ 35 (100%) are good, 0 (0%) are acceptable and 0 (0%) are bad.
ℹ -> Autocorrelation:
ℹ [Lag 20]:
ℹ 31 (88.57%) are good and 4 (11.43%) are bad.
ℹ [Lag 50]:
ℹ 33 (94.29%) are good and 2 (5.71%) are bad.

ℹ 3. Performance evaluation...
ℹ Computing training scores...
ℹ Computing testing scores...
ℹ Saving scores...
✔ Scores saved!

ℹ 4. Associations...
✔ Model ran without errors!

! ----- Running loop: 171/180 -----
ℹ - Random effect: units
ℹ - Strategy: none
ℹ - New samples: 0
ℹ - Train size: 125
ℹ - N variables: 6
ℹ - K-fold: 10

ℹ 0. Setting up path...

ℹ 1. Fitting model...
ℹ Preparing training set for HMSC...
ℹ Creation of Hmsc object with 'units' effect...
✔ Created Hmsc object!

ℹ Started fitting at: 2026-08-05 14:31:28.628748
! Cannot display fitting progress when running chains in parallel.
! Set `allow_parallel` to `FALSE` to see progress.
ℹ Completed fitting at: 2026-08-05 14:32:05.967477
ℹ Time elapsed: 37.34
ℹ Saving model...
✔ Model saved!

ℹ 2. Convergence diagnostics...
ℹ *** [Parameter: Beta] ***
ℹ Computation of traceplots, can take some time...
ℹ Traceplots saved!
ℹ -> Effective size:
ℹ 55 (100%) are good, 0 (0%) are acceptable and 0 (0%) are bad.
ℹ -> Gelman-Rubin convergence diagnostic:
ℹ 54 (98.18%) are good, 1 (1.82%) are acceptable and 0 (0%) are bad.
ℹ -> Autocorrelation:
ℹ [Lag 20]:
ℹ 43 (78.18%) are good and 12 (21.82%) are bad.
ℹ [Lag 50]:
ℹ 49 (89.09%) are good and 6 (10.91%) are bad.
ℹ *** [Parameter: Omega] ***
ℹ Computation of traceplots, can take some time...
ℹ Traceplots saved!
ℹ -> Effective size:
ℹ 24 (96%) are good, 1 (4%) are acceptable and 0 (0%) are bad.
ℹ -> Gelman-Rubin convergence diagnostic:
ℹ 21 (84%) are good, 2 (8%) are acceptable and 2 (8%) are bad.
ℹ -> Autocorrelation:
ℹ [Lag 20]:
ℹ 19 (76%) are good and 6 (24%) are bad.
ℹ [Lag 50]:
ℹ 19 (76%) are good and 6 (24%) are bad.

ℹ 3. Performance evaluation...
ℹ Computing training scores...
ℹ Computing testing scores...
ℹ Saving scores...
✔ Scores saved!

ℹ 4. Associations...
✔ Model ran without errors!

! ----- Running loop: 172/180 -----
ℹ - Random effect: none
ℹ - Strategy: none
ℹ - New samples: 50
ℹ - Train size: 125
ℹ - N variables: 6
ℹ - K-fold: 10

ℹ 0. Setting up path...

ℹ 1. Fitting model...
ℹ Preparing training set for HMSC...
ℹ Creation of Hmsc object without random effects...
✔ Created Hmsc object!

ℹ Started fitting at: 2026-08-05 14:33:11.362013
! Cannot display fitting progress when running chains in parallel.
! Set `allow_parallel` to `FALSE` to see progress.
ℹ Completed fitting at: 2026-08-05 14:33:32.196076
ℹ Time elapsed: 20.83
ℹ Saving model...
✔ Model saved!

ℹ 2. Convergence diagnostics...
ℹ *** [Parameter: Beta] ***
ℹ Computation of traceplots, can take some time...
ℹ Traceplots saved!
ℹ -> Effective size:
ℹ 55 (100%) are good, 0 (0%) are acceptable and 0 (0%) are bad.
ℹ -> Gelman-Rubin convergence diagnostic:
ℹ 55 (100%) are good, 0 (0%) are acceptable and 0 (0%) are bad.
ℹ -> Autocorrelation:
ℹ [Lag 20]:
ℹ 44 (80%) are good and 11 (20%) are bad.
ℹ [Lag 50]:
ℹ 51 (92.73%) are good and 4 (7.27%) are bad.

ℹ 3. Performance evaluation...
ℹ Computing training scores...
ℹ Computing testing scores...
ℹ Saving scores...
✔ Scores saved!

ℹ 4. Associations...
✔ Model ran without errors!

! ----- Running loop: 173/180 -----
ℹ - Random effect: none
ℹ - Strategy: business-as-usual
ℹ - New samples: 50
ℹ - Train size: 125
ℹ - N variables: 6
ℹ - K-fold: 10

ℹ 0. Setting up path...
ℹ Pulling 50 new random samples...

ℹ 1. Fitting model...
ℹ Preparing training set for HMSC...
ℹ Creation of Hmsc object without random effects...
✔ Created Hmsc object!

ℹ Started fitting at: 2026-08-05 14:34:20.578938
! Cannot display fitting progress when running chains in parallel.
! Set `allow_parallel` to `FALSE` to see progress.
ℹ Completed fitting at: 2026-08-05 14:34:41.039063
ℹ Time elapsed: 20.46
ℹ Saving model...
✔ Model saved!

ℹ 2. Convergence diagnostics...
ℹ *** [Parameter: Beta] ***
ℹ Computation of traceplots, can take some time...
ℹ Traceplots saved!
ℹ -> Effective size:
ℹ 55 (100%) are good, 0 (0%) are acceptable and 0 (0%) are bad.
ℹ -> Gelman-Rubin convergence diagnostic:
ℹ 55 (100%) are good, 0 (0%) are acceptable and 0 (0%) are bad.
ℹ -> Autocorrelation:
ℹ [Lag 20]:
ℹ 44 (80%) are good and 11 (20%) are bad.
ℹ [Lag 50]:
ℹ 50 (90.91%) are good and 5 (9.09%) are bad.

ℹ 3. Performance evaluation...
ℹ Computing training scores...
ℹ Computing testing scores...
ℹ Saving scores...
✔ Scores saved!

ℹ 4. Associations...
✔ Model ran without errors!

! ----- Running loop: 174/180 -----
ℹ - Random effect: none
ℹ - Strategy: gap-filling
ℹ - New samples: 50
ℹ - Train size: 125
ℹ - N variables: 6
ℹ - K-fold: 10

ℹ 0. Setting up path...
ℹ Searching for the most distant points...

ℹ 1. Fitting model...
ℹ Preparing training set for HMSC...
ℹ Creation of Hmsc object without random effects...
✔ Created Hmsc object!

ℹ Started fitting at: 2026-08-05 14:36:01.645436
! Cannot display fitting progress when running chains in parallel.
! Set `allow_parallel` to `FALSE` to see progress.
ℹ Completed fitting at: 2026-08-05 14:36:22.100643
ℹ Time elapsed: 20.46
ℹ Saving model...
✔ Model saved!

ℹ 2. Convergence diagnostics...
ℹ *** [Parameter: Beta] ***
ℹ Computation of traceplots, can take some time...
ℹ Traceplots saved!
ℹ -> Effective size:
ℹ 55 (100%) are good, 0 (0%) are acceptable and 0 (0%) are bad.
ℹ -> Gelman-Rubin convergence diagnostic:
ℹ 55 (100%) are good, 0 (0%) are acceptable and 0 (0%) are bad.
ℹ -> Autocorrelation:
ℹ [Lag 20]:
ℹ 46 (83.64%) are good and 9 (16.36%) are bad.
ℹ [Lag 50]:
ℹ 50 (90.91%) are good and 5 (9.09%) are bad.

ℹ 3. Performance evaluation...
ℹ Computing training scores...
ℹ Computing testing scores...
ℹ Saving scores...
✔ Scores saved!

ℹ 4. Associations...
✔ Model ran without errors!

! ----- Running loop: 175/180 -----
ℹ - Random effect: none
ℹ - Strategy: simplified-uncertainty
ℹ - New samples: 50
ℹ - Train size: 125
ℹ - N variables: 6
ℹ - K-fold: 10

ℹ 0. Setting up path...
! Running simplified-uncertainty...

ℹ 1. Fitting model...
ℹ Preparing training set for HMSC...
ℹ Creation of Hmsc object without random effects...
✔ Created Hmsc object!

ℹ Started fitting at: 2026-08-05 14:37:44.602253
! Cannot display fitting progress when running chains in parallel.
! Set `allow_parallel` to `FALSE` to see progress.
ℹ Completed fitting at: 2026-08-05 14:38:05.277871
ℹ Time elapsed: 20.68
ℹ Saving model...
✔ Model saved!

ℹ 2. Convergence diagnostics...
ℹ *** [Parameter: Beta] ***
ℹ Computation of traceplots, can take some time...
ℹ Traceplots saved!
ℹ -> Effective size:
ℹ 54 (98.18%) are good, 1 (1.82%) are acceptable and 0 (0%) are bad.
ℹ -> Gelman-Rubin convergence diagnostic:
ℹ 55 (100%) are good, 0 (0%) are acceptable and 0 (0%) are bad.
ℹ -> Autocorrelation:
ℹ [Lag 20]:
ℹ 44 (80%) are good and 11 (20%) are bad.
ℹ [Lag 50]:
ℹ 52 (94.55%) are good and 3 (5.45%) are bad.

ℹ 3. Performance evaluation...
ℹ Computing training scores...
ℹ Computing testing scores...
ℹ Saving scores...
✔ Scores saved!

ℹ 4. Associations...
✔ Model ran without errors!

! ----- Running loop: 176/180 -----
ℹ - Random effect: none
ℹ - Strategy: simplified-uncertainty
ℹ - New samples: 0
ℹ - Train size: 125
ℹ - N variables: 6
ℹ - K-fold: 10

ℹ 0. Setting up path...

ℹ 1. Fitting model...
ℹ Preparing training set for HMSC...
ℹ Creation of Hmsc object without random effects...
✔ Created Hmsc object!

ℹ Started fitting at: 2026-08-05 14:39:20.078312
! Cannot display fitting progress when running chains in parallel.
! Set `allow_parallel` to `FALSE` to see progress.
ℹ Completed fitting at: 2026-08-05 14:39:40.519981
ℹ Time elapsed: 20.44
ℹ Saving model...
✔ Model saved!

ℹ 2. Convergence diagnostics...
ℹ *** [Parameter: Beta] ***
ℹ Computation of traceplots, can take some time...
ℹ Traceplots saved!
ℹ -> Effective size:
ℹ 53 (96.36%) are good, 2 (3.64%) are acceptable and 0 (0%) are bad.
ℹ -> Gelman-Rubin convergence diagnostic:
ℹ 55 (100%) are good, 0 (0%) are acceptable and 0 (0%) are bad.
ℹ -> Autocorrelation:
ℹ [Lag 20]:
ℹ 44 (80%) are good and 11 (20%) are bad.
ℹ [Lag 50]:
ℹ 48 (87.27%) are good and 7 (12.73%) are bad.

ℹ 3. Performance evaluation...
ℹ Computing training scores...
ℹ Computing testing scores...
ℹ Saving scores...
✔ Scores saved!

ℹ 4. Associations...
✔ Model ran without errors!

! ----- Running loop: 177/180 -----
ℹ - Random effect: none
ℹ - Strategy: simplified-uncertainty
ℹ - New samples: 10
ℹ - Train size: 125
ℹ - N variables: 6
ℹ - K-fold: 10

ℹ 0. Setting up path...
! Running simplified-uncertainty...

ℹ 1. Fitting model...
ℹ Preparing training set for HMSC...
ℹ Creation of Hmsc object without random effects...
✔ Created Hmsc object!

ℹ Started fitting at: 2026-08-05 14:41:03.876956
! Cannot display fitting progress when running chains in parallel.
! Set `allow_parallel` to `FALSE` to see progress.
ℹ Completed fitting at: 2026-08-05 14:41:24.678706
ℹ Time elapsed: 20.8
ℹ Saving model...
✔ Model saved!

ℹ 2. Convergence diagnostics...
ℹ *** [Parameter: Beta] ***
ℹ Computation of traceplots, can take some time...
ℹ Traceplots saved!
ℹ -> Effective size:
ℹ 54 (98.18%) are good, 1 (1.82%) are acceptable and 0 (0%) are bad.
ℹ -> Gelman-Rubin convergence diagnostic:
ℹ 55 (100%) are good, 0 (0%) are acceptable and 0 (0%) are bad.
ℹ -> Autocorrelation:
ℹ [Lag 20]:
ℹ 44 (80%) are good and 11 (20%) are bad.
ℹ [Lag 50]:
ℹ 49 (89.09%) are good and 6 (10.91%) are bad.

ℹ 3. Performance evaluation...
ℹ Computing training scores...
ℹ Computing testing scores...
ℹ Saving scores...
✔ Scores saved!

ℹ 4. Associations...
✔ Model ran without errors!

! ----- Running loop: 178/180 -----
ℹ - Random effect: none
ℹ - Strategy: simplified-uncertainty
ℹ - New samples: 25
ℹ - Train size: 125
ℹ - N variables: 6
ℹ - K-fold: 10

ℹ 0. Setting up path...
! Running simplified-uncertainty...

ℹ 1. Fitting model...
ℹ Preparing training set for HMSC...
ℹ Creation of Hmsc object without random effects...
✔ Created Hmsc object!

ℹ Started fitting at: 2026-08-05 14:42:47.975514
! Cannot display fitting progress when running chains in parallel.
! Set `allow_parallel` to `FALSE` to see progress.
ℹ Completed fitting at: 2026-08-05 14:43:08.803315
ℹ Time elapsed: 20.83
ℹ Saving model...
✔ Model saved!

ℹ 2. Convergence diagnostics...
ℹ *** [Parameter: Beta] ***
ℹ Computation of traceplots, can take some time...
ℹ Traceplots saved!
ℹ -> Effective size:
ℹ 55 (100%) are good, 0 (0%) are acceptable and 0 (0%) are bad.
ℹ -> Gelman-Rubin convergence diagnostic:
ℹ 55 (100%) are good, 0 (0%) are acceptable and 0 (0%) are bad.
ℹ -> Autocorrelation:
ℹ [Lag 20]:
ℹ 46 (83.64%) are good and 9 (16.36%) are bad.
ℹ [Lag 50]:
ℹ 51 (92.73%) are good and 4 (7.27%) are bad.

ℹ 3. Performance evaluation...
ℹ Computing training scores...
ℹ Computing testing scores...
ℹ Saving scores...
✔ Scores saved!

ℹ 4. Associations...
✔ Model ran without errors!

! ----- Running loop: 179/180 -----
ℹ - Random effect: none
ℹ - Strategy: simplified-uncertainty
ℹ - New samples: 100
ℹ - Train size: 125
ℹ - N variables: 6
ℹ - K-fold: 10

ℹ 0. Setting up path...
! Running simplified-uncertainty...

ℹ 1. Fitting model...
ℹ Preparing training set for HMSC...
ℹ Creation of Hmsc object without random effects...
✔ Created Hmsc object!

ℹ Started fitting at: 2026-08-05 14:44:30.022341
! Cannot display fitting progress when running chains in parallel.
! Set `allow_parallel` to `FALSE` to see progress.
ℹ Completed fitting at: 2026-08-05 14:44:50.811145
ℹ Time elapsed: 20.79
ℹ Saving model...
✔ Model saved!

ℹ 2. Convergence diagnostics...
ℹ *** [Parameter: Beta] ***
ℹ Computation of traceplots, can take some time...
ℹ Traceplots saved!
ℹ -> Effective size:
ℹ 54 (98.18%) are good, 1 (1.82%) are acceptable and 0 (0%) are bad.
ℹ -> Gelman-Rubin convergence diagnostic:
ℹ 55 (100%) are good, 0 (0%) are acceptable and 0 (0%) are bad.
ℹ -> Autocorrelation:
ℹ [Lag 20]:
ℹ 44 (80%) are good and 11 (20%) are bad.
ℹ [Lag 50]:
ℹ 48 (87.27%) are good and 7 (12.73%) are bad.

ℹ 3. Performance evaluation...
ℹ Computing training scores...
ℹ Computing testing scores...
ℹ Saving scores...
✔ Scores saved!

ℹ 4. Associations...
✔ Model ran without errors!

! ----- Running loop: 180/180 -----
ℹ - Random effect: none
ℹ - Strategy: simplified-uncertainty
ℹ - New samples: 150
ℹ - Train size: 125
ℹ - N variables: 6
ℹ - K-fold: 10

ℹ 0. Setting up path...
! Running simplified-uncertainty...

ℹ 1. Fitting model...
ℹ Preparing training set for HMSC...
ℹ Creation of Hmsc object without random effects...
✔ Created Hmsc object!

ℹ Started fitting at: 2026-08-05 14:46:17.343549
! Cannot display fitting progress when running chains in parallel.
! Set `allow_parallel` to `FALSE` to see progress.
ℹ Completed fitting at: 2026-08-05 14:46:39.616408
ℹ Time elapsed: 22.27
ℹ Saving model...
✔ Model saved!

ℹ 2. Convergence diagnostics...
ℹ *** [Parameter: Beta] ***
ℹ Computation of traceplots, can take some time...
ℹ Traceplots saved!
ℹ -> Effective size:
ℹ 53 (96.36%) are good, 2 (3.64%) are acceptable and 0 (0%) are bad.
ℹ -> Gelman-Rubin convergence diagnostic:
ℹ 55 (100%) are good, 0 (0%) are acceptable and 0 (0%) are bad.
ℹ -> Autocorrelation:
ℹ [Lag 20]:
ℹ 43 (78.18%) are good and 12 (21.82%) are bad.
ℹ [Lag 50]:
ℹ 50 (90.91%) are good and 5 (9.09%) are bad.

ℹ 3. Performance evaluation...
ℹ Computing training scores...
ℹ Computing testing scores...
ℹ Saving scores...
✔ Scores saved!

ℹ 4. Associations...
✔ Model ran without errors!

There were 50 or more warnings (use warnings() to see the first 50)
