Warning message:
renv took longer than expected (39 seconds) to activate the sandbox.

The sandbox can be disabled by setting:

    RENV_CONFIG_SANDBOX_ENABLED = FALSE

within an appropriate start-up .Renviron file.

See `?renv::config` for more details. 
ℹ Specified output folder not found, creating it...
ℹ Creating base files...
ℹ Exploration of dataset.
`geom_smooth()` using formula = 'y ~ x'
`geom_smooth()` using formula = 'y ~ x'
`geom_smooth()` using formula = 'y ~ x'
`geom_smooth()` using formula = 'y ~ x'
`geom_smooth()` using formula = 'y ~ x'
`geom_smooth()` using formula = 'y ~ x'
`geom_smooth()` using formula = 'y ~ x'
`geom_smooth()` using formula = 'y ~ x'
`geom_smooth()` using formula = 'y ~ x'
`geom_smooth()` using formula = 'y ~ x'
✔ Saved Draftman's plot.
ℹ Top-5 MOST sighted species (from occurences):
              column  sum
1 Sylvia_atricapilla 4750
2  Fringilla_coelebs 4442
3      Turdus_merula 4375
4        Parus_major 3903
5   Columba_palumbus 3089
ℹ  
ℹ Top-5 LEAST sighted species (from occurences):
               column sum
1      Periparus_ater 159
2    Anthus_trivialis 381
3   Turdus_viscivorus 392
4     Serinus_serinus 503
5 Carduelis_cannabina 535
✔ Saved table of occurrences in dataset.

ℹ Splitting datasets...
✔ Point ID of splits are ready for each split!

ℹ ------------ Fitting models ------------

! ----- Running loop: 1/320 -----
ℹ - Random effect: none
ℹ - Strategy: none
ℹ - New samples: 0
ℹ - Train size: 15
ℹ - N variables: 6
ℹ - K-fold: 1

ℹ 0. Setting up path...

ℹ 1. Fitting model...
ℹ Preparing training set for HMSC...
ℹ Creation of Hmsc object without random effects...
✔ Created Hmsc object!

ℹ Started fitting at: 2026-09-02 14:44:43.656788
! Cannot display fitting progress when running chains in parallel.
! Set `allow_parallel` to `FALSE` to see progress.
ℹ Completed fitting at: 2026-09-02 14:44:55.001647
ℹ Time elapsed: 11.34
ℹ Saving model...
✔ Model saved!

ℹ 2. Convergence diagnostics...
ℹ *** [Parameter: Beta] ***
ℹ Computation of traceplots, can take some time...
ℹ Traceplots saved!
ℹ -> Effective size:
ℹ 58 (35.15%) are good, 97 (58.79%) are acceptable and 10 (6.06%) are bad.
ℹ -> Gelman-Rubin convergence diagnostic:
ℹ 136 (82.42%) are good, 19 (11.52%) are acceptable and 10 (6.06%) are bad.
ℹ -> Autocorrelation:
ℹ [Lag 20]:
ℹ 51 (30.91%) are good and 114 (69.09%) are bad.
ℹ [Lag 50]:
ℹ 100 (60.61%) are good and 65 (39.39%) are bad.

ℹ 3. Performance evaluation...
ℹ Computing training scores...
ℹ Computing testing scores...
ℹ Saving scores...
✔ Scores saved!

ℹ 4. Associations...
✔ Model ran without errors!

! ----- Running loop: 2/320 -----
ℹ - Random effect: none
ℹ - Strategy: none
ℹ - New samples: 0
ℹ - Train size: 25
ℹ - N variables: 6
ℹ - K-fold: 1

ℹ 0. Setting up path...

ℹ 1. Fitting model...
ℹ Preparing training set for HMSC...
ℹ Creation of Hmsc object without random effects...
✔ Created Hmsc object!

ℹ Started fitting at: 2026-09-02 14:45:37.891194
! Cannot display fitting progress when running chains in parallel.
! Set `allow_parallel` to `FALSE` to see progress.
ℹ Completed fitting at: 2026-09-02 14:45:44.666375
ℹ Time elapsed: 6.78
ℹ Saving model...
✔ Model saved!

ℹ 2. Convergence diagnostics...
ℹ *** [Parameter: Beta] ***
ℹ Computation of traceplots, can take some time...
ℹ Traceplots saved!
ℹ -> Effective size:
ℹ 68 (41.21%) are good, 95 (57.58%) are acceptable and 2 (1.21%) are bad.
ℹ -> Gelman-Rubin convergence diagnostic:
ℹ 154 (93.33%) are good, 10 (6.06%) are acceptable and 1 (0.61%) are bad.
ℹ -> Autocorrelation:
ℹ [Lag 20]:
ℹ 58 (35.15%) are good and 107 (64.85%) are bad.
ℹ [Lag 50]:
ℹ 126 (76.36%) are good and 39 (23.64%) are bad.

ℹ 3. Performance evaluation...
ℹ Computing training scores...
ℹ Computing testing scores...
ℹ Saving scores...
✔ Scores saved!

ℹ 4. Associations...
✔ Model ran without errors!

! ----- Running loop: 3/320 -----
ℹ - Random effect: none
ℹ - Strategy: none
ℹ - New samples: 0
ℹ - Train size: 50
ℹ - N variables: 6
ℹ - K-fold: 1

ℹ 0. Setting up path...

ℹ 1. Fitting model...
ℹ Preparing training set for HMSC...
ℹ Creation of Hmsc object without random effects...
✔ Created Hmsc object!

ℹ Started fitting at: 2026-09-02 14:46:19.761604
! Cannot display fitting progress when running chains in parallel.
! Set `allow_parallel` to `FALSE` to see progress.
ℹ Completed fitting at: 2026-09-02 14:46:31.566552
ℹ Time elapsed: 11.8
ℹ Saving model...
✔ Model saved!

ℹ 2. Convergence diagnostics...
ℹ *** [Parameter: Beta] ***
ℹ Computation of traceplots, can take some time...
ℹ Traceplots saved!
ℹ -> Effective size:
ℹ 139 (84.24%) are good, 26 (15.76%) are acceptable and 0 (0%) are bad.
ℹ -> Gelman-Rubin convergence diagnostic:
ℹ 160 (96.97%) are good, 3 (1.82%) are acceptable and 2 (1.21%) are bad.
ℹ -> Autocorrelation:
ℹ [Lag 20]:
ℹ 138 (83.64%) are good and 27 (16.36%) are bad.
ℹ [Lag 50]:
ℹ 161 (97.58%) are good and 4 (2.42%) are bad.

ℹ 3. Performance evaluation...
ℹ Computing training scores...
ℹ Computing testing scores...
ℹ Saving scores...
✔ Scores saved!

ℹ 4. Associations...
✔ Model ran without errors!

! ----- Running loop: 4/320 -----
ℹ - Random effect: none
ℹ - Strategy: none
ℹ - New samples: 0
ℹ - Train size: 75
ℹ - N variables: 6
ℹ - K-fold: 1

ℹ 0. Setting up path...

ℹ 1. Fitting model...
ℹ Preparing training set for HMSC...
ℹ Creation of Hmsc object without random effects...
✔ Created Hmsc object!

ℹ Started fitting at: 2026-09-02 14:47:06.13432
! Cannot display fitting progress when running chains in parallel.
! Set `allow_parallel` to `FALSE` to see progress.
ℹ Completed fitting at: 2026-09-02 14:47:13.235781
ℹ Time elapsed: 7.1
ℹ Saving model...
✔ Model saved!

ℹ 2. Convergence diagnostics...
ℹ *** [Parameter: Beta] ***
ℹ Computation of traceplots, can take some time...
ℹ Traceplots saved!
ℹ -> Effective size:
ℹ 137 (83.03%) are good, 28 (16.97%) are acceptable and 0 (0%) are bad.
ℹ -> Gelman-Rubin convergence diagnostic:
ℹ 164 (99.39%) are good, 0 (0%) are acceptable and 1 (0.61%) are bad.
ℹ -> Autocorrelation:
ℹ [Lag 20]:
ℹ 146 (88.48%) are good and 19 (11.52%) are bad.
ℹ [Lag 50]:
ℹ 165 (100%) are good and 0 (0%) are bad.

ℹ 3. Performance evaluation...
ℹ Computing training scores...
ℹ Computing testing scores...
ℹ Saving scores...
✔ Scores saved!

ℹ 4. Associations...
✔ Model ran without errors!

! ----- Running loop: 5/320 -----
ℹ - Random effect: none
ℹ - Strategy: none
ℹ - New samples: 0
ℹ - Train size: 100
ℹ - N variables: 6
ℹ - K-fold: 1

ℹ 0. Setting up path...

ℹ 1. Fitting model...
ℹ Preparing training set for HMSC...
ℹ Creation of Hmsc object without random effects...
✔ Created Hmsc object!

ℹ Started fitting at: 2026-09-02 14:47:47.377874
! Cannot display fitting progress when running chains in parallel.
! Set `allow_parallel` to `FALSE` to see progress.
ℹ Completed fitting at: 2026-09-02 14:48:00.001038
ℹ Time elapsed: 12.62
ℹ Saving model...
✔ Model saved!

ℹ 2. Convergence diagnostics...
ℹ *** [Parameter: Beta] ***
ℹ Computation of traceplots, can take some time...
ℹ Traceplots saved!
ℹ -> Effective size:
ℹ 144 (87.27%) are good, 21 (12.73%) are acceptable and 0 (0%) are bad.
ℹ -> Gelman-Rubin convergence diagnostic:
ℹ 155 (93.94%) are good, 8 (4.85%) are acceptable and 2 (1.21%) are bad.
ℹ -> Autocorrelation:
ℹ [Lag 20]:
ℹ 138 (83.64%) are good and 27 (16.36%) are bad.
ℹ [Lag 50]:
ℹ 163 (98.79%) are good and 2 (1.21%) are bad.

ℹ 3. Performance evaluation...
ℹ Computing training scores...
ℹ Computing testing scores...
ℹ Saving scores...
✔ Scores saved!

ℹ 4. Associations...
✔ Model ran without errors!

! ----- Running loop: 6/320 -----
ℹ - Random effect: none
ℹ - Strategy: none
ℹ - New samples: 0
ℹ - Train size: 125
ℹ - N variables: 6
ℹ - K-fold: 1

ℹ 0. Setting up path...

ℹ 1. Fitting model...
ℹ Preparing training set for HMSC...
ℹ Creation of Hmsc object without random effects...
✔ Created Hmsc object!

ℹ Started fitting at: 2026-09-02 14:48:34.699857
! Cannot display fitting progress when running chains in parallel.
! Set `allow_parallel` to `FALSE` to see progress.
ℹ Completed fitting at: 2026-09-02 14:48:42.0546
ℹ Time elapsed: 7.35
ℹ Saving model...
✔ Model saved!

ℹ 2. Convergence diagnostics...
ℹ *** [Parameter: Beta] ***
ℹ Computation of traceplots, can take some time...
ℹ Traceplots saved!
ℹ -> Effective size:
ℹ 144 (87.27%) are good, 21 (12.73%) are acceptable and 0 (0%) are bad.
ℹ -> Gelman-Rubin convergence diagnostic:
ℹ 165 (100%) are good, 0 (0%) are acceptable and 0 (0%) are bad.
ℹ -> Autocorrelation:
ℹ [Lag 20]:
ℹ 147 (89.09%) are good and 18 (10.91%) are bad.
ℹ [Lag 50]:
ℹ 165 (100%) are good and 0 (0%) are bad.

ℹ 3. Performance evaluation...
ℹ Computing training scores...
ℹ Computing testing scores...
ℹ Saving scores...
✔ Scores saved!

ℹ 4. Associations...
✔ Model ran without errors!

! ----- Running loop: 7/320 -----
ℹ - Random effect: carres
ℹ - Strategy: none
ℹ - New samples: 0
ℹ - Train size: 125
ℹ - N variables: 6
ℹ - K-fold: 1

ℹ 0. Setting up path...

ℹ 1. Fitting model...
ℹ Preparing training set for HMSC...
ℹ Creation of Hmsc object with 'units' effect...
✔ Created Hmsc object!

ℹ Started fitting at: 2026-09-02 14:49:17.329298
! Cannot display fitting progress when running chains in parallel.
! Set `allow_parallel` to `FALSE` to see progress.
ℹ Completed fitting at: 2026-09-02 14:49:50.106572
ℹ Time elapsed: 32.78
ℹ Saving model...
✔ Model saved!

ℹ 2. Convergence diagnostics...
ℹ *** [Parameter: Beta] ***
ℹ Computation of traceplots, can take some time...
ℹ Traceplots saved!
ℹ -> Effective size:
ℹ 146 (88.48%) are good, 19 (11.52%) are acceptable and 0 (0%) are bad.
ℹ -> Gelman-Rubin convergence diagnostic:
ℹ 165 (100%) are good, 0 (0%) are acceptable and 0 (0%) are bad.
ℹ -> Autocorrelation:
ℹ [Lag 20]:
ℹ 146 (88.48%) are good and 19 (11.52%) are bad.
ℹ [Lag 50]:
ℹ 165 (100%) are good and 0 (0%) are bad.
ℹ *** [Parameter: Omega] ***
ℹ Computation of traceplots, can take some time...
ℹ Traceplots saved!
ℹ -> Effective size:
ℹ 181 (80.44%) are good, 44 (19.56%) are acceptable and 0 (0%) are bad.
ℹ -> Gelman-Rubin convergence diagnostic:
ℹ 187 (83.11%) are good, 22 (9.78%) are acceptable and 16 (7.11%) are bad.
ℹ -> Autocorrelation:
ℹ [Lag 20]:
ℹ 181 (80.44%) are good and 44 (19.56%) are bad.
ℹ [Lag 50]:
ℹ 221 (98.22%) are good and 4 (1.78%) are bad.

ℹ 3. Performance evaluation...
ℹ Computing training scores...
ℹ Computing testing scores...
ℹ Saving scores...
✔ Scores saved!

ℹ 4. Associations...
✔ Model ran without errors!

! ----- Running loop: 8/320 -----
ℹ - Random effect: spatial
ℹ - Strategy: none
ℹ - New samples: 0
ℹ - Train size: 125
ℹ - N variables: 6
ℹ - K-fold: 1

ℹ 0. Setting up path...

ℹ 1. Fitting model...
ℹ Preparing training set for HMSC...
ℹ Creation of Hmsc object with 'spatial' effect...
✔ Created Hmsc object!

ℹ Started fitting at: 2026-09-02 14:50:52.357699
! Cannot display fitting progress when running chains in parallel.
! Set `allow_parallel` to `FALSE` to see progress.
ℹ Completed fitting at: 2026-09-02 14:51:25.949366
ℹ Time elapsed: 33.59
ℹ Saving model...
✔ Model saved!

ℹ 2. Convergence diagnostics...
ℹ *** [Parameter: Beta] ***
ℹ Computation of traceplots, can take some time...
ℹ Traceplots saved!
ℹ -> Effective size:
ℹ 147 (89.09%) are good, 18 (10.91%) are acceptable and 0 (0%) are bad.
ℹ -> Gelman-Rubin convergence diagnostic:
ℹ 165 (100%) are good, 0 (0%) are acceptable and 0 (0%) are bad.
ℹ -> Autocorrelation:
ℹ [Lag 20]:
ℹ 142 (86.06%) are good and 23 (13.94%) are bad.
ℹ [Lag 50]:
ℹ 163 (98.79%) are good and 2 (1.21%) are bad.
ℹ *** [Parameter: Omega] ***
ℹ Computation of traceplots, can take some time...
ℹ Traceplots saved!
ℹ -> Effective size:
ℹ 169 (75.11%) are good, 50 (22.22%) are acceptable and 6 (2.67%) are bad.
ℹ -> Gelman-Rubin convergence diagnostic:
ℹ 188 (83.56%) are good, 24 (10.67%) are acceptable and 13 (5.78%) are bad.
ℹ -> Autocorrelation:
ℹ [Lag 20]:
ℹ 184 (81.78%) are good and 41 (18.22%) are bad.
ℹ [Lag 50]:
ℹ 213 (94.67%) are good and 12 (5.33%) are bad.

ℹ 3. Performance evaluation...
ℹ Computing training scores...
ℹ Computing testing scores...
ℹ Saving scores...
✔ Scores saved!

ℹ 4. Associations...
✔ Model ran without errors!

! ----- Running loop: 9/320 -----
ℹ - Random effect: none
ℹ - Strategy: none
ℹ - New samples: 0
ℹ - Train size: 125
ℹ - N variables: 4
ℹ - K-fold: 1

ℹ 0. Setting up path...

ℹ 1. Fitting model...
ℹ Preparing training set for HMSC...
ℹ Creation of Hmsc object without random effects...
✔ Created Hmsc object!

ℹ Started fitting at: 2026-09-02 14:53:35.104878
! Cannot display fitting progress when running chains in parallel.
! Set `allow_parallel` to `FALSE` to see progress.
ℹ Completed fitting at: 2026-09-02 14:53:42.664145
ℹ Time elapsed: 7.56
ℹ Saving model...
✔ Model saved!

ℹ 2. Convergence diagnostics...
ℹ *** [Parameter: Beta] ***
ℹ Computation of traceplots, can take some time...
ℹ Traceplots saved!
ℹ -> Effective size:
ℹ 123 (91.11%) are good, 12 (8.89%) are acceptable and 0 (0%) are bad.
ℹ -> Gelman-Rubin convergence diagnostic:
ℹ 132 (97.78%) are good, 3 (2.22%) are acceptable and 0 (0%) are bad.
ℹ -> Autocorrelation:
ℹ [Lag 20]:
ℹ 129 (95.56%) are good and 6 (4.44%) are bad.
ℹ [Lag 50]:
ℹ 135 (100%) are good and 0 (0%) are bad.

ℹ 3. Performance evaluation...
ℹ Computing training scores...
ℹ Computing testing scores...
ℹ Saving scores...
✔ Scores saved!

ℹ 4. Associations...
✔ Model ran without errors!

! ----- Running loop: 10/320 -----
ℹ - Random effect: none
ℹ - Strategy: none
ℹ - New samples: 0
ℹ - Train size: 125
ℹ - N variables: 3
ℹ - K-fold: 1

ℹ 0. Setting up path...

ℹ 1. Fitting model...
ℹ Preparing training set for HMSC...
ℹ Creation of Hmsc object without random effects...
✔ Created Hmsc object!

ℹ Started fitting at: 2026-09-02 14:54:13.268949
! Cannot display fitting progress when running chains in parallel.
! Set `allow_parallel` to `FALSE` to see progress.
ℹ Completed fitting at: 2026-09-02 14:54:25.489043
ℹ Time elapsed: 12.22
ℹ Saving model...
✔ Model saved!

ℹ 2. Convergence diagnostics...
ℹ *** [Parameter: Beta] ***
ℹ Computation of traceplots, can take some time...
ℹ Traceplots saved!
ℹ -> Effective size:
ℹ 106 (88.33%) are good, 14 (11.67%) are acceptable and 0 (0%) are bad.
ℹ -> Gelman-Rubin convergence diagnostic:
ℹ 120 (100%) are good, 0 (0%) are acceptable and 0 (0%) are bad.
ℹ -> Autocorrelation:
ℹ [Lag 20]:
ℹ 108 (90%) are good and 12 (10%) are bad.
ℹ [Lag 50]:
ℹ 120 (100%) are good and 0 (0%) are bad.

ℹ 3. Performance evaluation...
ℹ Computing training scores...
ℹ Computing testing scores...
ℹ Saving scores...
✔ Scores saved!

ℹ 4. Associations...
✔ Model ran without errors!

! ----- Running loop: 11/320 -----
ℹ - Random effect: none
ℹ - Strategy: none
ℹ - New samples: 0
ℹ - Train size: 125
ℹ - N variables: 2
ℹ - K-fold: 1

ℹ 0. Setting up path...

ℹ 1. Fitting model...
ℹ Preparing training set for HMSC...
ℹ Creation of Hmsc object without random effects...
✔ Created Hmsc object!

ℹ Started fitting at: 2026-09-02 14:54:52.252632
! Cannot display fitting progress when running chains in parallel.
! Set `allow_parallel` to `FALSE` to see progress.
ℹ Completed fitting at: 2026-09-02 14:55:09.56109
ℹ Time elapsed: 17.31
ℹ Saving model...
✔ Model saved!

ℹ 2. Convergence diagnostics...
ℹ *** [Parameter: Beta] ***
ℹ Computation of traceplots, can take some time...
ℹ Traceplots saved!
ℹ -> Effective size:
ℹ 85 (80.95%) are good, 20 (19.05%) are acceptable and 0 (0%) are bad.
ℹ -> Gelman-Rubin convergence diagnostic:
ℹ 100 (95.24%) are good, 5 (4.76%) are acceptable and 0 (0%) are bad.
ℹ -> Autocorrelation:
ℹ [Lag 20]:
ℹ 86 (81.9%) are good and 19 (18.1%) are bad.
ℹ [Lag 50]:
ℹ 105 (100%) are good and 0 (0%) are bad.

ℹ 3. Performance evaluation...
ℹ Computing training scores...
ℹ Computing testing scores...
ℹ Saving scores...
✔ Scores saved!

ℹ 4. Associations...
✔ Model ran without errors!

! ----- Running loop: 12/320 -----
ℹ - Random effect: none
ℹ - Strategy: none
ℹ - New samples: 50
ℹ - Train size: 125
ℹ - N variables: 6
ℹ - K-fold: 1

ℹ 0. Setting up path...
! Strategy is 'none' but n_new_samples is '50'. Overwriting with n_new_samples = '0' to avoid errors.
ℹ Model already fitted! Skipping...

! ----- Running loop: 13/320 -----
ℹ - Random effect: none
ℹ - Strategy: business-as-usual
ℹ - New samples: 50
ℹ - Train size: 125
ℹ - N variables: 6
ℹ - K-fold: 1

ℹ 0. Setting up path...
ℹ Pulling 50 new random samples...

ℹ 1. Fitting model...
ℹ Preparing training set for HMSC...
ℹ Creation of Hmsc object without random effects...
✔ Created Hmsc object!

ℹ Started fitting at: 2026-09-02 14:55:34.932754
! Cannot display fitting progress when running chains in parallel.
! Set `allow_parallel` to `FALSE` to see progress.
ℹ Completed fitting at: 2026-09-02 14:55:43.180367
ℹ Time elapsed: 8.25
ℹ Saving model...
✔ Model saved!

ℹ 2. Convergence diagnostics...
ℹ *** [Parameter: Beta] ***
ℹ Computation of traceplots, can take some time...
ℹ Traceplots saved!
ℹ -> Effective size:
ℹ 135 (81.82%) are good, 30 (18.18%) are acceptable and 0 (0%) are bad.
ℹ -> Gelman-Rubin convergence diagnostic:
ℹ 164 (99.39%) are good, 1 (0.61%) are acceptable and 0 (0%) are bad.
ℹ -> Autocorrelation:
ℹ [Lag 20]:
ℹ 142 (86.06%) are good and 23 (13.94%) are bad.
ℹ [Lag 50]:
ℹ 165 (100%) are good and 0 (0%) are bad.

ℹ 3. Performance evaluation...
ℹ Computing training scores...
ℹ Computing testing scores...
ℹ Saving scores...
✔ Scores saved!

ℹ 4. Associations...
✔ Model ran without errors!

! ----- Running loop: 14/320 -----
ℹ - Random effect: none
ℹ - Strategy: gap-filling
ℹ - New samples: 50
ℹ - Train size: 125
ℹ - N variables: 6
ℹ - K-fold: 1

ℹ 0. Setting up path...
ℹ Searching for the most distant points...

ℹ 1. Fitting model...
ℹ Preparing training set for HMSC...
ℹ Creation of Hmsc object without random effects...
✔ Created Hmsc object!

ℹ Started fitting at: 2026-09-02 14:56:45.824939
! Cannot display fitting progress when running chains in parallel.
! Set `allow_parallel` to `FALSE` to see progress.
ℹ Completed fitting at: 2026-09-02 14:56:59.262748
ℹ Time elapsed: 13.44
ℹ Saving model...
✔ Model saved!

ℹ 2. Convergence diagnostics...
ℹ *** [Parameter: Beta] ***
ℹ Computation of traceplots, can take some time...
ℹ Traceplots saved!
ℹ -> Effective size:
ℹ 140 (84.85%) are good, 25 (15.15%) are acceptable and 0 (0%) are bad.
ℹ -> Gelman-Rubin convergence diagnostic:
ℹ 164 (99.39%) are good, 1 (0.61%) are acceptable and 0 (0%) are bad.
ℹ -> Autocorrelation:
ℹ [Lag 20]:
ℹ 143 (86.67%) are good and 22 (13.33%) are bad.
ℹ [Lag 50]:
ℹ 165 (100%) are good and 0 (0%) are bad.

ℹ 3. Performance evaluation...
ℹ Computing training scores...
ℹ Computing testing scores...
ℹ Saving scores...
✔ Scores saved!

ℹ 4. Associations...
✔ Model ran without errors!

! ----- Running loop: 15/320 -----
ℹ - Random effect: none
ℹ - Strategy: simplified-uncertainty
ℹ - New samples: 50
ℹ - Train size: 125
ℹ - N variables: 6
ℹ - K-fold: 1

ℹ 0. Setting up path...
! Running simplified-uncertainty...

ℹ 1. Fitting model...
ℹ Preparing training set for HMSC...
ℹ Creation of Hmsc object without random effects...
✔ Created Hmsc object!

ℹ Started fitting at: 2026-09-02 14:57:59.832956
! Cannot display fitting progress when running chains in parallel.
! Set `allow_parallel` to `FALSE` to see progress.
ℹ Completed fitting at: 2026-09-02 14:58:12.445465
ℹ Time elapsed: 12.61
ℹ Saving model...
✔ Model saved!

ℹ 2. Convergence diagnostics...
ℹ *** [Parameter: Beta] ***
ℹ Computation of traceplots, can take some time...
ℹ Traceplots saved!
ℹ -> Effective size:
ℹ 151 (91.52%) are good, 14 (8.48%) are acceptable and 0 (0%) are bad.
ℹ -> Gelman-Rubin convergence diagnostic:
ℹ 163 (98.79%) are good, 2 (1.21%) are acceptable and 0 (0%) are bad.
ℹ -> Autocorrelation:
ℹ [Lag 20]:
ℹ 148 (89.7%) are good and 17 (10.3%) are bad.
ℹ [Lag 50]:
ℹ 165 (100%) are good and 0 (0%) are bad.

ℹ 3. Performance evaluation...
ℹ Computing training scores...
ℹ Computing testing scores...
ℹ Saving scores...
✔ Scores saved!

ℹ 4. Associations...
✔ Model ran without errors!

! ----- Running loop: 16/320 -----
ℹ - Random effect: none
ℹ - Strategy: 2-part-simplified-uncertainty
ℹ - New samples: 50
ℹ - Train size: 125
ℹ - N variables: 6
ℹ - K-fold: 1

ℹ 0. Setting up path...
! Running simplified-uncertainty...

ℹ 1. Fitting model...
ℹ Preparing training set for HMSC...
ℹ Creation of Hmsc object without random effects...
✔ Created Hmsc object!

ℹ Started fitting at: 2026-09-02 14:59:11.971513
! Cannot display fitting progress when running chains in parallel.
! Set `allow_parallel` to `FALSE` to see progress.
ℹ Completed fitting at: 2026-09-02 14:59:19.641136
ℹ Time elapsed: 7.67
ℹ Saving model...
✔ Model saved!

! Running simplified-uncertainty...

ℹ 1. Fitting model...
ℹ Preparing training set for HMSC...
ℹ Creation of Hmsc object without random effects...
✔ Created Hmsc object!

ℹ Started fitting at: 2026-09-02 14:59:23.216352
! Cannot display fitting progress when running chains in parallel.
! Set `allow_parallel` to `FALSE` to see progress.
ℹ Completed fitting at: 2026-09-02 14:59:30.800786
ℹ Time elapsed: 7.58
ℹ Saving model...
✔ Model saved!

ℹ 2. Convergence diagnostics...
ℹ *** [Parameter: Beta] ***
ℹ Computation of traceplots, can take some time...
ℹ Traceplots saved!
ℹ -> Effective size:
ℹ 149 (90.3%) are good, 16 (9.7%) are acceptable and 0 (0%) are bad.
ℹ -> Gelman-Rubin convergence diagnostic:
ℹ 164 (99.39%) are good, 1 (0.61%) are acceptable and 0 (0%) are bad.
ℹ -> Autocorrelation:
ℹ [Lag 20]:
ℹ 156 (94.55%) are good and 9 (5.45%) are bad.
ℹ [Lag 50]:
ℹ 165 (100%) are good and 0 (0%) are bad.

ℹ 3. Performance evaluation...
ℹ Computing training scores...
ℹ Computing testing scores...
ℹ Saving scores...
✔ Scores saved!

ℹ 4. Associations...
✔ Model ran without errors!

! ----- Running loop: 17/320 -----
ℹ - Random effect: none
ℹ - Strategy: 3-part-simplified-uncertainty
ℹ - New samples: 50
ℹ - Train size: 125
ℹ - N variables: 6
ℹ - K-fold: 1

ℹ 0. Setting up path...
! Running simplified-uncertainty...

ℹ 1. Fitting model...
ℹ Preparing training set for HMSC...
ℹ Creation of Hmsc object without random effects...
✔ Created Hmsc object!

ℹ Started fitting at: 2026-09-02 15:00:29.85762
! Cannot display fitting progress when running chains in parallel.
! Set `allow_parallel` to `FALSE` to see progress.
ℹ Completed fitting at: 2026-09-02 15:00:37.692974
ℹ Time elapsed: 7.84
ℹ Saving model...
✔ Model saved!

! Running simplified-uncertainty...

ℹ 1. Fitting model...
ℹ Preparing training set for HMSC...
ℹ Creation of Hmsc object without random effects...
✔ Created Hmsc object!

ℹ Started fitting at: 2026-09-02 15:00:41.208517
! Cannot display fitting progress when running chains in parallel.
! Set `allow_parallel` to `FALSE` to see progress.
ℹ Completed fitting at: 2026-09-02 15:00:58.979519
ℹ Time elapsed: 17.77
ℹ Saving model...
✔ Model saved!

! Running simplified-uncertainty...

ℹ 1. Fitting model...
ℹ Preparing training set for HMSC...
ℹ Creation of Hmsc object without random effects...
✔ Created Hmsc object!

ℹ Started fitting at: 2026-09-02 15:01:02.527057
! Cannot display fitting progress when running chains in parallel.
! Set `allow_parallel` to `FALSE` to see progress.
ℹ Completed fitting at: 2026-09-02 15:01:14.744886
ℹ Time elapsed: 12.22
ℹ Saving model...
✔ Model saved!

ℹ 2. Convergence diagnostics...
ℹ *** [Parameter: Beta] ***
ℹ Computation of traceplots, can take some time...
ℹ Traceplots saved!
ℹ -> Effective size:
ℹ 139 (84.24%) are good, 26 (15.76%) are acceptable and 0 (0%) are bad.
ℹ -> Gelman-Rubin convergence diagnostic:
ℹ 164 (99.39%) are good, 1 (0.61%) are acceptable and 0 (0%) are bad.
ℹ -> Autocorrelation:
ℹ [Lag 20]:
ℹ 147 (89.09%) are good and 18 (10.91%) are bad.
ℹ [Lag 50]:
ℹ 165 (100%) are good and 0 (0%) are bad.

ℹ 3. Performance evaluation...
ℹ Computing training scores...
ℹ Computing testing scores...
ℹ Saving scores...
✔ Scores saved!

ℹ 4. Associations...
✔ Model ran without errors!

! ----- Running loop: 18/320 -----
ℹ - Random effect: none
ℹ - Strategy: simplified-uncertainty
ℹ - New samples: 0
ℹ - Train size: 125
ℹ - N variables: 6
ℹ - K-fold: 1

ℹ 0. Setting up path...
! n_new_samples is '0' but strategy is 'simplified-uncertainty'. Overwriting with strategy = 'none' to avoid errors.
ℹ Model already fitted! Skipping...

! ----- Running loop: 19/320 -----
ℹ - Random effect: none
ℹ - Strategy: simplified-uncertainty
ℹ - New samples: 10
ℹ - Train size: 125
ℹ - N variables: 6
ℹ - K-fold: 1

ℹ 0. Setting up path...
! Running simplified-uncertainty...

ℹ 1. Fitting model...
ℹ Preparing training set for HMSC...
ℹ Creation of Hmsc object without random effects...
✔ Created Hmsc object!

ℹ Started fitting at: 2026-09-02 15:02:16.808935
! Cannot display fitting progress when running chains in parallel.
! Set `allow_parallel` to `FALSE` to see progress.
ℹ Completed fitting at: 2026-09-02 15:02:24.548727
ℹ Time elapsed: 7.74
ℹ Saving model...
✔ Model saved!

ℹ 2. Convergence diagnostics...
ℹ *** [Parameter: Beta] ***
ℹ Computation of traceplots, can take some time...
ℹ Traceplots saved!
ℹ -> Effective size:
ℹ 150 (90.91%) are good, 15 (9.09%) are acceptable and 0 (0%) are bad.
ℹ -> Gelman-Rubin convergence diagnostic:
ℹ 164 (99.39%) are good, 1 (0.61%) are acceptable and 0 (0%) are bad.
ℹ -> Autocorrelation:
ℹ [Lag 20]:
ℹ 152 (92.12%) are good and 13 (7.88%) are bad.
ℹ [Lag 50]:
ℹ 164 (99.39%) are good and 1 (0.61%) are bad.

ℹ 3. Performance evaluation...
ℹ Computing training scores...
ℹ Computing testing scores...
ℹ Saving scores...
✔ Scores saved!

ℹ 4. Associations...
✔ Model ran without errors!

! ----- Running loop: 20/320 -----
ℹ - Random effect: none
ℹ - Strategy: simplified-uncertainty
ℹ - New samples: 25
ℹ - Train size: 125
ℹ - N variables: 6
ℹ - K-fold: 1

ℹ 0. Setting up path...
! Running simplified-uncertainty...

ℹ 1. Fitting model...
ℹ Preparing training set for HMSC...
ℹ Creation of Hmsc object without random effects...
✔ Created Hmsc object!

ℹ Started fitting at: 2026-09-02 15:03:24.216896
! Cannot display fitting progress when running chains in parallel.
! Set `allow_parallel` to `FALSE` to see progress.
ℹ Completed fitting at: 2026-09-02 15:03:31.924883
ℹ Time elapsed: 7.71
ℹ Saving model...
✔ Model saved!

ℹ 2. Convergence diagnostics...
ℹ *** [Parameter: Beta] ***
ℹ Computation of traceplots, can take some time...
ℹ Traceplots saved!
ℹ -> Effective size:
ℹ 149 (90.3%) are good, 16 (9.7%) are acceptable and 0 (0%) are bad.
ℹ -> Gelman-Rubin convergence diagnostic:
ℹ 164 (99.39%) are good, 1 (0.61%) are acceptable and 0 (0%) are bad.
ℹ -> Autocorrelation:
ℹ [Lag 20]:
ℹ 155 (93.94%) are good and 10 (6.06%) are bad.
ℹ [Lag 50]:
ℹ 165 (100%) are good and 0 (0%) are bad.

ℹ 3. Performance evaluation...
ℹ Computing training scores...
ℹ Computing testing scores...
ℹ Saving scores...
✔ Scores saved!

ℹ 4. Associations...
✔ Model ran without errors!

! ----- Running loop: 21/320 -----
ℹ - Random effect: none
ℹ - Strategy: simplified-uncertainty
ℹ - New samples: 100
ℹ - Train size: 125
ℹ - N variables: 6
ℹ - K-fold: 1

ℹ 0. Setting up path...
! Running simplified-uncertainty...

ℹ 1. Fitting model...
ℹ Preparing training set for HMSC...
ℹ Creation of Hmsc object without random effects...
✔ Created Hmsc object!

ℹ Started fitting at: 2026-09-02 15:04:31.889444
! Cannot display fitting progress when running chains in parallel.
! Set `allow_parallel` to `FALSE` to see progress.
ℹ Completed fitting at: 2026-09-02 15:04:40.241476
ℹ Time elapsed: 8.35
ℹ Saving model...
✔ Model saved!

ℹ 2. Convergence diagnostics...
ℹ *** [Parameter: Beta] ***
ℹ Computation of traceplots, can take some time...
ℹ Traceplots saved!
ℹ -> Effective size:
ℹ 149 (90.3%) are good, 16 (9.7%) are acceptable and 0 (0%) are bad.
ℹ -> Gelman-Rubin convergence diagnostic:
ℹ 162 (98.18%) are good, 2 (1.21%) are acceptable and 1 (0.61%) are bad.
ℹ -> Autocorrelation:
ℹ [Lag 20]:
ℹ 151 (91.52%) are good and 14 (8.48%) are bad.
ℹ [Lag 50]:
ℹ 163 (98.79%) are good and 2 (1.21%) are bad.

ℹ 3. Performance evaluation...
ℹ Computing training scores...
ℹ Computing testing scores...
ℹ Saving scores...
✔ Scores saved!

ℹ 4. Associations...
✔ Model ran without errors!

! ----- Running loop: 22/320 -----
ℹ - Random effect: none
ℹ - Strategy: simplified-uncertainty
ℹ - New samples: 150
ℹ - Train size: 125
ℹ - N variables: 6
ℹ - K-fold: 1

ℹ 0. Setting up path...
! Running simplified-uncertainty...

ℹ 1. Fitting model...
ℹ Preparing training set for HMSC...
ℹ Creation of Hmsc object without random effects...
✔ Created Hmsc object!

ℹ Started fitting at: 2026-09-02 15:05:40.960732
! Cannot display fitting progress when running chains in parallel.
! Set `allow_parallel` to `FALSE` to see progress.
ℹ Completed fitting at: 2026-09-02 15:05:54.56329
ℹ Time elapsed: 13.6
ℹ Saving model...
✔ Model saved!

ℹ 2. Convergence diagnostics...
ℹ *** [Parameter: Beta] ***
ℹ Computation of traceplots, can take some time...
ℹ Traceplots saved!
ℹ -> Effective size:
ℹ 150 (90.91%) are good, 15 (9.09%) are acceptable and 0 (0%) are bad.
ℹ -> Gelman-Rubin convergence diagnostic:
ℹ 164 (99.39%) are good, 1 (0.61%) are acceptable and 0 (0%) are bad.
ℹ -> Autocorrelation:
ℹ [Lag 20]:
ℹ 152 (92.12%) are good and 13 (7.88%) are bad.
ℹ [Lag 50]:
ℹ 164 (99.39%) are good and 1 (0.61%) are bad.

ℹ 3. Performance evaluation...
ℹ Computing training scores...
ℹ Computing testing scores...
ℹ Saving scores...
✔ Scores saved!

ℹ 4. Associations...
✔ Model ran without errors!

! ----- Running loop: 23/320 -----
ℹ - Random effect: none
ℹ - Strategy: gap-filling
ℹ - New samples: 0
ℹ - Train size: 125
ℹ - N variables: 6
ℹ - K-fold: 1

ℹ 0. Setting up path...
! n_new_samples is '0' but strategy is 'gap-filling'. Overwriting with strategy = 'none' to avoid errors.
ℹ Model already fitted! Skipping...

! ----- Running loop: 24/320 -----
ℹ - Random effect: none
ℹ - Strategy: gap-filling
ℹ - New samples: 10
ℹ - Train size: 125
ℹ - N variables: 6
ℹ - K-fold: 1

ℹ 0. Setting up path...
ℹ Searching for the most distant points...

ℹ 1. Fitting model...
ℹ Preparing training set for HMSC...
ℹ Creation of Hmsc object without random effects...
✔ Created Hmsc object!

ℹ Started fitting at: 2026-09-02 15:06:52.619606
! Cannot display fitting progress when running chains in parallel.
! Set `allow_parallel` to `FALSE` to see progress.
ℹ Completed fitting at: 2026-09-02 15:07:03.560069
ℹ Time elapsed: 10.94
ℹ Saving model...
✔ Model saved!

ℹ 2. Convergence diagnostics...
ℹ *** [Parameter: Beta] ***
ℹ Computation of traceplots, can take some time...
ℹ Traceplots saved!
ℹ -> Effective size:
ℹ 137 (83.03%) are good, 28 (16.97%) are acceptable and 0 (0%) are bad.
ℹ -> Gelman-Rubin convergence diagnostic:
ℹ 165 (100%) are good, 0 (0%) are acceptable and 0 (0%) are bad.
ℹ -> Autocorrelation:
ℹ [Lag 20]:
ℹ 145 (87.88%) are good and 20 (12.12%) are bad.
ℹ [Lag 50]:
ℹ 163 (98.79%) are good and 2 (1.21%) are bad.

ℹ 3. Performance evaluation...
ℹ Computing training scores...
ℹ Computing testing scores...
ℹ Saving scores...
✔ Scores saved!

ℹ 4. Associations...
✔ Model ran without errors!

! ----- Running loop: 25/320 -----
ℹ - Random effect: none
ℹ - Strategy: gap-filling
ℹ - New samples: 25
ℹ - Train size: 125
ℹ - N variables: 6
ℹ - K-fold: 1

ℹ 0. Setting up path...
ℹ Searching for the most distant points...

ℹ 1. Fitting model...
ℹ Preparing training set for HMSC...
ℹ Creation of Hmsc object without random effects...
✔ Created Hmsc object!

ℹ Started fitting at: 2026-09-02 15:08:01.996258
! Cannot display fitting progress when running chains in parallel.
! Set `allow_parallel` to `FALSE` to see progress.
ℹ Completed fitting at: 2026-09-02 15:08:12.897506
ℹ Time elapsed: 10.9
ℹ Saving model...
✔ Model saved!

ℹ 2. Convergence diagnostics...
ℹ *** [Parameter: Beta] ***
ℹ Computation of traceplots, can take some time...
ℹ Traceplots saved!
ℹ -> Effective size:
ℹ 142 (86.06%) are good, 23 (13.94%) are acceptable and 0 (0%) are bad.
ℹ -> Gelman-Rubin convergence diagnostic:
ℹ 163 (98.79%) are good, 2 (1.21%) are acceptable and 0 (0%) are bad.
ℹ -> Autocorrelation:
ℹ [Lag 20]:
ℹ 143 (86.67%) are good and 22 (13.33%) are bad.
ℹ [Lag 50]:
ℹ 165 (100%) are good and 0 (0%) are bad.

ℹ 3. Performance evaluation...
ℹ Computing training scores...
ℹ Computing testing scores...
ℹ Saving scores...
✔ Scores saved!

ℹ 4. Associations...
✔ Model ran without errors!

! ----- Running loop: 26/320 -----
ℹ - Random effect: none
ℹ - Strategy: gap-filling
ℹ - New samples: 100
ℹ - Train size: 125
ℹ - N variables: 6
ℹ - K-fold: 1

ℹ 0. Setting up path...
ℹ Searching for the most distant points...

ℹ 1. Fitting model...
ℹ Preparing training set for HMSC...
ℹ Creation of Hmsc object without random effects...
✔ Created Hmsc object!

ℹ Started fitting at: 2026-09-02 15:09:19.024234
! Cannot display fitting progress when running chains in parallel.
! Set `allow_parallel` to `FALSE` to see progress.
ℹ Completed fitting at: 2026-09-02 15:09:29.744066
ℹ Time elapsed: 10.72
ℹ Saving model...
✔ Model saved!

ℹ 2. Convergence diagnostics...
ℹ *** [Parameter: Beta] ***
ℹ Computation of traceplots, can take some time...
ℹ Traceplots saved!
ℹ -> Effective size:
ℹ 147 (89.09%) are good, 18 (10.91%) are acceptable and 0 (0%) are bad.
ℹ -> Gelman-Rubin convergence diagnostic:
ℹ 165 (100%) are good, 0 (0%) are acceptable and 0 (0%) are bad.
ℹ -> Autocorrelation:
ℹ [Lag 20]:
ℹ 149 (90.3%) are good and 16 (9.7%) are bad.
ℹ [Lag 50]:
ℹ 164 (99.39%) are good and 1 (0.61%) are bad.

ℹ 3. Performance evaluation...
ℹ Computing training scores...
ℹ Computing testing scores...
ℹ Saving scores...
✔ Scores saved!

ℹ 4. Associations...
✔ Model ran without errors!

! ----- Running loop: 27/320 -----
ℹ - Random effect: none
ℹ - Strategy: gap-filling
ℹ - New samples: 150
ℹ - Train size: 125
ℹ - N variables: 6
ℹ - K-fold: 1

ℹ 0. Setting up path...
ℹ Searching for the most distant points...

ℹ 1. Fitting model...
ℹ Preparing training set for HMSC...
ℹ Creation of Hmsc object without random effects...
✔ Created Hmsc object!

ℹ Started fitting at: 2026-09-02 15:10:42.700036
! Cannot display fitting progress when running chains in parallel.
! Set `allow_parallel` to `FALSE` to see progress.
ℹ Completed fitting at: 2026-09-02 15:10:52.629397
ℹ Time elapsed: 9.93
ℹ Saving model...
✔ Model saved!

ℹ 2. Convergence diagnostics...
ℹ *** [Parameter: Beta] ***
ℹ Computation of traceplots, can take some time...
ℹ Traceplots saved!
ℹ -> Effective size:
ℹ 144 (87.27%) are good, 21 (12.73%) are acceptable and 0 (0%) are bad.
ℹ -> Gelman-Rubin convergence diagnostic:
ℹ 164 (99.39%) are good, 1 (0.61%) are acceptable and 0 (0%) are bad.
ℹ -> Autocorrelation:
ℹ [Lag 20]:
ℹ 144 (87.27%) are good and 21 (12.73%) are bad.
ℹ [Lag 50]:
ℹ 165 (100%) are good and 0 (0%) are bad.

ℹ 3. Performance evaluation...
ℹ Computing training scores...
ℹ Computing testing scores...
ℹ Saving scores...
✔ Scores saved!

ℹ 4. Associations...
✔ Model ran without errors!

! ----- Running loop: 28/320 -----
ℹ - Random effect: none
ℹ - Strategy: 3-part-simplified-uncertainty
ℹ - New samples: 0
ℹ - Train size: 125
ℹ - N variables: 6
ℹ - K-fold: 1

ℹ 0. Setting up path...
! n_new_samples is '0' but strategy is '3-part-simplified-uncertainty'. Overwriting with strategy = 'none' to avoid errors.
ℹ Model already fitted! Skipping...

! ----- Running loop: 29/320 -----
ℹ - Random effect: none
ℹ - Strategy: 3-part-simplified-uncertainty
ℹ - New samples: 10
ℹ - Train size: 125
ℹ - N variables: 6
ℹ - K-fold: 1

ℹ 0. Setting up path...
! Running simplified-uncertainty...

ℹ 1. Fitting model...
ℹ Preparing training set for HMSC...
ℹ Creation of Hmsc object without random effects...
✔ Created Hmsc object!

ℹ Started fitting at: 2026-09-02 15:11:55.285048
! Cannot display fitting progress when running chains in parallel.
! Set `allow_parallel` to `FALSE` to see progress.
ℹ Completed fitting at: 2026-09-02 15:12:08.030881
ℹ Time elapsed: 12.75
ℹ Saving model...
✔ Model saved!

! Running simplified-uncertainty...

ℹ 1. Fitting model...
ℹ Preparing training set for HMSC...
ℹ Creation of Hmsc object without random effects...
✔ Created Hmsc object!

ℹ Started fitting at: 2026-09-02 15:12:11.548238
! Cannot display fitting progress when running chains in parallel.
! Set `allow_parallel` to `FALSE` to see progress.
ℹ Completed fitting at: 2026-09-02 15:12:29.254666
ℹ Time elapsed: 17.71
ℹ Saving model...
✔ Model saved!

! Running simplified-uncertainty...

ℹ 1. Fitting model...
ℹ Preparing training set for HMSC...
ℹ Creation of Hmsc object without random effects...
✔ Created Hmsc object!

ℹ Started fitting at: 2026-09-02 15:12:32.810488
! Cannot display fitting progress when running chains in parallel.
! Set `allow_parallel` to `FALSE` to see progress.
ℹ Completed fitting at: 2026-09-02 15:12:50.571188
ℹ Time elapsed: 17.76
ℹ Saving model...
✔ Model saved!

ℹ 2. Convergence diagnostics...
ℹ *** [Parameter: Beta] ***
ℹ Computation of traceplots, can take some time...
ℹ Traceplots saved!
ℹ -> Effective size:
ℹ 143 (86.67%) are good, 22 (13.33%) are acceptable and 0 (0%) are bad.
ℹ -> Gelman-Rubin convergence diagnostic:
ℹ 164 (99.39%) are good, 1 (0.61%) are acceptable and 0 (0%) are bad.
ℹ -> Autocorrelation:
ℹ [Lag 20]:
ℹ 150 (90.91%) are good and 15 (9.09%) are bad.
ℹ [Lag 50]:
ℹ 165 (100%) are good and 0 (0%) are bad.

ℹ 3. Performance evaluation...
ℹ Computing training scores...
ℹ Computing testing scores...
ℹ Saving scores...
✔ Scores saved!

ℹ 4. Associations...
✔ Model ran without errors!

! ----- Running loop: 30/320 -----
ℹ - Random effect: none
ℹ - Strategy: 3-part-simplified-uncertainty
ℹ - New samples: 25
ℹ - Train size: 125
ℹ - N variables: 6
ℹ - K-fold: 1

ℹ 0. Setting up path...
! Running simplified-uncertainty...

ℹ 1. Fitting model...
ℹ Preparing training set for HMSC...
ℹ Creation of Hmsc object without random effects...
✔ Created Hmsc object!

ℹ Started fitting at: 2026-09-02 15:13:51.227024
! Cannot display fitting progress when running chains in parallel.
! Set `allow_parallel` to `FALSE` to see progress.
ℹ Completed fitting at: 2026-09-02 15:13:59.196023
ℹ Time elapsed: 7.97
ℹ Saving model...
✔ Model saved!

! Running simplified-uncertainty...

ℹ 1. Fitting model...
ℹ Preparing training set for HMSC...
ℹ Creation of Hmsc object without random effects...
✔ Created Hmsc object!

ℹ Started fitting at: 2026-09-02 15:14:02.643851
! Cannot display fitting progress when running chains in parallel.
! Set `allow_parallel` to `FALSE` to see progress.
ℹ Completed fitting at: 2026-09-02 15:14:09.95672
ℹ Time elapsed: 7.31
ℹ Saving model...
✔ Model saved!

! Running simplified-uncertainty...

ℹ 1. Fitting model...
ℹ Preparing training set for HMSC...
ℹ Creation of Hmsc object without random effects...
✔ Created Hmsc object!

ℹ Started fitting at: 2026-09-02 15:14:13.446568
! Cannot display fitting progress when running chains in parallel.
! Set `allow_parallel` to `FALSE` to see progress.
ℹ Completed fitting at: 2026-09-02 15:14:26.152093
ℹ Time elapsed: 12.71
ℹ Saving model...
✔ Model saved!

ℹ 2. Convergence diagnostics...
ℹ *** [Parameter: Beta] ***
ℹ Computation of traceplots, can take some time...
ℹ Traceplots saved!
ℹ -> Effective size:
ℹ 145 (87.88%) are good, 20 (12.12%) are acceptable and 0 (0%) are bad.
ℹ -> Gelman-Rubin convergence diagnostic:
ℹ 165 (100%) are good, 0 (0%) are acceptable and 0 (0%) are bad.
ℹ -> Autocorrelation:
ℹ [Lag 20]:
ℹ 147 (89.09%) are good and 18 (10.91%) are bad.
ℹ [Lag 50]:
ℹ 162 (98.18%) are good and 3 (1.82%) are bad.

ℹ 3. Performance evaluation...
ℹ Computing training scores...
ℹ Computing testing scores...
ℹ Saving scores...
✔ Scores saved!

ℹ 4. Associations...
✔ Model ran without errors!

! ----- Running loop: 31/320 -----
ℹ - Random effect: none
ℹ - Strategy: 3-part-simplified-uncertainty
ℹ - New samples: 100
ℹ - Train size: 125
ℹ - N variables: 6
ℹ - K-fold: 1

ℹ 0. Setting up path...
! Running simplified-uncertainty...

ℹ 1. Fitting model...
ℹ Preparing training set for HMSC...
ℹ Creation of Hmsc object without random effects...
✔ Created Hmsc object!

ℹ Started fitting at: 2026-09-02 15:15:26.335926
! Cannot display fitting progress when running chains in parallel.
! Set `allow_parallel` to `FALSE` to see progress.
ℹ Completed fitting at: 2026-09-02 15:15:35.704626
ℹ Time elapsed: 9.37
ℹ Saving model...
✔ Model saved!

! Running simplified-uncertainty...

ℹ 1. Fitting model...
ℹ Preparing training set for HMSC...
ℹ Creation of Hmsc object without random effects...
✔ Created Hmsc object!

ℹ Started fitting at: 2026-09-02 15:15:39.190879
! Cannot display fitting progress when running chains in parallel.
! Set `allow_parallel` to `FALSE` to see progress.
ℹ Completed fitting at: 2026-09-02 15:15:51.737884
ℹ Time elapsed: 12.55
ℹ Saving model...
✔ Model saved!

! Running simplified-uncertainty...

ℹ 1. Fitting model...
ℹ Preparing training set for HMSC...
ℹ Creation of Hmsc object without random effects...
✔ Created Hmsc object!

ℹ Started fitting at: 2026-09-02 15:15:55.26476
! Cannot display fitting progress when running chains in parallel.
! Set `allow_parallel` to `FALSE` to see progress.
ℹ Completed fitting at: 2026-09-02 15:16:08.324106
ℹ Time elapsed: 13.06
ℹ Saving model...
✔ Model saved!

ℹ 2. Convergence diagnostics...
ℹ *** [Parameter: Beta] ***
ℹ Computation of traceplots, can take some time...
ℹ Traceplots saved!
ℹ -> Effective size:
ℹ 142 (86.06%) are good, 23 (13.94%) are acceptable and 0 (0%) are bad.
ℹ -> Gelman-Rubin convergence diagnostic:
ℹ 164 (99.39%) are good, 1 (0.61%) are acceptable and 0 (0%) are bad.
ℹ -> Autocorrelation:
ℹ [Lag 20]:
ℹ 148 (89.7%) are good and 17 (10.3%) are bad.
ℹ [Lag 50]:
ℹ 162 (98.18%) are good and 3 (1.82%) are bad.

ℹ 3. Performance evaluation...
ℹ Computing training scores...
ℹ Computing testing scores...
ℹ Saving scores...
✔ Scores saved!

ℹ 4. Associations...
✔ Model ran without errors!

! ----- Running loop: 32/320 -----
ℹ - Random effect: none
ℹ - Strategy: 3-part-simplified-uncertainty
ℹ - New samples: 150
ℹ - Train size: 125
ℹ - N variables: 6
ℹ - K-fold: 1

ℹ 0. Setting up path...
! Running simplified-uncertainty...

ℹ 1. Fitting model...
ℹ Preparing training set for HMSC...
ℹ Creation of Hmsc object without random effects...
✔ Created Hmsc object!

ℹ Started fitting at: 2026-09-02 15:17:09.004805
! Cannot display fitting progress when running chains in parallel.
! Set `allow_parallel` to `FALSE` to see progress.
ℹ Completed fitting at: 2026-09-02 15:17:18.876417
ℹ Time elapsed: 9.87
ℹ Saving model...
✔ Model saved!

! Running simplified-uncertainty...

ℹ 1. Fitting model...
ℹ Preparing training set for HMSC...
ℹ Creation of Hmsc object without random effects...
✔ Created Hmsc object!

ℹ Started fitting at: 2026-09-02 15:17:23.373078
! Cannot display fitting progress when running chains in parallel.
! Set `allow_parallel` to `FALSE` to see progress.
ℹ Completed fitting at: 2026-09-02 15:17:31.406613
ℹ Time elapsed: 8.03
ℹ Saving model...
✔ Model saved!

! Running simplified-uncertainty...

ℹ 1. Fitting model...
ℹ Preparing training set for HMSC...
ℹ Creation of Hmsc object without random effects...
✔ Created Hmsc object!

ℹ Started fitting at: 2026-09-02 15:17:34.883497
! Cannot display fitting progress when running chains in parallel.
! Set `allow_parallel` to `FALSE` to see progress.
ℹ Completed fitting at: 2026-09-02 15:17:48.110677
ℹ Time elapsed: 13.23
ℹ Saving model...
✔ Model saved!

ℹ 2. Convergence diagnostics...
ℹ *** [Parameter: Beta] ***
ℹ Computation of traceplots, can take some time...
ℹ Traceplots saved!
ℹ -> Effective size:
ℹ 141 (85.45%) are good, 23 (13.94%) are acceptable and 1 (0.61%) are bad.
ℹ -> Gelman-Rubin convergence diagnostic:
ℹ 160 (96.97%) are good, 5 (3.03%) are acceptable and 0 (0%) are bad.
ℹ -> Autocorrelation:
ℹ [Lag 20]:
ℹ 143 (86.67%) are good and 22 (13.33%) are bad.
ℹ [Lag 50]:
ℹ 162 (98.18%) are good and 3 (1.82%) are bad.

ℹ 3. Performance evaluation...
ℹ Computing training scores...
ℹ Computing testing scores...
ℹ Saving scores...
✔ Scores saved!

ℹ 4. Associations...
✔ Model ran without errors!

! ----- Running loop: 33/320 -----
ℹ - Random effect: none
ℹ - Strategy: none
ℹ - New samples: 0
ℹ - Train size: 15
ℹ - N variables: 6
ℹ - K-fold: 2

ℹ 0. Setting up path...

ℹ 1. Fitting model...
ℹ Preparing training set for HMSC...
ℹ Creation of Hmsc object without random effects...
✔ Created Hmsc object!

ℹ Started fitting at: 2026-09-02 15:18:46.320647
! Cannot display fitting progress when running chains in parallel.
! Set `allow_parallel` to `FALSE` to see progress.
ℹ Completed fitting at: 2026-09-02 15:18:55.454402
ℹ Time elapsed: 9.13
ℹ Saving model...
✔ Model saved!

ℹ 2. Convergence diagnostics...
ℹ *** [Parameter: Beta] ***
ℹ Computation of traceplots, can take some time...
ℹ Traceplots saved!
ℹ -> Effective size:
ℹ 119 (72.12%) are good, 46 (27.88%) are acceptable and 0 (0%) are bad.
ℹ -> Gelman-Rubin convergence diagnostic:
ℹ 158 (95.76%) are good, 7 (4.24%) are acceptable and 0 (0%) are bad.
ℹ -> Autocorrelation:
ℹ [Lag 20]:
ℹ 103 (62.42%) are good and 62 (37.58%) are bad.
ℹ [Lag 50]:
ℹ 161 (97.58%) are good and 4 (2.42%) are bad.

ℹ 3. Performance evaluation...
ℹ Computing training scores...
ℹ Computing testing scores...
ℹ Saving scores...
✔ Scores saved!

ℹ 4. Associations...
✔ Model ran without errors!

! ----- Running loop: 34/320 -----
ℹ - Random effect: none
ℹ - Strategy: none
ℹ - New samples: 0
ℹ - Train size: 25
ℹ - N variables: 6
ℹ - K-fold: 2

ℹ 0. Setting up path...

ℹ 1. Fitting model...
ℹ Preparing training set for HMSC...
ℹ Creation of Hmsc object without random effects...
✔ Created Hmsc object!

ℹ Started fitting at: 2026-09-02 15:19:29.776677
! Cannot display fitting progress when running chains in parallel.
! Set `allow_parallel` to `FALSE` to see progress.
ℹ Completed fitting at: 2026-09-02 15:19:36.697856
ℹ Time elapsed: 6.92
ℹ Saving model...
✔ Model saved!

ℹ 2. Convergence diagnostics...
ℹ *** [Parameter: Beta] ***
ℹ Computation of traceplots, can take some time...
ℹ Traceplots saved!
ℹ -> Effective size:
ℹ 127 (76.97%) are good, 37 (22.42%) are acceptable and 1 (0.61%) are bad.
ℹ -> Gelman-Rubin convergence diagnostic:
ℹ 158 (95.76%) are good, 6 (3.64%) are acceptable and 1 (0.61%) are bad.
ℹ -> Autocorrelation:
ℹ [Lag 20]:
ℹ 112 (67.88%) are good and 53 (32.12%) are bad.
ℹ [Lag 50]:
ℹ 158 (95.76%) are good and 7 (4.24%) are bad.

ℹ 3. Performance evaluation...
ℹ Computing training scores...
ℹ Computing testing scores...
ℹ Saving scores...
✔ Scores saved!

ℹ 4. Associations...
✔ Model ran without errors!

! ----- Running loop: 35/320 -----
ℹ - Random effect: none
ℹ - Strategy: none
ℹ - New samples: 0
ℹ - Train size: 50
ℹ - N variables: 6
ℹ - K-fold: 2

ℹ 0. Setting up path...

ℹ 1. Fitting model...
ℹ Preparing training set for HMSC...
ℹ Creation of Hmsc object without random effects...
✔ Created Hmsc object!

ℹ Started fitting at: 2026-09-02 15:20:11.118259
! Cannot display fitting progress when running chains in parallel.
! Set `allow_parallel` to `FALSE` to see progress.
ℹ Completed fitting at: 2026-09-02 15:20:18.166451
ℹ Time elapsed: 7.05
ℹ Saving model...
✔ Model saved!

ℹ 2. Convergence diagnostics...
ℹ *** [Parameter: Beta] ***
ℹ Computation of traceplots, can take some time...
ℹ Traceplots saved!
ℹ -> Effective size:
ℹ 149 (90.3%) are good, 16 (9.7%) are acceptable and 0 (0%) are bad.
ℹ -> Gelman-Rubin convergence diagnostic:
ℹ 165 (100%) are good, 0 (0%) are acceptable and 0 (0%) are bad.
ℹ -> Autocorrelation:
ℹ [Lag 20]:
ℹ 149 (90.3%) are good and 16 (9.7%) are bad.
ℹ [Lag 50]:
ℹ 163 (98.79%) are good and 2 (1.21%) are bad.

ℹ 3. Performance evaluation...
ℹ Computing training scores...
ℹ Computing testing scores...
ℹ Saving scores...
✔ Scores saved!

ℹ 4. Associations...
✔ Model ran without errors!

! ----- Running loop: 36/320 -----
ℹ - Random effect: none
ℹ - Strategy: none
ℹ - New samples: 0
ℹ - Train size: 75
ℹ - N variables: 6
ℹ - K-fold: 2

ℹ 0. Setting up path...

ℹ 1. Fitting model...
ℹ Preparing training set for HMSC...
ℹ Creation of Hmsc object without random effects...
✔ Created Hmsc object!

ℹ Started fitting at: 2026-09-02 15:20:52.85959
! Cannot display fitting progress when running chains in parallel.
! Set `allow_parallel` to `FALSE` to see progress.
ℹ Completed fitting at: 2026-09-02 15:21:00.180809
ℹ Time elapsed: 7.32
ℹ Saving model...
✔ Model saved!

ℹ 2. Convergence diagnostics...
ℹ *** [Parameter: Beta] ***
ℹ Computation of traceplots, can take some time...
ℹ Traceplots saved!
ℹ -> Effective size:
ℹ 140 (84.85%) are good, 25 (15.15%) are acceptable and 0 (0%) are bad.
ℹ -> Gelman-Rubin convergence diagnostic:
ℹ 165 (100%) are good, 0 (0%) are acceptable and 0 (0%) are bad.
ℹ -> Autocorrelation:
ℹ [Lag 20]:
ℹ 148 (89.7%) are good and 17 (10.3%) are bad.
ℹ [Lag 50]:
ℹ 165 (100%) are good and 0 (0%) are bad.

ℹ 3. Performance evaluation...
ℹ Computing training scores...
ℹ Computing testing scores...
ℹ Saving scores...
✔ Scores saved!

ℹ 4. Associations...
✔ Model ran without errors!

! ----- Running loop: 37/320 -----
ℹ - Random effect: none
ℹ - Strategy: none
ℹ - New samples: 0
ℹ - Train size: 100
ℹ - N variables: 6
ℹ - K-fold: 2

ℹ 0. Setting up path...

ℹ 1. Fitting model...
ℹ Preparing training set for HMSC...
ℹ Creation of Hmsc object without random effects...
✔ Created Hmsc object!

ℹ Started fitting at: 2026-09-02 15:21:35.401458
! Cannot display fitting progress when running chains in parallel.
! Set `allow_parallel` to `FALSE` to see progress.
ℹ Completed fitting at: 2026-09-02 15:21:42.778825
ℹ Time elapsed: 7.38
ℹ Saving model...
✔ Model saved!

ℹ 2. Convergence diagnostics...
ℹ *** [Parameter: Beta] ***
ℹ Computation of traceplots, can take some time...
ℹ Traceplots saved!
ℹ -> Effective size:
ℹ 130 (78.79%) are good, 35 (21.21%) are acceptable and 0 (0%) are bad.
ℹ -> Gelman-Rubin convergence diagnostic:
ℹ 161 (97.58%) are good, 4 (2.42%) are acceptable and 0 (0%) are bad.
ℹ -> Autocorrelation:
ℹ [Lag 20]:
ℹ 132 (80%) are good and 33 (20%) are bad.
ℹ [Lag 50]:
ℹ 162 (98.18%) are good and 3 (1.82%) are bad.

ℹ 3. Performance evaluation...
ℹ Computing training scores...
ℹ Computing testing scores...
ℹ Saving scores...
✔ Scores saved!

ℹ 4. Associations...
✔ Model ran without errors!

! ----- Running loop: 38/320 -----
ℹ - Random effect: none
ℹ - Strategy: none
ℹ - New samples: 0
ℹ - Train size: 125
ℹ - N variables: 6
ℹ - K-fold: 2

ℹ 0. Setting up path...

ℹ 1. Fitting model...
ℹ Preparing training set for HMSC...
ℹ Creation of Hmsc object without random effects...
✔ Created Hmsc object!

ℹ Started fitting at: 2026-09-02 15:22:18.069203
! Cannot display fitting progress when running chains in parallel.
! Set `allow_parallel` to `FALSE` to see progress.
ℹ Completed fitting at: 2026-09-02 15:22:30.605684
ℹ Time elapsed: 12.54
ℹ Saving model...
✔ Model saved!

ℹ 2. Convergence diagnostics...
ℹ *** [Parameter: Beta] ***
ℹ Computation of traceplots, can take some time...
ℹ Traceplots saved!
ℹ -> Effective size:
ℹ 131 (79.39%) are good, 34 (20.61%) are acceptable and 0 (0%) are bad.
ℹ -> Gelman-Rubin convergence diagnostic:
ℹ 162 (98.18%) are good, 3 (1.82%) are acceptable and 0 (0%) are bad.
ℹ -> Autocorrelation:
ℹ [Lag 20]:
ℹ 131 (79.39%) are good and 34 (20.61%) are bad.
ℹ [Lag 50]:
ℹ 161 (97.58%) are good and 4 (2.42%) are bad.

ℹ 3. Performance evaluation...
ℹ Computing training scores...
ℹ Computing testing scores...
ℹ Saving scores...
✔ Scores saved!

ℹ 4. Associations...
✔ Model ran without errors!

! ----- Running loop: 39/320 -----
ℹ - Random effect: carres
ℹ - Strategy: none
ℹ - New samples: 0
ℹ - Train size: 125
ℹ - N variables: 6
ℹ - K-fold: 2

ℹ 0. Setting up path...

ℹ 1. Fitting model...
ℹ Preparing training set for HMSC...
ℹ Creation of Hmsc object with 'units' effect...
✔ Created Hmsc object!

ℹ Started fitting at: 2026-09-02 15:23:05.534431
! Cannot display fitting progress when running chains in parallel.
! Set `allow_parallel` to `FALSE` to see progress.
ℹ Completed fitting at: 2026-09-02 15:23:29.402346
ℹ Time elapsed: 23.87
ℹ Saving model...
✔ Model saved!

ℹ 2. Convergence diagnostics...
ℹ *** [Parameter: Beta] ***
ℹ Computation of traceplots, can take some time...
ℹ Traceplots saved!
ℹ -> Effective size:
ℹ 132 (80%) are good, 33 (20%) are acceptable and 0 (0%) are bad.
ℹ -> Gelman-Rubin convergence diagnostic:
ℹ 161 (97.58%) are good, 4 (2.42%) are acceptable and 0 (0%) are bad.
ℹ -> Autocorrelation:
ℹ [Lag 20]:
ℹ 139 (84.24%) are good and 26 (15.76%) are bad.
ℹ [Lag 50]:
ℹ 163 (98.79%) are good and 2 (1.21%) are bad.
ℹ *** [Parameter: Omega] ***
ℹ Computation of traceplots, can take some time...
ℹ Traceplots saved!
ℹ -> Effective size:
ℹ 189 (84%) are good, 36 (16%) are acceptable and 0 (0%) are bad.
ℹ -> Gelman-Rubin convergence diagnostic:
ℹ 200 (88.89%) are good, 19 (8.44%) are acceptable and 6 (2.67%) are bad.
ℹ -> Autocorrelation:
ℹ [Lag 20]:
ℹ 203 (90.22%) are good and 22 (9.78%) are bad.
ℹ [Lag 50]:
ℹ 225 (100%) are good and 0 (0%) are bad.

ℹ 3. Performance evaluation...
ℹ Computing training scores...
ℹ Computing testing scores...
ℹ Saving scores...
✔ Scores saved!

ℹ 4. Associations...
✔ Model ran without errors!

! ----- Running loop: 40/320 -----
ℹ - Random effect: spatial
ℹ - Strategy: none
ℹ - New samples: 0
ℹ - Train size: 125
ℹ - N variables: 6
ℹ - K-fold: 2

ℹ 0. Setting up path...

ℹ 1. Fitting model...
ℹ Preparing training set for HMSC...
ℹ Creation of Hmsc object with 'spatial' effect...
✔ Created Hmsc object!

ℹ Started fitting at: 2026-09-02 15:24:31.307945
! Cannot display fitting progress when running chains in parallel.
! Set `allow_parallel` to `FALSE` to see progress.
ℹ Completed fitting at: 2026-09-02 15:25:05.697474
ℹ Time elapsed: 34.39
ℹ Saving model...
✔ Model saved!

ℹ 2. Convergence diagnostics...
ℹ *** [Parameter: Beta] ***
ℹ Computation of traceplots, can take some time...
ℹ Traceplots saved!
ℹ -> Effective size:
ℹ 124 (75.15%) are good, 41 (24.85%) are acceptable and 0 (0%) are bad.
ℹ -> Gelman-Rubin convergence diagnostic:
ℹ 162 (98.18%) are good, 2 (1.21%) are acceptable and 1 (0.61%) are bad.
ℹ -> Autocorrelation:
ℹ [Lag 20]:
ℹ 127 (76.97%) are good and 38 (23.03%) are bad.
ℹ [Lag 50]:
ℹ 161 (97.58%) are good and 4 (2.42%) are bad.
ℹ *** [Parameter: Omega] ***
ℹ Computation of traceplots, can take some time...
ℹ Traceplots saved!
ℹ -> Effective size:
ℹ 187 (83.11%) are good, 37 (16.44%) are acceptable and 1 (0.44%) are bad.
ℹ -> Gelman-Rubin convergence diagnostic:
ℹ 199 (88.44%) are good, 20 (8.89%) are acceptable and 6 (2.67%) are bad.
ℹ -> Autocorrelation:
ℹ [Lag 20]:
ℹ 193 (85.78%) are good and 32 (14.22%) are bad.
ℹ [Lag 50]:
ℹ 224 (99.56%) are good and 1 (0.44%) are bad.

ℹ 3. Performance evaluation...
ℹ Computing training scores...
ℹ Computing testing scores...
ℹ Saving scores...
✔ Scores saved!

ℹ 4. Associations...
✔ Model ran without errors!

! ----- Running loop: 41/320 -----
ℹ - Random effect: none
ℹ - Strategy: none
ℹ - New samples: 0
ℹ - Train size: 125
ℹ - N variables: 4
ℹ - K-fold: 2

ℹ 0. Setting up path...

ℹ 1. Fitting model...
ℹ Preparing training set for HMSC...
ℹ Creation of Hmsc object without random effects...
✔ Created Hmsc object!

ℹ Started fitting at: 2026-09-02 15:27:19.917706
! Cannot display fitting progress when running chains in parallel.
! Set `allow_parallel` to `FALSE` to see progress.
ℹ Completed fitting at: 2026-09-02 15:27:27.264374
ℹ Time elapsed: 7.35
ℹ Saving model...
✔ Model saved!

ℹ 2. Convergence diagnostics...
ℹ *** [Parameter: Beta] ***
ℹ Computation of traceplots, can take some time...
ℹ Traceplots saved!
ℹ -> Effective size:
ℹ 106 (78.52%) are good, 29 (21.48%) are acceptable and 0 (0%) are bad.
ℹ -> Gelman-Rubin convergence diagnostic:
ℹ 130 (96.3%) are good, 5 (3.7%) are acceptable and 0 (0%) are bad.
ℹ -> Autocorrelation:
ℹ [Lag 20]:
ℹ 103 (76.3%) are good and 32 (23.7%) are bad.
ℹ [Lag 50]:
ℹ 133 (98.52%) are good and 2 (1.48%) are bad.

ℹ 3. Performance evaluation...
ℹ Computing training scores...
ℹ Computing testing scores...
ℹ Saving scores...
✔ Scores saved!

ℹ 4. Associations...
✔ Model ran without errors!

! ----- Running loop: 42/320 -----
ℹ - Random effect: none
ℹ - Strategy: none
ℹ - New samples: 0
ℹ - Train size: 125
ℹ - N variables: 3
ℹ - K-fold: 2

ℹ 0. Setting up path...

ℹ 1. Fitting model...
ℹ Preparing training set for HMSC...
ℹ Creation of Hmsc object without random effects...
✔ Created Hmsc object!

ℹ Started fitting at: 2026-09-02 15:27:57.178364
! Cannot display fitting progress when running chains in parallel.
! Set `allow_parallel` to `FALSE` to see progress.
ℹ Completed fitting at: 2026-09-02 15:28:08.849351
ℹ Time elapsed: 11.67
ℹ Saving model...
✔ Model saved!

ℹ 2. Convergence diagnostics...
ℹ *** [Parameter: Beta] ***
ℹ Computation of traceplots, can take some time...
ℹ Traceplots saved!
ℹ -> Effective size:
ℹ 87 (72.5%) are good, 33 (27.5%) are acceptable and 0 (0%) are bad.
ℹ -> Gelman-Rubin convergence diagnostic:
ℹ 112 (93.33%) are good, 6 (5%) are acceptable and 2 (1.67%) are bad.
ℹ -> Autocorrelation:
ℹ [Lag 20]:
ℹ 94 (78.33%) are good and 26 (21.67%) are bad.
ℹ [Lag 50]:
ℹ 114 (95%) are good and 6 (5%) are bad.

ℹ 3. Performance evaluation...
ℹ Computing training scores...
ℹ Computing testing scores...
ℹ Saving scores...
✔ Scores saved!

ℹ 4. Associations...
✔ Model ran without errors!

! ----- Running loop: 43/320 -----
ℹ - Random effect: none
ℹ - Strategy: none
ℹ - New samples: 0
ℹ - Train size: 125
ℹ - N variables: 2
ℹ - K-fold: 2

ℹ 0. Setting up path...

ℹ 1. Fitting model...
ℹ Preparing training set for HMSC...
ℹ Creation of Hmsc object without random effects...
✔ Created Hmsc object!

ℹ Started fitting at: 2026-09-02 15:28:35.997707
! Cannot display fitting progress when running chains in parallel.
! Set `allow_parallel` to `FALSE` to see progress.
ℹ Completed fitting at: 2026-09-02 15:28:42.946286
ℹ Time elapsed: 6.95
ℹ Saving model...
✔ Model saved!

ℹ 2. Convergence diagnostics...
ℹ *** [Parameter: Beta] ***
ℹ Computation of traceplots, can take some time...
ℹ Traceplots saved!
ℹ -> Effective size:
ℹ 75 (71.43%) are good, 30 (28.57%) are acceptable and 0 (0%) are bad.
ℹ -> Gelman-Rubin convergence diagnostic:
ℹ 99 (94.29%) are good, 4 (3.81%) are acceptable and 2 (1.9%) are bad.
ℹ -> Autocorrelation:
ℹ [Lag 20]:
ℹ 75 (71.43%) are good and 30 (28.57%) are bad.
ℹ [Lag 50]:
ℹ 103 (98.1%) are good and 2 (1.9%) are bad.

ℹ 3. Performance evaluation...
ℹ Computing training scores...
ℹ Computing testing scores...
ℹ Saving scores...
✔ Scores saved!

ℹ 4. Associations...
✔ Model ran without errors!

! ----- Running loop: 44/320 -----
ℹ - Random effect: none
ℹ - Strategy: none
ℹ - New samples: 50
ℹ - Train size: 125
ℹ - N variables: 6
ℹ - K-fold: 2

ℹ 0. Setting up path...
! Strategy is 'none' but n_new_samples is '50'. Overwriting with n_new_samples = '0' to avoid errors.
ℹ Model already fitted! Skipping...

! ----- Running loop: 45/320 -----
ℹ - Random effect: none
ℹ - Strategy: business-as-usual
ℹ - New samples: 50
ℹ - Train size: 125
ℹ - N variables: 6
ℹ - K-fold: 2

ℹ 0. Setting up path...
ℹ Pulling 50 new random samples...

ℹ 1. Fitting model...
ℹ Preparing training set for HMSC...
ℹ Creation of Hmsc object without random effects...
✔ Created Hmsc object!

ℹ Started fitting at: 2026-09-02 15:29:07.47699
! Cannot display fitting progress when running chains in parallel.
! Set `allow_parallel` to `FALSE` to see progress.
ℹ Completed fitting at: 2026-09-02 15:29:20.714236
ℹ Time elapsed: 13.24
ℹ Saving model...
✔ Model saved!

ℹ 2. Convergence diagnostics...
ℹ *** [Parameter: Beta] ***
ℹ Computation of traceplots, can take some time...
ℹ Traceplots saved!
ℹ -> Effective size:
ℹ 127 (76.97%) are good, 38 (23.03%) are acceptable and 0 (0%) are bad.
ℹ -> Gelman-Rubin convergence diagnostic:
ℹ 156 (94.55%) are good, 7 (4.24%) are acceptable and 2 (1.21%) are bad.
ℹ -> Autocorrelation:
ℹ [Lag 20]:
ℹ 127 (76.97%) are good and 38 (23.03%) are bad.
ℹ [Lag 50]:
ℹ 160 (96.97%) are good and 5 (3.03%) are bad.

ℹ 3. Performance evaluation...
ℹ Computing training scores...
ℹ Computing testing scores...
ℹ Saving scores...
✔ Scores saved!

ℹ 4. Associations...
✔ Model ran without errors!

! ----- Running loop: 46/320 -----
ℹ - Random effect: none
ℹ - Strategy: gap-filling
ℹ - New samples: 50
ℹ - Train size: 125
ℹ - N variables: 6
ℹ - K-fold: 2

ℹ 0. Setting up path...
ℹ Searching for the most distant points...

ℹ 1. Fitting model...
ℹ Preparing training set for HMSC...
ℹ Creation of Hmsc object without random effects...
✔ Created Hmsc object!

ℹ Started fitting at: 2026-09-02 15:30:21.236453
! Cannot display fitting progress when running chains in parallel.
! Set `allow_parallel` to `FALSE` to see progress.
ℹ Completed fitting at: 2026-09-02 15:30:34.584558
ℹ Time elapsed: 13.35
ℹ Saving model...
✔ Model saved!

ℹ 2. Convergence diagnostics...
ℹ *** [Parameter: Beta] ***
ℹ Computation of traceplots, can take some time...
ℹ Traceplots saved!
ℹ -> Effective size:
ℹ 144 (87.27%) are good, 21 (12.73%) are acceptable and 0 (0%) are bad.
ℹ -> Gelman-Rubin convergence diagnostic:
ℹ 165 (100%) are good, 0 (0%) are acceptable and 0 (0%) are bad.
ℹ -> Autocorrelation:
ℹ [Lag 20]:
ℹ 148 (89.7%) are good and 17 (10.3%) are bad.
ℹ [Lag 50]:
ℹ 164 (99.39%) are good and 1 (0.61%) are bad.

ℹ 3. Performance evaluation...
ℹ Computing training scores...
ℹ Computing testing scores...
ℹ Saving scores...
✔ Scores saved!

ℹ 4. Associations...
✔ Model ran without errors!

! ----- Running loop: 47/320 -----
ℹ - Random effect: none
ℹ - Strategy: simplified-uncertainty
ℹ - New samples: 50
ℹ - Train size: 125
ℹ - N variables: 6
ℹ - K-fold: 2

ℹ 0. Setting up path...
! Running simplified-uncertainty...

ℹ 1. Fitting model...
ℹ Preparing training set for HMSC...
ℹ Creation of Hmsc object without random effects...
✔ Created Hmsc object!

ℹ Started fitting at: 2026-09-02 15:31:35.459489
! Cannot display fitting progress when running chains in parallel.
! Set `allow_parallel` to `FALSE` to see progress.
ℹ Completed fitting at: 2026-09-02 15:31:48.636477
ℹ Time elapsed: 13.18
ℹ Saving model...
✔ Model saved!

ℹ 2. Convergence diagnostics...
ℹ *** [Parameter: Beta] ***
ℹ Computation of traceplots, can take some time...
ℹ Traceplots saved!
ℹ -> Effective size:
ℹ 141 (85.45%) are good, 24 (14.55%) are acceptable and 0 (0%) are bad.
ℹ -> Gelman-Rubin convergence diagnostic:
ℹ 162 (98.18%) are good, 3 (1.82%) are acceptable and 0 (0%) are bad.
ℹ -> Autocorrelation:
ℹ [Lag 20]:
ℹ 148 (89.7%) are good and 17 (10.3%) are bad.
ℹ [Lag 50]:
ℹ 161 (97.58%) are good and 4 (2.42%) are bad.

ℹ 3. Performance evaluation...
ℹ Computing training scores...
ℹ Computing testing scores...
ℹ Saving scores...
✔ Scores saved!

ℹ 4. Associations...
✔ Model ran without errors!

! ----- Running loop: 48/320 -----
ℹ - Random effect: none
ℹ - Strategy: 2-part-simplified-uncertainty
ℹ - New samples: 50
ℹ - Train size: 125
ℹ - N variables: 6
ℹ - K-fold: 2

ℹ 0. Setting up path...
! Running simplified-uncertainty...

ℹ 1. Fitting model...
ℹ Preparing training set for HMSC...
ℹ Creation of Hmsc object without random effects...
✔ Created Hmsc object!

ℹ Started fitting at: 2026-09-02 15:32:47.306555
! Cannot display fitting progress when running chains in parallel.
! Set `allow_parallel` to `FALSE` to see progress.
ℹ Completed fitting at: 2026-09-02 15:32:54.843436
ℹ Time elapsed: 7.54
ℹ Saving model...
✔ Model saved!

! Running simplified-uncertainty...

ℹ 1. Fitting model...
ℹ Preparing training set for HMSC...
ℹ Creation of Hmsc object without random effects...
✔ Created Hmsc object!

ℹ Started fitting at: 2026-09-02 15:32:58.288513
! Cannot display fitting progress when running chains in parallel.
! Set `allow_parallel` to `FALSE` to see progress.
ℹ Completed fitting at: 2026-09-02 15:33:05.883651
ℹ Time elapsed: 7.6
ℹ Saving model...
✔ Model saved!

ℹ 2. Convergence diagnostics...
ℹ *** [Parameter: Beta] ***
ℹ Computation of traceplots, can take some time...
ℹ Traceplots saved!
ℹ -> Effective size:
ℹ 141 (85.45%) are good, 24 (14.55%) are acceptable and 0 (0%) are bad.
ℹ -> Gelman-Rubin convergence diagnostic:
ℹ 163 (98.79%) are good, 2 (1.21%) are acceptable and 0 (0%) are bad.
ℹ -> Autocorrelation:
ℹ [Lag 20]:
ℹ 145 (87.88%) are good and 20 (12.12%) are bad.
ℹ [Lag 50]:
ℹ 164 (99.39%) are good and 1 (0.61%) are bad.

ℹ 3. Performance evaluation...
ℹ Computing training scores...
ℹ Computing testing scores...
ℹ Saving scores...
✔ Scores saved!

ℹ 4. Associations...
✔ Model ran without errors!

! ----- Running loop: 49/320 -----
ℹ - Random effect: none
ℹ - Strategy: 3-part-simplified-uncertainty
ℹ - New samples: 50
ℹ - Train size: 125
ℹ - N variables: 6
ℹ - K-fold: 2

ℹ 0. Setting up path...
! Running simplified-uncertainty...

ℹ 1. Fitting model...
ℹ Preparing training set for HMSC...
ℹ Creation of Hmsc object without random effects...
✔ Created Hmsc object!

ℹ Started fitting at: 2026-09-02 15:34:05.077938
! Cannot display fitting progress when running chains in parallel.
! Set `allow_parallel` to `FALSE` to see progress.
ℹ Completed fitting at: 2026-09-02 15:34:12.860246
ℹ Time elapsed: 7.78
ℹ Saving model...
✔ Model saved!

! Running simplified-uncertainty...

ℹ 1. Fitting model...
ℹ Preparing training set for HMSC...
ℹ Creation of Hmsc object without random effects...
✔ Created Hmsc object!

ℹ Started fitting at: 2026-09-02 15:34:16.349938
! Cannot display fitting progress when running chains in parallel.
! Set `allow_parallel` to `FALSE` to see progress.
ℹ Completed fitting at: 2026-09-02 15:34:23.996318
ℹ Time elapsed: 7.65
ℹ Saving model...
✔ Model saved!

! Running simplified-uncertainty...

ℹ 1. Fitting model...
ℹ Preparing training set for HMSC...
ℹ Creation of Hmsc object without random effects...
✔ Created Hmsc object!

ℹ Started fitting at: 2026-09-02 15:34:27.500693
! Cannot display fitting progress when running chains in parallel.
! Set `allow_parallel` to `FALSE` to see progress.
ℹ Completed fitting at: 2026-09-02 15:34:39.795292
ℹ Time elapsed: 12.29
ℹ Saving model...
✔ Model saved!

ℹ 2. Convergence diagnostics...
ℹ *** [Parameter: Beta] ***
ℹ Computation of traceplots, can take some time...
ℹ Traceplots saved!
ℹ -> Effective size:
ℹ 134 (81.21%) are good, 31 (18.79%) are acceptable and 0 (0%) are bad.
ℹ -> Gelman-Rubin convergence diagnostic:
ℹ 163 (98.79%) are good, 2 (1.21%) are acceptable and 0 (0%) are bad.
ℹ -> Autocorrelation:
ℹ [Lag 20]:
ℹ 141 (85.45%) are good and 24 (14.55%) are bad.
ℹ [Lag 50]:
ℹ 165 (100%) are good and 0 (0%) are bad.

ℹ 3. Performance evaluation...
ℹ Computing training scores...
ℹ Computing testing scores...
ℹ Saving scores...
✔ Scores saved!

ℹ 4. Associations...
✔ Model ran without errors!

! ----- Running loop: 50/320 -----
ℹ - Random effect: none
ℹ - Strategy: simplified-uncertainty
ℹ - New samples: 0
ℹ - Train size: 125
ℹ - N variables: 6
ℹ - K-fold: 2

ℹ 0. Setting up path...
! n_new_samples is '0' but strategy is 'simplified-uncertainty'. Overwriting with strategy = 'none' to avoid errors.
ℹ Model already fitted! Skipping...

! ----- Running loop: 51/320 -----
ℹ - Random effect: none
ℹ - Strategy: simplified-uncertainty
ℹ - New samples: 10
ℹ - Train size: 125
ℹ - N variables: 6
ℹ - K-fold: 2

ℹ 0. Setting up path...
! Running simplified-uncertainty...

ℹ 1. Fitting model...
ℹ Preparing training set for HMSC...
ℹ Creation of Hmsc object without random effects...
✔ Created Hmsc object!

ℹ Started fitting at: 2026-09-02 15:35:38.996303
! Cannot display fitting progress when running chains in parallel.
! Set `allow_parallel` to `FALSE` to see progress.
ℹ Completed fitting at: 2026-09-02 15:35:46.64246
ℹ Time elapsed: 7.65
ℹ Saving model...
✔ Model saved!

ℹ 2. Convergence diagnostics...
ℹ *** [Parameter: Beta] ***
ℹ Computation of traceplots, can take some time...
ℹ Traceplots saved!
ℹ -> Effective size:
ℹ 128 (77.58%) are good, 37 (22.42%) are acceptable and 0 (0%) are bad.
ℹ -> Gelman-Rubin convergence diagnostic:
ℹ 164 (99.39%) are good, 1 (0.61%) are acceptable and 0 (0%) are bad.
ℹ -> Autocorrelation:
ℹ [Lag 20]:
ℹ 135 (81.82%) are good and 30 (18.18%) are bad.
ℹ [Lag 50]:
ℹ 163 (98.79%) are good and 2 (1.21%) are bad.

ℹ 3. Performance evaluation...
ℹ Computing training scores...
ℹ Computing testing scores...
ℹ Saving scores...
✔ Scores saved!

ℹ 4. Associations...
✔ Model ran without errors!

! ----- Running loop: 52/320 -----
ℹ - Random effect: none
ℹ - Strategy: simplified-uncertainty
ℹ - New samples: 25
ℹ - Train size: 125
ℹ - N variables: 6
ℹ - K-fold: 2

ℹ 0. Setting up path...
! Running simplified-uncertainty...

ℹ 1. Fitting model...
ℹ Preparing training set for HMSC...
ℹ Creation of Hmsc object without random effects...
✔ Created Hmsc object!

ℹ Started fitting at: 2026-09-02 15:36:46.070336
! Cannot display fitting progress when running chains in parallel.
! Set `allow_parallel` to `FALSE` to see progress.
ℹ Completed fitting at: 2026-09-02 15:36:58.59839
ℹ Time elapsed: 12.53
ℹ Saving model...
✔ Model saved!

ℹ 2. Convergence diagnostics...
ℹ *** [Parameter: Beta] ***
ℹ Computation of traceplots, can take some time...
ℹ Traceplots saved!
ℹ -> Effective size:
ℹ 135 (81.82%) are good, 30 (18.18%) are acceptable and 0 (0%) are bad.
ℹ -> Gelman-Rubin convergence diagnostic:
ℹ 159 (96.36%) are good, 6 (3.64%) are acceptable and 0 (0%) are bad.
ℹ -> Autocorrelation:
ℹ [Lag 20]:
ℹ 135 (81.82%) are good and 30 (18.18%) are bad.
ℹ [Lag 50]:
ℹ 163 (98.79%) are good and 2 (1.21%) are bad.

ℹ 3. Performance evaluation...
ℹ Computing training scores...
ℹ Computing testing scores...
ℹ Saving scores...
✔ Scores saved!

ℹ 4. Associations...
✔ Model ran without errors!

! ----- Running loop: 53/320 -----
ℹ - Random effect: none
ℹ - Strategy: simplified-uncertainty
ℹ - New samples: 100
ℹ - Train size: 125
ℹ - N variables: 6
ℹ - K-fold: 2

ℹ 0. Setting up path...
! Running simplified-uncertainty...

ℹ 1. Fitting model...
ℹ Preparing training set for HMSC...
ℹ Creation of Hmsc object without random effects...
✔ Created Hmsc object!

ℹ Started fitting at: 2026-09-02 15:37:57.341127
! Cannot display fitting progress when running chains in parallel.
! Set `allow_parallel` to `FALSE` to see progress.
ℹ Completed fitting at: 2026-09-02 15:38:05.665494
ℹ Time elapsed: 8.32
ℹ Saving model...
✔ Model saved!

ℹ 2. Convergence diagnostics...
ℹ *** [Parameter: Beta] ***
ℹ Computation of traceplots, can take some time...
ℹ Traceplots saved!
ℹ -> Effective size:
ℹ 153 (92.73%) are good, 12 (7.27%) are acceptable and 0 (0%) are bad.
ℹ -> Gelman-Rubin convergence diagnostic:
ℹ 164 (99.39%) are good, 1 (0.61%) are acceptable and 0 (0%) are bad.
ℹ -> Autocorrelation:
ℹ [Lag 20]:
ℹ 155 (93.94%) are good and 10 (6.06%) are bad.
ℹ [Lag 50]:
ℹ 164 (99.39%) are good and 1 (0.61%) are bad.

ℹ 3. Performance evaluation...
ℹ Computing training scores...
ℹ Computing testing scores...
ℹ Saving scores...
✔ Scores saved!

ℹ 4. Associations...
✔ Model ran without errors!

! ----- Running loop: 54/320 -----
ℹ - Random effect: none
ℹ - Strategy: simplified-uncertainty
ℹ - New samples: 150
ℹ - Train size: 125
ℹ - N variables: 6
ℹ - K-fold: 2

ℹ 0. Setting up path...
! Running simplified-uncertainty...

ℹ 1. Fitting model...
ℹ Preparing training set for HMSC...
ℹ Creation of Hmsc object without random effects...
✔ Created Hmsc object!

ℹ Started fitting at: 2026-09-02 15:39:06.864134
! Cannot display fitting progress when running chains in parallel.
! Set `allow_parallel` to `FALSE` to see progress.
ℹ Completed fitting at: 2026-09-02 15:39:18.179003
ℹ Time elapsed: 11.31
ℹ Saving model...
✔ Model saved!

ℹ 2. Convergence diagnostics...
ℹ *** [Parameter: Beta] ***
ℹ Computation of traceplots, can take some time...
ℹ Traceplots saved!
ℹ -> Effective size:
ℹ 151 (91.52%) are good, 14 (8.48%) are acceptable and 0 (0%) are bad.
ℹ -> Gelman-Rubin convergence diagnostic:
ℹ 165 (100%) are good, 0 (0%) are acceptable and 0 (0%) are bad.
ℹ -> Autocorrelation:
ℹ [Lag 20]:
ℹ 153 (92.73%) are good and 12 (7.27%) are bad.
ℹ [Lag 50]:
ℹ 161 (97.58%) are good and 4 (2.42%) are bad.

ℹ 3. Performance evaluation...
ℹ Computing training scores...
ℹ Computing testing scores...
ℹ Saving scores...
✔ Scores saved!

ℹ 4. Associations...
✔ Model ran without errors!

! ----- Running loop: 55/320 -----
ℹ - Random effect: none
ℹ - Strategy: gap-filling
ℹ - New samples: 0
ℹ - Train size: 125
ℹ - N variables: 6
ℹ - K-fold: 2

ℹ 0. Setting up path...
! n_new_samples is '0' but strategy is 'gap-filling'. Overwriting with strategy = 'none' to avoid errors.
ℹ Model already fitted! Skipping...

! ----- Running loop: 56/320 -----
ℹ - Random effect: none
ℹ - Strategy: gap-filling
ℹ - New samples: 10
ℹ - Train size: 125
ℹ - N variables: 6
ℹ - K-fold: 2

ℹ 0. Setting up path...
ℹ Searching for the most distant points...

ℹ 1. Fitting model...
ℹ Preparing training set for HMSC...
ℹ Creation of Hmsc object without random effects...
✔ Created Hmsc object!

ℹ Started fitting at: 2026-09-02 15:40:16.425358
! Cannot display fitting progress when running chains in parallel.
! Set `allow_parallel` to `FALSE` to see progress.
ℹ Completed fitting at: 2026-09-02 15:40:31.957632
ℹ Time elapsed: 15.53
ℹ Saving model...
✔ Model saved!

ℹ 2. Convergence diagnostics...
ℹ *** [Parameter: Beta] ***
ℹ Computation of traceplots, can take some time...
ℹ Traceplots saved!
ℹ -> Effective size:
ℹ 134 (81.21%) are good, 31 (18.79%) are acceptable and 0 (0%) are bad.
ℹ -> Gelman-Rubin convergence diagnostic:
ℹ 163 (98.79%) are good, 2 (1.21%) are acceptable and 0 (0%) are bad.
ℹ -> Autocorrelation:
ℹ [Lag 20]:
ℹ 135 (81.82%) are good and 30 (18.18%) are bad.
ℹ [Lag 50]:
ℹ 163 (98.79%) are good and 2 (1.21%) are bad.

ℹ 3. Performance evaluation...
ℹ Computing training scores...
ℹ Computing testing scores...
ℹ Saving scores...
✔ Scores saved!

ℹ 4. Associations...
✔ Model ran without errors!

! ----- Running loop: 57/320 -----
ℹ - Random effect: none
ℹ - Strategy: gap-filling
ℹ - New samples: 25
ℹ - Train size: 125
ℹ - N variables: 6
ℹ - K-fold: 2

ℹ 0. Setting up path...
ℹ Searching for the most distant points...

ℹ 1. Fitting model...
ℹ Preparing training set for HMSC...
ℹ Creation of Hmsc object without random effects...
✔ Created Hmsc object!

ℹ Started fitting at: 2026-09-02 15:41:30.485159
! Cannot display fitting progress when running chains in parallel.
! Set `allow_parallel` to `FALSE` to see progress.
ℹ Completed fitting at: 2026-09-02 15:41:42.752357
ℹ Time elapsed: 12.27
ℹ Saving model...
✔ Model saved!

ℹ 2. Convergence diagnostics...
ℹ *** [Parameter: Beta] ***
ℹ Computation of traceplots, can take some time...
ℹ Traceplots saved!
ℹ -> Effective size:
ℹ 119 (72.12%) are good, 46 (27.88%) are acceptable and 0 (0%) are bad.
ℹ -> Gelman-Rubin convergence diagnostic:
ℹ 106 (64.24%) are good, 19 (11.52%) are acceptable and 40 (24.24%) are bad.
ℹ -> Autocorrelation:
ℹ [Lag 20]:
ℹ 120 (72.73%) are good and 45 (27.27%) are bad.
ℹ [Lag 50]:
ℹ 149 (90.3%) are good and 16 (9.7%) are bad.

ℹ 3. Performance evaluation...
ℹ Computing training scores...
ℹ Computing testing scores...
ℹ Saving scores...
✔ Scores saved!

ℹ 4. Associations...
✔ Model ran without errors!

! ----- Running loop: 58/320 -----
ℹ - Random effect: none
ℹ - Strategy: gap-filling
ℹ - New samples: 100
ℹ - Train size: 125
ℹ - N variables: 6
ℹ - K-fold: 2

ℹ 0. Setting up path...
ℹ Searching for the most distant points...

ℹ 1. Fitting model...
ℹ Preparing training set for HMSC...
ℹ Creation of Hmsc object without random effects...
✔ Created Hmsc object!

ℹ Started fitting at: 2026-09-02 15:42:48.176052
! Cannot display fitting progress when running chains in parallel.
! Set `allow_parallel` to `FALSE` to see progress.
ℹ Completed fitting at: 2026-09-02 15:43:03.646189
ℹ Time elapsed: 15.47
ℹ Saving model...
✔ Model saved!

ℹ 2. Convergence diagnostics...
ℹ *** [Parameter: Beta] ***
ℹ Computation of traceplots, can take some time...
ℹ Traceplots saved!
ℹ -> Effective size:
ℹ 145 (87.88%) are good, 20 (12.12%) are acceptable and 0 (0%) are bad.
ℹ -> Gelman-Rubin convergence diagnostic:
ℹ 160 (96.97%) are good, 2 (1.21%) are acceptable and 3 (1.82%) are bad.
ℹ -> Autocorrelation:
ℹ [Lag 20]:
ℹ 152 (92.12%) are good and 13 (7.88%) are bad.
ℹ [Lag 50]:
ℹ 161 (97.58%) are good and 4 (2.42%) are bad.

ℹ 3. Performance evaluation...
ℹ Computing training scores...
ℹ Computing testing scores...
ℹ Saving scores...
✔ Scores saved!

ℹ 4. Associations...
✔ Model ran without errors!

! ----- Running loop: 59/320 -----
ℹ - Random effect: none
ℹ - Strategy: gap-filling
ℹ - New samples: 150
ℹ - Train size: 125
ℹ - N variables: 6
ℹ - K-fold: 2

ℹ 0. Setting up path...
ℹ Searching for the most distant points...

ℹ 1. Fitting model...
ℹ Preparing training set for HMSC...
ℹ Creation of Hmsc object without random effects...
✔ Created Hmsc object!

ℹ Started fitting at: 2026-09-02 15:44:15.353507
! Cannot display fitting progress when running chains in parallel.
! Set `allow_parallel` to `FALSE` to see progress.
ℹ Completed fitting at: 2026-09-02 15:44:28.972598
ℹ Time elapsed: 13.62
ℹ Saving model...
✔ Model saved!

ℹ 2. Convergence diagnostics...
ℹ *** [Parameter: Beta] ***
ℹ Computation of traceplots, can take some time...
ℹ Traceplots saved!
ℹ -> Effective size:
ℹ 147 (89.09%) are good, 18 (10.91%) are acceptable and 0 (0%) are bad.
ℹ -> Gelman-Rubin convergence diagnostic:
ℹ 165 (100%) are good, 0 (0%) are acceptable and 0 (0%) are bad.
ℹ -> Autocorrelation:
ℹ [Lag 20]:
ℹ 153 (92.73%) are good and 12 (7.27%) are bad.
ℹ [Lag 50]:
ℹ 164 (99.39%) are good and 1 (0.61%) are bad.

ℹ 3. Performance evaluation...
ℹ Computing training scores...
ℹ Computing testing scores...
ℹ Saving scores...
✔ Scores saved!

ℹ 4. Associations...
✔ Model ran without errors!

! ----- Running loop: 60/320 -----
ℹ - Random effect: none
ℹ - Strategy: 3-part-simplified-uncertainty
ℹ - New samples: 0
ℹ - Train size: 125
ℹ - N variables: 6
ℹ - K-fold: 2

ℹ 0. Setting up path...
! n_new_samples is '0' but strategy is '3-part-simplified-uncertainty'. Overwriting with strategy = 'none' to avoid errors.
ℹ Model already fitted! Skipping...

! ----- Running loop: 61/320 -----
ℹ - Random effect: none
ℹ - Strategy: 3-part-simplified-uncertainty
ℹ - New samples: 10
ℹ - Train size: 125
ℹ - N variables: 6
ℹ - K-fold: 2

ℹ 0. Setting up path...
! Running simplified-uncertainty...

ℹ 1. Fitting model...
ℹ Preparing training set for HMSC...
ℹ Creation of Hmsc object without random effects...
✔ Created Hmsc object!

ℹ Started fitting at: 2026-09-02 15:45:29.130476
! Cannot display fitting progress when running chains in parallel.
! Set `allow_parallel` to `FALSE` to see progress.
ℹ Completed fitting at: 2026-09-02 15:45:36.787519
ℹ Time elapsed: 7.66
ℹ Saving model...
✔ Model saved!

! Running simplified-uncertainty...

ℹ 1. Fitting model...
ℹ Preparing training set for HMSC...
ℹ Creation of Hmsc object without random effects...
✔ Created Hmsc object!

ℹ Started fitting at: 2026-09-02 15:45:40.276481
! Cannot display fitting progress when running chains in parallel.
! Set `allow_parallel` to `FALSE` to see progress.
ℹ Completed fitting at: 2026-09-02 15:45:57.964575
ℹ Time elapsed: 17.69
ℹ Saving model...
✔ Model saved!

! Running simplified-uncertainty...

ℹ 1. Fitting model...
ℹ Preparing training set for HMSC...
ℹ Creation of Hmsc object without random effects...
✔ Created Hmsc object!

ℹ Started fitting at: 2026-09-02 15:46:01.50215
! Cannot display fitting progress when running chains in parallel.
! Set `allow_parallel` to `FALSE` to see progress.
ℹ Completed fitting at: 2026-09-02 15:46:09.190243
ℹ Time elapsed: 7.69
ℹ Saving model...
✔ Model saved!

ℹ 2. Convergence diagnostics...
ℹ *** [Parameter: Beta] ***
ℹ Computation of traceplots, can take some time...
ℹ Traceplots saved!
ℹ -> Effective size:
ℹ 132 (80%) are good, 33 (20%) are acceptable and 0 (0%) are bad.
ℹ -> Gelman-Rubin convergence diagnostic:
ℹ 159 (96.36%) are good, 5 (3.03%) are acceptable and 1 (0.61%) are bad.
ℹ -> Autocorrelation:
ℹ [Lag 20]:
ℹ 141 (85.45%) are good and 24 (14.55%) are bad.
ℹ [Lag 50]:
ℹ 162 (98.18%) are good and 3 (1.82%) are bad.

ℹ 3. Performance evaluation...
ℹ Computing training scores...
ℹ Computing testing scores...
ℹ Saving scores...
✔ Scores saved!

ℹ 4. Associations...
✔ Model ran without errors!

! ----- Running loop: 62/320 -----
ℹ - Random effect: none
ℹ - Strategy: 3-part-simplified-uncertainty
ℹ - New samples: 25
ℹ - Train size: 125
ℹ - N variables: 6
ℹ - K-fold: 2

ℹ 0. Setting up path...
! Running simplified-uncertainty...

ℹ 1. Fitting model...
ℹ Preparing training set for HMSC...
ℹ Creation of Hmsc object without random effects...
✔ Created Hmsc object!

ℹ Started fitting at: 2026-09-02 15:47:08.585033
! Cannot display fitting progress when running chains in parallel.
! Set `allow_parallel` to `FALSE` to see progress.
ℹ Completed fitting at: 2026-09-02 15:47:17.13329
ℹ Time elapsed: 8.55
ℹ Saving model...
✔ Model saved!

! Running simplified-uncertainty...

ℹ 1. Fitting model...
ℹ Preparing training set for HMSC...
ℹ Creation of Hmsc object without random effects...
✔ Created Hmsc object!

ℹ Started fitting at: 2026-09-02 15:47:20.591022
! Cannot display fitting progress when running chains in parallel.
! Set `allow_parallel` to `FALSE` to see progress.
ℹ Completed fitting at: 2026-09-02 15:47:28.155639
ℹ Time elapsed: 7.56
ℹ Saving model...
✔ Model saved!

! Running simplified-uncertainty...

ℹ 1. Fitting model...
ℹ Preparing training set for HMSC...
ℹ Creation of Hmsc object without random effects...
✔ Created Hmsc object!

ℹ Started fitting at: 2026-09-02 15:47:31.674759
! Cannot display fitting progress when running chains in parallel.
! Set `allow_parallel` to `FALSE` to see progress.
ℹ Completed fitting at: 2026-09-02 15:47:39.110318
ℹ Time elapsed: 7.44
ℹ Saving model...
✔ Model saved!

ℹ 2. Convergence diagnostics...
ℹ *** [Parameter: Beta] ***
ℹ Computation of traceplots, can take some time...
ℹ Traceplots saved!
ℹ -> Effective size:
ℹ 130 (78.79%) are good, 35 (21.21%) are acceptable and 0 (0%) are bad.
ℹ -> Gelman-Rubin convergence diagnostic:
ℹ 165 (100%) are good, 0 (0%) are acceptable and 0 (0%) are bad.
ℹ -> Autocorrelation:
ℹ [Lag 20]:
ℹ 148 (89.7%) are good and 17 (10.3%) are bad.
ℹ [Lag 50]:
ℹ 164 (99.39%) are good and 1 (0.61%) are bad.

ℹ 3. Performance evaluation...
ℹ Computing training scores...
ℹ Computing testing scores...
ℹ Saving scores...
✔ Scores saved!

ℹ 4. Associations...
✔ Model ran without errors!

! ----- Running loop: 63/320 -----
ℹ - Random effect: none
ℹ - Strategy: 3-part-simplified-uncertainty
ℹ - New samples: 100
ℹ - Train size: 125
ℹ - N variables: 6
ℹ - K-fold: 2

ℹ 0. Setting up path...
! Running simplified-uncertainty...

ℹ 1. Fitting model...
ℹ Preparing training set for HMSC...
ℹ Creation of Hmsc object without random effects...
✔ Created Hmsc object!

ℹ Started fitting at: 2026-09-02 15:48:38.845078
! Cannot display fitting progress when running chains in parallel.
! Set `allow_parallel` to `FALSE` to see progress.
ℹ Completed fitting at: 2026-09-02 15:48:51.126606
ℹ Time elapsed: 12.28
ℹ Saving model...
✔ Model saved!

! Running simplified-uncertainty...

ℹ 1. Fitting model...
ℹ Preparing training set for HMSC...
ℹ Creation of Hmsc object without random effects...
✔ Created Hmsc object!

ℹ Started fitting at: 2026-09-02 15:48:54.61622
! Cannot display fitting progress when running chains in parallel.
! Set `allow_parallel` to `FALSE` to see progress.
ℹ Completed fitting at: 2026-09-02 15:49:07.635249
ℹ Time elapsed: 13.02
ℹ Saving model...
✔ Model saved!

! Running simplified-uncertainty...

ℹ 1. Fitting model...
ℹ Preparing training set for HMSC...
ℹ Creation of Hmsc object without random effects...
✔ Created Hmsc object!

ℹ Started fitting at: 2026-09-02 15:49:11.043811
! Cannot display fitting progress when running chains in parallel.
! Set `allow_parallel` to `FALSE` to see progress.
ℹ Completed fitting at: 2026-09-02 15:49:19.246689
ℹ Time elapsed: 8.2
ℹ Saving model...
✔ Model saved!

ℹ 2. Convergence diagnostics...
ℹ *** [Parameter: Beta] ***
ℹ Computation of traceplots, can take some time...
ℹ Traceplots saved!
ℹ -> Effective size:
ℹ 131 (79.39%) are good, 34 (20.61%) are acceptable and 0 (0%) are bad.
ℹ -> Gelman-Rubin convergence diagnostic:
ℹ 161 (97.58%) are good, 4 (2.42%) are acceptable and 0 (0%) are bad.
ℹ -> Autocorrelation:
ℹ [Lag 20]:
ℹ 143 (86.67%) are good and 22 (13.33%) are bad.
ℹ [Lag 50]:
ℹ 160 (96.97%) are good and 5 (3.03%) are bad.

ℹ 3. Performance evaluation...
ℹ Computing training scores...
ℹ Computing testing scores...
ℹ Saving scores...
✔ Scores saved!

ℹ 4. Associations...
✔ Model ran without errors!

! ----- Running loop: 64/320 -----
ℹ - Random effect: none
ℹ - Strategy: 3-part-simplified-uncertainty
ℹ - New samples: 150
ℹ - Train size: 125
ℹ - N variables: 6
ℹ - K-fold: 2

ℹ 0. Setting up path...
! Running simplified-uncertainty...

ℹ 1. Fitting model...
ℹ Preparing training set for HMSC...
ℹ Creation of Hmsc object without random effects...
✔ Created Hmsc object!

ℹ Started fitting at: 2026-09-02 15:50:18.916827
! Cannot display fitting progress when running chains in parallel.
! Set `allow_parallel` to `FALSE` to see progress.
ℹ Completed fitting at: 2026-09-02 15:50:28.006071
ℹ Time elapsed: 9.09
ℹ Saving model...
✔ Model saved!

! Running simplified-uncertainty...

ℹ 1. Fitting model...
ℹ Preparing training set for HMSC...
ℹ Creation of Hmsc object without random effects...
✔ Created Hmsc object!

ℹ Started fitting at: 2026-09-02 15:50:31.545591
! Cannot display fitting progress when running chains in parallel.
! Set `allow_parallel` to `FALSE` to see progress.
ℹ Completed fitting at: 2026-09-02 15:50:44.653642
ℹ Time elapsed: 13.11
ℹ Saving model...
✔ Model saved!

! Running simplified-uncertainty...

ℹ 1. Fitting model...
ℹ Preparing training set for HMSC...
ℹ Creation of Hmsc object without random effects...
✔ Created Hmsc object!

ℹ Started fitting at: 2026-09-02 15:50:48.119717
! Cannot display fitting progress when running chains in parallel.
! Set `allow_parallel` to `FALSE` to see progress.
ℹ Completed fitting at: 2026-09-02 15:51:01.521961
ℹ Time elapsed: 13.4
ℹ Saving model...
✔ Model saved!

ℹ 2. Convergence diagnostics...
ℹ *** [Parameter: Beta] ***
ℹ Computation of traceplots, can take some time...
ℹ Traceplots saved!
ℹ -> Effective size:
ℹ 145 (87.88%) are good, 20 (12.12%) are acceptable and 0 (0%) are bad.
ℹ -> Gelman-Rubin convergence diagnostic:
ℹ 165 (100%) are good, 0 (0%) are acceptable and 0 (0%) are bad.
ℹ -> Autocorrelation:
ℹ [Lag 20]:
ℹ 153 (92.73%) are good and 12 (7.27%) are bad.
ℹ [Lag 50]:
ℹ 164 (99.39%) are good and 1 (0.61%) are bad.

ℹ 3. Performance evaluation...
ℹ Computing training scores...
ℹ Computing testing scores...
ℹ Saving scores...
✔ Scores saved!

ℹ 4. Associations...
✔ Model ran without errors!

! ----- Running loop: 65/320 -----
ℹ - Random effect: none
ℹ - Strategy: none
ℹ - New samples: 0
ℹ - Train size: 15
ℹ - N variables: 6
ℹ - K-fold: 3

ℹ 0. Setting up path...

ℹ 1. Fitting model...
ℹ Preparing training set for HMSC...
ℹ Creation of Hmsc object without random effects...
✔ Created Hmsc object!

ℹ Started fitting at: 2026-09-02 15:51:58.848784
! Cannot display fitting progress when running chains in parallel.
! Set `allow_parallel` to `FALSE` to see progress.
ℹ Completed fitting at: 2026-09-02 15:52:06.367814
ℹ Time elapsed: 7.52
ℹ Saving model...
✔ Model saved!

ℹ 2. Convergence diagnostics...
ℹ *** [Parameter: Beta] ***
ℹ Computation of traceplots, can take some time...
ℹ Traceplots saved!
ℹ -> Effective size:
ℹ 33 (20%) are good, 102 (61.82%) are acceptable and 30 (18.18%) are bad.
ℹ -> Gelman-Rubin convergence diagnostic:
ℹ 83 (50.3%) are good, 30 (18.18%) are acceptable and 52 (31.52%) are bad.
ℹ -> Autocorrelation:
ℹ [Lag 20]:
ℹ 25 (15.15%) are good and 140 (84.85%) are bad.
ℹ [Lag 50]:
ℹ 48 (29.09%) are good and 117 (70.91%) are bad.

ℹ 3. Performance evaluation...
ℹ Computing training scores...
ℹ Computing testing scores...
ℹ Saving scores...
✔ Scores saved!

ℹ 4. Associations...
✔ Model ran without errors!

! ----- Running loop: 66/320 -----
ℹ - Random effect: none
ℹ - Strategy: none
ℹ - New samples: 0
ℹ - Train size: 25
ℹ - N variables: 6
ℹ - K-fold: 3

ℹ 0. Setting up path...

ℹ 1. Fitting model...
ℹ Preparing training set for HMSC...
ℹ Creation of Hmsc object without random effects...
✔ Created Hmsc object!

ℹ Started fitting at: 2026-09-02 15:52:41.282322
! Cannot display fitting progress when running chains in parallel.
! Set `allow_parallel` to `FALSE` to see progress.
ℹ Completed fitting at: 2026-09-02 15:52:58.613986
ℹ Time elapsed: 17.33
ℹ Saving model...
✔ Model saved!

ℹ 2. Convergence diagnostics...
ℹ *** [Parameter: Beta] ***
ℹ Computation of traceplots, can take some time...
ℹ Traceplots saved!
ℹ -> Effective size:
ℹ 78 (47.27%) are good, 84 (50.91%) are acceptable and 3 (1.82%) are bad.
ℹ -> Gelman-Rubin convergence diagnostic:
ℹ 139 (84.24%) are good, 20 (12.12%) are acceptable and 6 (3.64%) are bad.
ℹ -> Autocorrelation:
ℹ [Lag 20]:
ℹ 68 (41.21%) are good and 97 (58.79%) are bad.
ℹ [Lag 50]:
ℹ 129 (78.18%) are good and 36 (21.82%) are bad.

ℹ 3. Performance evaluation...
ℹ Computing training scores...
ℹ Computing testing scores...
ℹ Saving scores...
✔ Scores saved!

ℹ 4. Associations...
✔ Model ran without errors!

! ----- Running loop: 67/320 -----
ℹ - Random effect: none
ℹ - Strategy: none
ℹ - New samples: 0
ℹ - Train size: 50
ℹ - N variables: 6
ℹ - K-fold: 3

ℹ 0. Setting up path...

ℹ 1. Fitting model...
ℹ Preparing training set for HMSC...
ℹ Creation of Hmsc object without random effects...
✔ Created Hmsc object!

ℹ Started fitting at: 2026-09-02 15:53:33.238818
! Cannot display fitting progress when running chains in parallel.
! Set `allow_parallel` to `FALSE` to see progress.
ℹ Completed fitting at: 2026-09-02 15:53:40.689821
ℹ Time elapsed: 7.45
ℹ Saving model...
✔ Model saved!

ℹ 2. Convergence diagnostics...
ℹ *** [Parameter: Beta] ***
ℹ Computation of traceplots, can take some time...
ℹ Traceplots saved!
ℹ -> Effective size:
ℹ 143 (86.67%) are good, 22 (13.33%) are acceptable and 0 (0%) are bad.
ℹ -> Gelman-Rubin convergence diagnostic:
ℹ 164 (99.39%) are good, 1 (0.61%) are acceptable and 0 (0%) are bad.
ℹ -> Autocorrelation:
ℹ [Lag 20]:
ℹ 146 (88.48%) are good and 19 (11.52%) are bad.
ℹ [Lag 50]:
ℹ 165 (100%) are good and 0 (0%) are bad.

ℹ 3. Performance evaluation...
ℹ Computing training scores...
ℹ Computing testing scores...
ℹ Saving scores...
✔ Scores saved!

ℹ 4. Associations...
✔ Model ran without errors!

! ----- Running loop: 68/320 -----
ℹ - Random effect: none
ℹ - Strategy: none
ℹ - New samples: 0
ℹ - Train size: 75
ℹ - N variables: 6
ℹ - K-fold: 3

ℹ 0. Setting up path...

ℹ 1. Fitting model...
ℹ Preparing training set for HMSC...
ℹ Creation of Hmsc object without random effects...
✔ Created Hmsc object!

ℹ Started fitting at: 2026-09-02 15:54:15.794091
! Cannot display fitting progress when running chains in parallel.
! Set `allow_parallel` to `FALSE` to see progress.
ℹ Completed fitting at: 2026-09-02 15:54:27.700823
ℹ Time elapsed: 11.91
ℹ Saving model...
✔ Model saved!

ℹ 2. Convergence diagnostics...
ℹ *** [Parameter: Beta] ***
ℹ Computation of traceplots, can take some time...
ℹ Traceplots saved!
ℹ -> Effective size:
ℹ 149 (90.3%) are good, 16 (9.7%) are acceptable and 0 (0%) are bad.
ℹ -> Gelman-Rubin convergence diagnostic:
ℹ 164 (99.39%) are good, 1 (0.61%) are acceptable and 0 (0%) are bad.
ℹ -> Autocorrelation:
ℹ [Lag 20]:
ℹ 148 (89.7%) are good and 17 (10.3%) are bad.
ℹ [Lag 50]:
ℹ 165 (100%) are good and 0 (0%) are bad.

ℹ 3. Performance evaluation...
ℹ Computing training scores...
ℹ Computing testing scores...
ℹ Saving scores...
✔ Scores saved!

ℹ 4. Associations...
✔ Model ran without errors!

! ----- Running loop: 69/320 -----
ℹ - Random effect: none
ℹ - Strategy: none
ℹ - New samples: 0
ℹ - Train size: 100
ℹ - N variables: 6
ℹ - K-fold: 3

ℹ 0. Setting up path...

ℹ 1. Fitting model...
ℹ Preparing training set for HMSC...
ℹ Creation of Hmsc object without random effects...
✔ Created Hmsc object!

ℹ Started fitting at: 2026-09-02 15:55:02.110498
! Cannot display fitting progress when running chains in parallel.
! Set `allow_parallel` to `FALSE` to see progress.
ℹ Completed fitting at: 2026-09-02 15:55:11.158361
ℹ Time elapsed: 9.05
ℹ Saving model...
✔ Model saved!

ℹ 2. Convergence diagnostics...
ℹ *** [Parameter: Beta] ***
ℹ Computation of traceplots, can take some time...
ℹ Traceplots saved!
ℹ -> Effective size:
ℹ 152 (92.12%) are good, 13 (7.88%) are acceptable and 0 (0%) are bad.
ℹ -> Gelman-Rubin convergence diagnostic:
ℹ 165 (100%) are good, 0 (0%) are acceptable and 0 (0%) are bad.
ℹ -> Autocorrelation:
ℹ [Lag 20]:
ℹ 154 (93.33%) are good and 11 (6.67%) are bad.
ℹ [Lag 50]:
ℹ 165 (100%) are good and 0 (0%) are bad.

ℹ 3. Performance evaluation...
ℹ Computing training scores...
ℹ Computing testing scores...
ℹ Saving scores...
✔ Scores saved!

ℹ 4. Associations...
✔ Model ran without errors!

! ----- Running loop: 70/320 -----
ℹ - Random effect: none
ℹ - Strategy: none
ℹ - New samples: 0
ℹ - Train size: 125
ℹ - N variables: 6
ℹ - K-fold: 3

ℹ 0. Setting up path...

ℹ 1. Fitting model...
ℹ Preparing training set for HMSC...
ℹ Creation of Hmsc object without random effects...
✔ Created Hmsc object!

ℹ Started fitting at: 2026-09-02 15:55:45.614093
! Cannot display fitting progress when running chains in parallel.
! Set `allow_parallel` to `FALSE` to see progress.
ℹ Completed fitting at: 2026-09-02 15:55:53.081708
ℹ Time elapsed: 7.47
ℹ Saving model...
✔ Model saved!

ℹ 2. Convergence diagnostics...
ℹ *** [Parameter: Beta] ***
ℹ Computation of traceplots, can take some time...
ℹ Traceplots saved!
ℹ -> Effective size:
ℹ 150 (90.91%) are good, 15 (9.09%) are acceptable and 0 (0%) are bad.
ℹ -> Gelman-Rubin convergence diagnostic:
ℹ 163 (98.79%) are good, 1 (0.61%) are acceptable and 1 (0.61%) are bad.
ℹ -> Autocorrelation:
ℹ [Lag 20]:
ℹ 153 (92.73%) are good and 12 (7.27%) are bad.
ℹ [Lag 50]:
ℹ 162 (98.18%) are good and 3 (1.82%) are bad.

ℹ 3. Performance evaluation...
ℹ Computing training scores...
ℹ Computing testing scores...
ℹ Saving scores...
✔ Scores saved!

ℹ 4. Associations...
✔ Model ran without errors!

! ----- Running loop: 71/320 -----
ℹ - Random effect: carres
ℹ - Strategy: none
ℹ - New samples: 0
ℹ - Train size: 125
ℹ - N variables: 6
ℹ - K-fold: 3

ℹ 0. Setting up path...

ℹ 1. Fitting model...
ℹ Preparing training set for HMSC...
ℹ Creation of Hmsc object with 'units' effect...
✔ Created Hmsc object!

ℹ Started fitting at: 2026-09-02 15:56:27.379299
! Cannot display fitting progress when running chains in parallel.
! Set `allow_parallel` to `FALSE` to see progress.
ℹ Completed fitting at: 2026-09-02 15:56:50.655555
ℹ Time elapsed: 23.28
ℹ Saving model...
✔ Model saved!

ℹ 2. Convergence diagnostics...
ℹ *** [Parameter: Beta] ***
ℹ Computation of traceplots, can take some time...
ℹ Traceplots saved!
ℹ -> Effective size:
ℹ 146 (88.48%) are good, 19 (11.52%) are acceptable and 0 (0%) are bad.
ℹ -> Gelman-Rubin convergence diagnostic:
ℹ 165 (100%) are good, 0 (0%) are acceptable and 0 (0%) are bad.
ℹ -> Autocorrelation:
ℹ [Lag 20]:
ℹ 149 (90.3%) are good and 16 (9.7%) are bad.
ℹ [Lag 50]:
ℹ 164 (99.39%) are good and 1 (0.61%) are bad.
ℹ *** [Parameter: Omega] ***
ℹ Computation of traceplots, can take some time...
ℹ Traceplots saved!
ℹ -> Effective size:
ℹ 203 (90.22%) are good, 22 (9.78%) are acceptable and 0 (0%) are bad.
ℹ -> Gelman-Rubin convergence diagnostic:
ℹ 208 (92.44%) are good, 14 (6.22%) are acceptable and 3 (1.33%) are bad.
ℹ -> Autocorrelation:
ℹ [Lag 20]:
ℹ 205 (91.11%) are good and 20 (8.89%) are bad.
ℹ [Lag 50]:
ℹ 224 (99.56%) are good and 1 (0.44%) are bad.

ℹ 3. Performance evaluation...
ℹ Computing training scores...
ℹ Computing testing scores...
ℹ Saving scores...
✔ Scores saved!

ℹ 4. Associations...
✔ Model ran without errors!

! ----- Running loop: 72/320 -----
ℹ - Random effect: spatial
ℹ - Strategy: none
ℹ - New samples: 0
ℹ - Train size: 125
ℹ - N variables: 6
ℹ - K-fold: 3

ℹ 0. Setting up path...

ℹ 1. Fitting model...
ℹ Preparing training set for HMSC...
ℹ Creation of Hmsc object with 'spatial' effect...
✔ Created Hmsc object!

ℹ Started fitting at: 2026-09-02 15:57:52.815491
! Cannot display fitting progress when running chains in parallel.
! Set `allow_parallel` to `FALSE` to see progress.
ℹ Completed fitting at: 2026-09-02 15:58:32.584425
ℹ Time elapsed: 39.77
ℹ Saving model...
✔ Model saved!

ℹ 2. Convergence diagnostics...
ℹ *** [Parameter: Beta] ***
ℹ Computation of traceplots, can take some time...
ℹ Traceplots saved!
ℹ -> Effective size:
ℹ 148 (89.7%) are good, 17 (10.3%) are acceptable and 0 (0%) are bad.
ℹ -> Gelman-Rubin convergence diagnostic:
ℹ 165 (100%) are good, 0 (0%) are acceptable and 0 (0%) are bad.
ℹ -> Autocorrelation:
ℹ [Lag 20]:
ℹ 148 (89.7%) are good and 17 (10.3%) are bad.
ℹ [Lag 50]:
ℹ 165 (100%) are good and 0 (0%) are bad.
ℹ *** [Parameter: Omega] ***
ℹ Computation of traceplots, can take some time...
ℹ Traceplots saved!
ℹ -> Effective size:
ℹ 169 (75.11%) are good, 54 (24%) are acceptable and 2 (0.89%) are bad.
ℹ -> Gelman-Rubin convergence diagnostic:
ℹ 144 (64%) are good, 48 (21.33%) are acceptable and 33 (14.67%) are bad.
ℹ -> Autocorrelation:
ℹ [Lag 20]:
ℹ 176 (78.22%) are good and 49 (21.78%) are bad.
ℹ [Lag 50]:
ℹ 210 (93.33%) are good and 15 (6.67%) are bad.

ℹ 3. Performance evaluation...
ℹ Computing training scores...
ℹ Computing testing scores...
ℹ Saving scores...
✔ Scores saved!

ℹ 4. Associations...
✔ Model ran without errors!

! ----- Running loop: 73/320 -----
ℹ - Random effect: none
ℹ - Strategy: none
ℹ - New samples: 0
ℹ - Train size: 125
ℹ - N variables: 4
ℹ - K-fold: 3

ℹ 0. Setting up path...

ℹ 1. Fitting model...
ℹ Preparing training set for HMSC...
ℹ Creation of Hmsc object without random effects...
✔ Created Hmsc object!

ℹ Started fitting at: 2026-09-02 16:00:46.345524
! Cannot display fitting progress when running chains in parallel.
! Set `allow_parallel` to `FALSE` to see progress.
ℹ Completed fitting at: 2026-09-02 16:00:58.971871
ℹ Time elapsed: 12.63
ℹ Saving model...
✔ Model saved!

ℹ 2. Convergence diagnostics...
ℹ *** [Parameter: Beta] ***
ℹ Computation of traceplots, can take some time...
ℹ Traceplots saved!
ℹ -> Effective size:
ℹ 121 (89.63%) are good, 14 (10.37%) are acceptable and 0 (0%) are bad.
ℹ -> Gelman-Rubin convergence diagnostic:
ℹ 133 (98.52%) are good, 1 (0.74%) are acceptable and 1 (0.74%) are bad.
ℹ -> Autocorrelation:
ℹ [Lag 20]:
ℹ 122 (90.37%) are good and 13 (9.63%) are bad.
ℹ [Lag 50]:
ℹ 133 (98.52%) are good and 2 (1.48%) are bad.

ℹ 3. Performance evaluation...
ℹ Computing training scores...
ℹ Computing testing scores...
ℹ Saving scores...
✔ Scores saved!

ℹ 4. Associations...
✔ Model ran without errors!

! ----- Running loop: 74/320 -----
ℹ - Random effect: none
ℹ - Strategy: none
ℹ - New samples: 0
ℹ - Train size: 125
ℹ - N variables: 3
ℹ - K-fold: 3

ℹ 0. Setting up path...

ℹ 1. Fitting model...
ℹ Preparing training set for HMSC...
ℹ Creation of Hmsc object without random effects...
✔ Created Hmsc object!

ℹ Started fitting at: 2026-09-02 16:01:28.077708
! Cannot display fitting progress when running chains in parallel.
! Set `allow_parallel` to `FALSE` to see progress.
ℹ Completed fitting at: 2026-09-02 16:01:39.818761
ℹ Time elapsed: 11.74
ℹ Saving model...
✔ Model saved!

ℹ 2. Convergence diagnostics...
ℹ *** [Parameter: Beta] ***
ℹ Computation of traceplots, can take some time...
ℹ Traceplots saved!
ℹ -> Effective size:
ℹ 107 (89.17%) are good, 13 (10.83%) are acceptable and 0 (0%) are bad.
ℹ -> Gelman-Rubin convergence diagnostic:
ℹ 115 (95.83%) are good, 5 (4.17%) are acceptable and 0 (0%) are bad.
ℹ -> Autocorrelation:
ℹ [Lag 20]:
ℹ 111 (92.5%) are good and 9 (7.5%) are bad.
ℹ [Lag 50]:
ℹ 119 (99.17%) are good and 1 (0.83%) are bad.

ℹ 3. Performance evaluation...
ℹ Computing training scores...
ℹ Computing testing scores...
ℹ Saving scores...
✔ Scores saved!

ℹ 4. Associations...
✔ Model ran without errors!

! ----- Running loop: 75/320 -----
ℹ - Random effect: none
ℹ - Strategy: none
ℹ - New samples: 0
ℹ - Train size: 125
ℹ - N variables: 2
ℹ - K-fold: 3

ℹ 0. Setting up path...

ℹ 1. Fitting model...
ℹ Preparing training set for HMSC...
ℹ Creation of Hmsc object without random effects...
✔ Created Hmsc object!

ℹ Started fitting at: 2026-09-02 16:02:06.05329
! Cannot display fitting progress when running chains in parallel.
! Set `allow_parallel` to `FALSE` to see progress.
ℹ Completed fitting at: 2026-09-02 16:02:13.127566
ℹ Time elapsed: 7.07
ℹ Saving model...
✔ Model saved!

ℹ 2. Convergence diagnostics...
ℹ *** [Parameter: Beta] ***
ℹ Computation of traceplots, can take some time...
ℹ Traceplots saved!
ℹ -> Effective size:
ℹ 92 (87.62%) are good, 12 (11.43%) are acceptable and 1 (0.95%) are bad.
ℹ -> Gelman-Rubin convergence diagnostic:
ℹ 97 (92.38%) are good, 1 (0.95%) are acceptable and 7 (6.67%) are bad.
ℹ -> Autocorrelation:
ℹ [Lag 20]:
ℹ 88 (83.81%) are good and 17 (16.19%) are bad.
ℹ [Lag 50]:
ℹ 96 (91.43%) are good and 9 (8.57%) are bad.

ℹ 3. Performance evaluation...
ℹ Computing training scores...
ℹ Computing testing scores...
ℹ Saving scores...
✔ Scores saved!

ℹ 4. Associations...
✔ Model ran without errors!

! ----- Running loop: 76/320 -----
ℹ - Random effect: none
ℹ - Strategy: none
ℹ - New samples: 50
ℹ - Train size: 125
ℹ - N variables: 6
ℹ - K-fold: 3

ℹ 0. Setting up path...
! Strategy is 'none' but n_new_samples is '50'. Overwriting with n_new_samples = '0' to avoid errors.
ℹ Model already fitted! Skipping...

! ----- Running loop: 77/320 -----
ℹ - Random effect: none
ℹ - Strategy: business-as-usual
ℹ - New samples: 50
ℹ - Train size: 125
ℹ - N variables: 6
ℹ - K-fold: 3

ℹ 0. Setting up path...
ℹ Pulling 50 new random samples...

ℹ 1. Fitting model...
ℹ Preparing training set for HMSC...
ℹ Creation of Hmsc object without random effects...
✔ Created Hmsc object!

ℹ Started fitting at: 2026-09-02 16:02:37.534637
! Cannot display fitting progress when running chains in parallel.
! Set `allow_parallel` to `FALSE` to see progress.
ℹ Completed fitting at: 2026-09-02 16:02:45.731584
ℹ Time elapsed: 8.2
ℹ Saving model...
✔ Model saved!

ℹ 2. Convergence diagnostics...
ℹ *** [Parameter: Beta] ***
ℹ Computation of traceplots, can take some time...
ℹ Traceplots saved!
ℹ -> Effective size:
ℹ 154 (93.33%) are good, 11 (6.67%) are acceptable and 0 (0%) are bad.
ℹ -> Gelman-Rubin convergence diagnostic:
ℹ 165 (100%) are good, 0 (0%) are acceptable and 0 (0%) are bad.
ℹ -> Autocorrelation:
ℹ [Lag 20]:
ℹ 155 (93.94%) are good and 10 (6.06%) are bad.
ℹ [Lag 50]:
ℹ 162 (98.18%) are good and 3 (1.82%) are bad.

ℹ 3. Performance evaluation...
ℹ Computing training scores...
ℹ Computing testing scores...
ℹ Saving scores...
✔ Scores saved!

ℹ 4. Associations...
✔ Model ran without errors!

! ----- Running loop: 78/320 -----
ℹ - Random effect: none
ℹ - Strategy: gap-filling
ℹ - New samples: 50
ℹ - Train size: 125
ℹ - N variables: 6
ℹ - K-fold: 3

ℹ 0. Setting up path...
ℹ Searching for the most distant points...

ℹ 1. Fitting model...
ℹ Preparing training set for HMSC...
ℹ Creation of Hmsc object without random effects...
✔ Created Hmsc object!

ℹ Started fitting at: 2026-09-02 16:03:46.377076
! Cannot display fitting progress when running chains in parallel.
! Set `allow_parallel` to `FALSE` to see progress.
ℹ Completed fitting at: 2026-09-02 16:03:57.163059
ℹ Time elapsed: 10.79
ℹ Saving model...
✔ Model saved!

ℹ 2. Convergence diagnostics...
ℹ *** [Parameter: Beta] ***
ℹ Computation of traceplots, can take some time...
ℹ Traceplots saved!
ℹ -> Effective size:
ℹ 153 (92.73%) are good, 12 (7.27%) are acceptable and 0 (0%) are bad.
ℹ -> Gelman-Rubin convergence diagnostic:
ℹ 165 (100%) are good, 0 (0%) are acceptable and 0 (0%) are bad.
ℹ -> Autocorrelation:
ℹ [Lag 20]:
ℹ 156 (94.55%) are good and 9 (5.45%) are bad.
ℹ [Lag 50]:
ℹ 164 (99.39%) are good and 1 (0.61%) are bad.

ℹ 3. Performance evaluation...
ℹ Computing training scores...
ℹ Computing testing scores...
ℹ Saving scores...
✔ Scores saved!

ℹ 4. Associations...
✔ Model ran without errors!

! ----- Running loop: 79/320 -----
ℹ - Random effect: none
ℹ - Strategy: simplified-uncertainty
ℹ - New samples: 50
ℹ - Train size: 125
ℹ - N variables: 6
ℹ - K-fold: 3

ℹ 0. Setting up path...
! Running simplified-uncertainty...

ℹ 1. Fitting model...
ℹ Preparing training set for HMSC...
ℹ Creation of Hmsc object without random effects...
✔ Created Hmsc object!

ℹ Started fitting at: 2026-09-02 16:04:56.846393
! Cannot display fitting progress when running chains in parallel.
! Set `allow_parallel` to `FALSE` to see progress.
ℹ Completed fitting at: 2026-09-02 16:05:04.632127
ℹ Time elapsed: 7.79
ℹ Saving model...
✔ Model saved!

ℹ 2. Convergence diagnostics...
ℹ *** [Parameter: Beta] ***
ℹ Computation of traceplots, can take some time...
ℹ Traceplots saved!
ℹ -> Effective size:
ℹ 152 (92.12%) are good, 13 (7.88%) are acceptable and 0 (0%) are bad.
ℹ -> Gelman-Rubin convergence diagnostic:
ℹ 162 (98.18%) are good, 1 (0.61%) are acceptable and 2 (1.21%) are bad.
ℹ -> Autocorrelation:
ℹ [Lag 20]:
ℹ 157 (95.15%) are good and 8 (4.85%) are bad.
ℹ [Lag 50]:
ℹ 164 (99.39%) are good and 1 (0.61%) are bad.

ℹ 3. Performance evaluation...
ℹ Computing training scores...
ℹ Computing testing scores...
ℹ Saving scores...
✔ Scores saved!

ℹ 4. Associations...
✔ Model ran without errors!

! ----- Running loop: 80/320 -----
ℹ - Random effect: none
ℹ - Strategy: 2-part-simplified-uncertainty
ℹ - New samples: 50
ℹ - Train size: 125
ℹ - N variables: 6
ℹ - K-fold: 3

ℹ 0. Setting up path...
! Running simplified-uncertainty...

ℹ 1. Fitting model...
ℹ Preparing training set for HMSC...
ℹ Creation of Hmsc object without random effects...
✔ Created Hmsc object!

ℹ Started fitting at: 2026-09-02 16:06:04.375782
! Cannot display fitting progress when running chains in parallel.
! Set `allow_parallel` to `FALSE` to see progress.
ℹ Completed fitting at: 2026-09-02 16:06:17.127751
ℹ Time elapsed: 12.75
ℹ Saving model...
✔ Model saved!

! Running simplified-uncertainty...

ℹ 1. Fitting model...
ℹ Preparing training set for HMSC...
ℹ Creation of Hmsc object without random effects...
✔ Created Hmsc object!

ℹ Started fitting at: 2026-09-02 16:06:20.60565
! Cannot display fitting progress when running chains in parallel.
! Set `allow_parallel` to `FALSE` to see progress.
ℹ Completed fitting at: 2026-09-02 16:06:28.205873
ℹ Time elapsed: 7.6
ℹ Saving model...
✔ Model saved!

ℹ 2. Convergence diagnostics...
ℹ *** [Parameter: Beta] ***
ℹ Computation of traceplots, can take some time...
ℹ Traceplots saved!
ℹ -> Effective size:
ℹ 153 (92.73%) are good, 12 (7.27%) are acceptable and 0 (0%) are bad.
ℹ -> Gelman-Rubin convergence diagnostic:
ℹ 164 (99.39%) are good, 1 (0.61%) are acceptable and 0 (0%) are bad.
ℹ -> Autocorrelation:
ℹ [Lag 20]:
ℹ 157 (95.15%) are good and 8 (4.85%) are bad.
ℹ [Lag 50]:
ℹ 163 (98.79%) are good and 2 (1.21%) are bad.

ℹ 3. Performance evaluation...
ℹ Computing training scores...
ℹ Computing testing scores...
ℹ Saving scores...
✔ Scores saved!

ℹ 4. Associations...
✔ Model ran without errors!

! ----- Running loop: 81/320 -----
ℹ - Random effect: none
ℹ - Strategy: 3-part-simplified-uncertainty
ℹ - New samples: 50
ℹ - Train size: 125
ℹ - N variables: 6
ℹ - K-fold: 3

ℹ 0. Setting up path...
! Running simplified-uncertainty...

ℹ 1. Fitting model...
ℹ Preparing training set for HMSC...
ℹ Creation of Hmsc object without random effects...
✔ Created Hmsc object!

ℹ Started fitting at: 2026-09-02 16:07:28.680957
! Cannot display fitting progress when running chains in parallel.
! Set `allow_parallel` to `FALSE` to see progress.
ℹ Completed fitting at: 2026-09-02 16:07:41.194548
ℹ Time elapsed: 12.51
ℹ Saving model...
✔ Model saved!

! Running simplified-uncertainty...

ℹ 1. Fitting model...
ℹ Preparing training set for HMSC...
ℹ Creation of Hmsc object without random effects...
✔ Created Hmsc object!

ℹ Started fitting at: 2026-09-02 16:07:44.673697
! Cannot display fitting progress when running chains in parallel.
! Set `allow_parallel` to `FALSE` to see progress.
ℹ Completed fitting at: 2026-09-02 16:07:57.051095
ℹ Time elapsed: 12.38
ℹ Saving model...
✔ Model saved!

! Running simplified-uncertainty...

ℹ 1. Fitting model...
ℹ Preparing training set for HMSC...
ℹ Creation of Hmsc object without random effects...
✔ Created Hmsc object!

ℹ Started fitting at: 2026-09-02 16:08:00.488388
! Cannot display fitting progress when running chains in parallel.
! Set `allow_parallel` to `FALSE` to see progress.
ℹ Completed fitting at: 2026-09-02 16:08:08.074199
ℹ Time elapsed: 7.59
ℹ Saving model...
✔ Model saved!

ℹ 2. Convergence diagnostics...
ℹ *** [Parameter: Beta] ***
ℹ Computation of traceplots, can take some time...
ℹ Traceplots saved!
ℹ -> Effective size:
ℹ 153 (92.73%) are good, 12 (7.27%) are acceptable and 0 (0%) are bad.
ℹ -> Gelman-Rubin convergence diagnostic:
ℹ 165 (100%) are good, 0 (0%) are acceptable and 0 (0%) are bad.
ℹ -> Autocorrelation:
ℹ [Lag 20]:
ℹ 157 (95.15%) are good and 8 (4.85%) are bad.
ℹ [Lag 50]:
ℹ 164 (99.39%) are good and 1 (0.61%) are bad.

ℹ 3. Performance evaluation...
ℹ Computing training scores...
ℹ Computing testing scores...
ℹ Saving scores...
✔ Scores saved!

ℹ 4. Associations...
✔ Model ran without errors!

! ----- Running loop: 82/320 -----
ℹ - Random effect: none
ℹ - Strategy: simplified-uncertainty
ℹ - New samples: 0
ℹ - Train size: 125
ℹ - N variables: 6
ℹ - K-fold: 3

ℹ 0. Setting up path...
! n_new_samples is '0' but strategy is 'simplified-uncertainty'. Overwriting with strategy = 'none' to avoid errors.
ℹ Model already fitted! Skipping...

! ----- Running loop: 83/320 -----
ℹ - Random effect: none
ℹ - Strategy: simplified-uncertainty
ℹ - New samples: 10
ℹ - Train size: 125
ℹ - N variables: 6
ℹ - K-fold: 3

ℹ 0. Setting up path...
! Running simplified-uncertainty...

ℹ 1. Fitting model...
ℹ Preparing training set for HMSC...
ℹ Creation of Hmsc object without random effects...
✔ Created Hmsc object!

ℹ Started fitting at: 2026-09-02 16:09:07.148303
! Cannot display fitting progress when running chains in parallel.
! Set `allow_parallel` to `FALSE` to see progress.
ℹ Completed fitting at: 2026-09-02 16:09:20.042037
ℹ Time elapsed: 12.89
ℹ Saving model...
✔ Model saved!

ℹ 2. Convergence diagnostics...
ℹ *** [Parameter: Beta] ***
ℹ Computation of traceplots, can take some time...
ℹ Traceplots saved!
ℹ -> Effective size:
ℹ 147 (89.09%) are good, 18 (10.91%) are acceptable and 0 (0%) are bad.
ℹ -> Gelman-Rubin convergence diagnostic:
ℹ 165 (100%) are good, 0 (0%) are acceptable and 0 (0%) are bad.
ℹ -> Autocorrelation:
ℹ [Lag 20]:
ℹ 151 (91.52%) are good and 14 (8.48%) are bad.
ℹ [Lag 50]:
ℹ 163 (98.79%) are good and 2 (1.21%) are bad.

ℹ 3. Performance evaluation...
ℹ Computing training scores...
ℹ Computing testing scores...
ℹ Saving scores...
✔ Scores saved!

ℹ 4. Associations...
✔ Model ran without errors!

! ----- Running loop: 84/320 -----
ℹ - Random effect: none
ℹ - Strategy: simplified-uncertainty
ℹ - New samples: 25
ℹ - Train size: 125
ℹ - N variables: 6
ℹ - K-fold: 3

ℹ 0. Setting up path...
! Running simplified-uncertainty...

ℹ 1. Fitting model...
ℹ Preparing training set for HMSC...
ℹ Creation of Hmsc object without random effects...
✔ Created Hmsc object!

ℹ Started fitting at: 2026-09-02 16:10:18.281172
! Cannot display fitting progress when running chains in parallel.
! Set `allow_parallel` to `FALSE` to see progress.
ℹ Completed fitting at: 2026-09-02 16:10:36.075266
ℹ Time elapsed: 17.79
ℹ Saving model...
✔ Model saved!

ℹ 2. Convergence diagnostics...
ℹ *** [Parameter: Beta] ***
ℹ Computation of traceplots, can take some time...
ℹ Traceplots saved!
ℹ -> Effective size:
ℹ 150 (90.91%) are good, 15 (9.09%) are acceptable and 0 (0%) are bad.
ℹ -> Gelman-Rubin convergence diagnostic:
ℹ 163 (98.79%) are good, 2 (1.21%) are acceptable and 0 (0%) are bad.
ℹ -> Autocorrelation:
ℹ [Lag 20]:
ℹ 157 (95.15%) are good and 8 (4.85%) are bad.
ℹ [Lag 50]:
ℹ 165 (100%) are good and 0 (0%) are bad.

ℹ 3. Performance evaluation...
ℹ Computing training scores...
ℹ Computing testing scores...
ℹ Saving scores...
✔ Scores saved!

ℹ 4. Associations...
✔ Model ran without errors!

! ----- Running loop: 85/320 -----
ℹ - Random effect: none
ℹ - Strategy: simplified-uncertainty
ℹ - New samples: 100
ℹ - Train size: 125
ℹ - N variables: 6
ℹ - K-fold: 3

ℹ 0. Setting up path...
! Running simplified-uncertainty...

ℹ 1. Fitting model...
ℹ Preparing training set for HMSC...
ℹ Creation of Hmsc object without random effects...
✔ Created Hmsc object!

ℹ Started fitting at: 2026-09-02 16:11:34.200764
! Cannot display fitting progress when running chains in parallel.
! Set `allow_parallel` to `FALSE` to see progress.
ℹ Completed fitting at: 2026-09-02 16:11:42.385324
ℹ Time elapsed: 8.18
ℹ Saving model...
✔ Model saved!

ℹ 2. Convergence diagnostics...
ℹ *** [Parameter: Beta] ***
ℹ Computation of traceplots, can take some time...
ℹ Traceplots saved!
ℹ -> Effective size:
ℹ 161 (97.58%) are good, 4 (2.42%) are acceptable and 0 (0%) are bad.
ℹ -> Gelman-Rubin convergence diagnostic:
ℹ 165 (100%) are good, 0 (0%) are acceptable and 0 (0%) are bad.
ℹ -> Autocorrelation:
ℹ [Lag 20]:
ℹ 165 (100%) are good and 0 (0%) are bad.
ℹ [Lag 50]:
ℹ 165 (100%) are good and 0 (0%) are bad.

ℹ 3. Performance evaluation...
ℹ Computing training scores...
ℹ Computing testing scores...
ℹ Saving scores...
✔ Scores saved!

ℹ 4. Associations...
✔ Model ran without errors!

! ----- Running loop: 86/320 -----
ℹ - Random effect: none
ℹ - Strategy: simplified-uncertainty
ℹ - New samples: 150
ℹ - Train size: 125
ℹ - N variables: 6
ℹ - K-fold: 3

ℹ 0. Setting up path...
! Running simplified-uncertainty...

ℹ 1. Fitting model...
ℹ Preparing training set for HMSC...
ℹ Creation of Hmsc object without random effects...
✔ Created Hmsc object!

ℹ Started fitting at: 2026-09-02 16:12:41.889308
! Cannot display fitting progress when running chains in parallel.
! Set `allow_parallel` to `FALSE` to see progress.
ℹ Completed fitting at: 2026-09-02 16:12:50.260581
ℹ Time elapsed: 8.37
ℹ Saving model...
✔ Model saved!

ℹ 2. Convergence diagnostics...
ℹ *** [Parameter: Beta] ***
ℹ Computation of traceplots, can take some time...
ℹ Traceplots saved!
ℹ -> Effective size:
ℹ 161 (97.58%) are good, 4 (2.42%) are acceptable and 0 (0%) are bad.
ℹ -> Gelman-Rubin convergence diagnostic:
ℹ 165 (100%) are good, 0 (0%) are acceptable and 0 (0%) are bad.
ℹ -> Autocorrelation:
ℹ [Lag 20]:
ℹ 164 (99.39%) are good and 1 (0.61%) are bad.
ℹ [Lag 50]:
ℹ 165 (100%) are good and 0 (0%) are bad.

ℹ 3. Performance evaluation...
ℹ Computing training scores...
ℹ Computing testing scores...
ℹ Saving scores...
✔ Scores saved!

ℹ 4. Associations...
✔ Model ran without errors!

! ----- Running loop: 87/320 -----
ℹ - Random effect: none
ℹ - Strategy: gap-filling
ℹ - New samples: 0
ℹ - Train size: 125
ℹ - N variables: 6
ℹ - K-fold: 3

ℹ 0. Setting up path...
! n_new_samples is '0' but strategy is 'gap-filling'. Overwriting with strategy = 'none' to avoid errors.
ℹ Model already fitted! Skipping...

! ----- Running loop: 88/320 -----
ℹ - Random effect: none
ℹ - Strategy: gap-filling
ℹ - New samples: 10
ℹ - Train size: 125
ℹ - N variables: 6
ℹ - K-fold: 3

ℹ 0. Setting up path...
ℹ Searching for the most distant points...

ℹ 1. Fitting model...
ℹ Preparing training set for HMSC...
ℹ Creation of Hmsc object without random effects...
✔ Created Hmsc object!

ℹ Started fitting at: 2026-09-02 16:13:47.569556
! Cannot display fitting progress when running chains in parallel.
! Set `allow_parallel` to `FALSE` to see progress.
ℹ Completed fitting at: 2026-09-02 16:14:00.242758
ℹ Time elapsed: 12.67
ℹ Saving model...
✔ Model saved!

ℹ 2. Convergence diagnostics...
ℹ *** [Parameter: Beta] ***
ℹ Computation of traceplots, can take some time...
ℹ Traceplots saved!
ℹ -> Effective size:
ℹ 148 (89.7%) are good, 17 (10.3%) are acceptable and 0 (0%) are bad.
ℹ -> Gelman-Rubin convergence diagnostic:
ℹ 162 (98.18%) are good, 2 (1.21%) are acceptable and 1 (0.61%) are bad.
ℹ -> Autocorrelation:
ℹ [Lag 20]:
ℹ 155 (93.94%) are good and 10 (6.06%) are bad.
ℹ [Lag 50]:
ℹ 164 (99.39%) are good and 1 (0.61%) are bad.

ℹ 3. Performance evaluation...
ℹ Computing training scores...
ℹ Computing testing scores...
ℹ Saving scores...
✔ Scores saved!

ℹ 4. Associations...
✔ Model ran without errors!

! ----- Running loop: 89/320 -----
ℹ - Random effect: none
ℹ - Strategy: gap-filling
ℹ - New samples: 25
ℹ - Train size: 125
ℹ - N variables: 6
ℹ - K-fold: 3

ℹ 0. Setting up path...
ℹ Searching for the most distant points...

ℹ 1. Fitting model...
ℹ Preparing training set for HMSC...
ℹ Creation of Hmsc object without random effects...
✔ Created Hmsc object!

ℹ Started fitting at: 2026-09-02 16:14:57.583004
! Cannot display fitting progress when running chains in parallel.
! Set `allow_parallel` to `FALSE` to see progress.
ℹ Completed fitting at: 2026-09-02 16:15:10.853978
ℹ Time elapsed: 13.27
ℹ Saving model...
✔ Model saved!

ℹ 2. Convergence diagnostics...
ℹ *** [Parameter: Beta] ***
ℹ Computation of traceplots, can take some time...
ℹ Traceplots saved!
ℹ -> Effective size:
ℹ 150 (90.91%) are good, 15 (9.09%) are acceptable and 0 (0%) are bad.
ℹ -> Gelman-Rubin convergence diagnostic:
ℹ 162 (98.18%) are good, 2 (1.21%) are acceptable and 1 (0.61%) are bad.
ℹ -> Autocorrelation:
ℹ [Lag 20]:
ℹ 147 (89.09%) are good and 18 (10.91%) are bad.
ℹ [Lag 50]:
ℹ 162 (98.18%) are good and 3 (1.82%) are bad.

ℹ 3. Performance evaluation...
ℹ Computing training scores...
ℹ Computing testing scores...
ℹ Saving scores...
✔ Scores saved!

ℹ 4. Associations...
✔ Model ran without errors!

! ----- Running loop: 90/320 -----
ℹ - Random effect: none
ℹ - Strategy: gap-filling
ℹ - New samples: 100
ℹ - Train size: 125
ℹ - N variables: 6
ℹ - K-fold: 3

ℹ 0. Setting up path...
ℹ Searching for the most distant points...

ℹ 1. Fitting model...
ℹ Preparing training set for HMSC...
ℹ Creation of Hmsc object without random effects...
✔ Created Hmsc object!

ℹ Started fitting at: 2026-09-02 16:16:15.612543
! Cannot display fitting progress when running chains in parallel.
! Set `allow_parallel` to `FALSE` to see progress.
ℹ Completed fitting at: 2026-09-02 16:16:23.84765
ℹ Time elapsed: 8.24
ℹ Saving model...
✔ Model saved!

ℹ 2. Convergence diagnostics...
ℹ *** [Parameter: Beta] ***
ℹ Computation of traceplots, can take some time...
ℹ Traceplots saved!
ℹ -> Effective size:
ℹ 151 (91.52%) are good, 14 (8.48%) are acceptable and 0 (0%) are bad.
ℹ -> Gelman-Rubin convergence diagnostic:
ℹ 165 (100%) are good, 0 (0%) are acceptable and 0 (0%) are bad.
ℹ -> Autocorrelation:
ℹ [Lag 20]:
ℹ 153 (92.73%) are good and 12 (7.27%) are bad.
ℹ [Lag 50]:
ℹ 163 (98.79%) are good and 2 (1.21%) are bad.

ℹ 3. Performance evaluation...
ℹ Computing training scores...
ℹ Computing testing scores...
ℹ Saving scores...
✔ Scores saved!

ℹ 4. Associations...
✔ Model ran without errors!

! ----- Running loop: 91/320 -----
ℹ - Random effect: none
ℹ - Strategy: gap-filling
ℹ - New samples: 150
ℹ - Train size: 125
ℹ - N variables: 6
ℹ - K-fold: 3

ℹ 0. Setting up path...
ℹ Searching for the most distant points...

ℹ 1. Fitting model...
ℹ Preparing training set for HMSC...
ℹ Creation of Hmsc object without random effects...
✔ Created Hmsc object!

ℹ Started fitting at: 2026-09-02 16:17:35.174226
! Cannot display fitting progress when running chains in parallel.
! Set `allow_parallel` to `FALSE` to see progress.
ℹ Completed fitting at: 2026-09-02 16:17:43.667033
ℹ Time elapsed: 8.49
ℹ Saving model...
✔ Model saved!

ℹ 2. Convergence diagnostics...
ℹ *** [Parameter: Beta] ***
ℹ Computation of traceplots, can take some time...
ℹ Traceplots saved!
ℹ -> Effective size:
ℹ 151 (91.52%) are good, 14 (8.48%) are acceptable and 0 (0%) are bad.
ℹ -> Gelman-Rubin convergence diagnostic:
ℹ 164 (99.39%) are good, 0 (0%) are acceptable and 1 (0.61%) are bad.
ℹ -> Autocorrelation:
ℹ [Lag 20]:
ℹ 154 (93.33%) are good and 11 (6.67%) are bad.
ℹ [Lag 50]:
ℹ 164 (99.39%) are good and 1 (0.61%) are bad.

ℹ 3. Performance evaluation...
ℹ Computing training scores...
ℹ Computing testing scores...
ℹ Saving scores...
✔ Scores saved!

ℹ 4. Associations...
✔ Model ran without errors!

! ----- Running loop: 92/320 -----
ℹ - Random effect: none
ℹ - Strategy: 3-part-simplified-uncertainty
ℹ - New samples: 0
ℹ - Train size: 125
ℹ - N variables: 6
ℹ - K-fold: 3

ℹ 0. Setting up path...
! n_new_samples is '0' but strategy is '3-part-simplified-uncertainty'. Overwriting with strategy = 'none' to avoid errors.
ℹ Model already fitted! Skipping...

! ----- Running loop: 93/320 -----
ℹ - Random effect: none
ℹ - Strategy: 3-part-simplified-uncertainty
ℹ - New samples: 10
ℹ - Train size: 125
ℹ - N variables: 6
ℹ - K-fold: 3

ℹ 0. Setting up path...
! Running simplified-uncertainty...

ℹ 1. Fitting model...
ℹ Preparing training set for HMSC...
ℹ Creation of Hmsc object without random effects...
✔ Created Hmsc object!

ℹ Started fitting at: 2026-09-02 16:18:43.873469
! Cannot display fitting progress when running chains in parallel.
! Set `allow_parallel` to `FALSE` to see progress.
ℹ Completed fitting at: 2026-09-02 16:18:51.320432
ℹ Time elapsed: 7.45
ℹ Saving model...
✔ Model saved!

! Running simplified-uncertainty...

ℹ 1. Fitting model...
ℹ Preparing training set for HMSC...
ℹ Creation of Hmsc object without random effects...
✔ Created Hmsc object!

ℹ Started fitting at: 2026-09-02 16:18:54.788922
! Cannot display fitting progress when running chains in parallel.
! Set `allow_parallel` to `FALSE` to see progress.
ℹ Completed fitting at: 2026-09-02 16:19:02.053246
ℹ Time elapsed: 7.26
ℹ Saving model...
✔ Model saved!

! Running simplified-uncertainty...

ℹ 1. Fitting model...
ℹ Preparing training set for HMSC...
ℹ Creation of Hmsc object without random effects...
✔ Created Hmsc object!

ℹ Started fitting at: 2026-09-02 16:19:05.548912
! Cannot display fitting progress when running chains in parallel.
! Set `allow_parallel` to `FALSE` to see progress.
ℹ Completed fitting at: 2026-09-02 16:19:12.980325
ℹ Time elapsed: 7.43
ℹ Saving model...
✔ Model saved!

ℹ 2. Convergence diagnostics...
ℹ *** [Parameter: Beta] ***
ℹ Computation of traceplots, can take some time...
ℹ Traceplots saved!
ℹ -> Effective size:
ℹ 147 (89.09%) are good, 18 (10.91%) are acceptable and 0 (0%) are bad.
ℹ -> Gelman-Rubin convergence diagnostic:
ℹ 164 (99.39%) are good, 1 (0.61%) are acceptable and 0 (0%) are bad.
ℹ -> Autocorrelation:
ℹ [Lag 20]:
ℹ 149 (90.3%) are good and 16 (9.7%) are bad.
ℹ [Lag 50]:
ℹ 163 (98.79%) are good and 2 (1.21%) are bad.

ℹ 3. Performance evaluation...
ℹ Computing training scores...
ℹ Computing testing scores...
ℹ Saving scores...
✔ Scores saved!

ℹ 4. Associations...
✔ Model ran without errors!

! ----- Running loop: 94/320 -----
ℹ - Random effect: none
ℹ - Strategy: 3-part-simplified-uncertainty
ℹ - New samples: 25
ℹ - Train size: 125
ℹ - N variables: 6
ℹ - K-fold: 3

ℹ 0. Setting up path...
! Running simplified-uncertainty...

ℹ 1. Fitting model...
ℹ Preparing training set for HMSC...
ℹ Creation of Hmsc object without random effects...
✔ Created Hmsc object!

ℹ Started fitting at: 2026-09-02 16:20:13.831757
! Cannot display fitting progress when running chains in parallel.
! Set `allow_parallel` to `FALSE` to see progress.
ℹ Completed fitting at: 2026-09-02 16:20:21.493458
ℹ Time elapsed: 7.66
ℹ Saving model...
✔ Model saved!

! Running simplified-uncertainty...

ℹ 1. Fitting model...
ℹ Preparing training set for HMSC...
ℹ Creation of Hmsc object without random effects...
✔ Created Hmsc object!

ℹ Started fitting at: 2026-09-02 16:20:24.949368
! Cannot display fitting progress when running chains in parallel.
! Set `allow_parallel` to `FALSE` to see progress.
ℹ Completed fitting at: 2026-09-02 16:20:37.607675
ℹ Time elapsed: 12.66
ℹ Saving model...
✔ Model saved!

! Running simplified-uncertainty...

ℹ 1. Fitting model...
ℹ Preparing training set for HMSC...
ℹ Creation of Hmsc object without random effects...
✔ Created Hmsc object!

ℹ Started fitting at: 2026-09-02 16:20:41.027658
! Cannot display fitting progress when running chains in parallel.
! Set `allow_parallel` to `FALSE` to see progress.
ℹ Completed fitting at: 2026-09-02 16:20:48.626138
ℹ Time elapsed: 7.6
ℹ Saving model...
✔ Model saved!

ℹ 2. Convergence diagnostics...
ℹ *** [Parameter: Beta] ***
ℹ Computation of traceplots, can take some time...
ℹ Traceplots saved!
ℹ -> Effective size:
ℹ 150 (90.91%) are good, 15 (9.09%) are acceptable and 0 (0%) are bad.
ℹ -> Gelman-Rubin convergence diagnostic:
ℹ 164 (99.39%) are good, 1 (0.61%) are acceptable and 0 (0%) are bad.
ℹ -> Autocorrelation:
ℹ [Lag 20]:
ℹ 156 (94.55%) are good and 9 (5.45%) are bad.
ℹ [Lag 50]:
ℹ 165 (100%) are good and 0 (0%) are bad.

ℹ 3. Performance evaluation...
ℹ Computing training scores...
ℹ Computing testing scores...
ℹ Saving scores...
✔ Scores saved!

ℹ 4. Associations...
✔ Model ran without errors!

! ----- Running loop: 95/320 -----
ℹ - Random effect: none
ℹ - Strategy: 3-part-simplified-uncertainty
ℹ - New samples: 100
ℹ - Train size: 125
ℹ - N variables: 6
ℹ - K-fold: 3

ℹ 0. Setting up path...
! Running simplified-uncertainty...

ℹ 1. Fitting model...
ℹ Preparing training set for HMSC...
ℹ Creation of Hmsc object without random effects...
✔ Created Hmsc object!

ℹ Started fitting at: 2026-09-02 16:21:47.720905
! Cannot display fitting progress when running chains in parallel.
! Set `allow_parallel` to `FALSE` to see progress.
ℹ Completed fitting at: 2026-09-02 16:22:00.100592
ℹ Time elapsed: 12.38
ℹ Saving model...
✔ Model saved!

! Running simplified-uncertainty...

ℹ 1. Fitting model...
ℹ Preparing training set for HMSC...
ℹ Creation of Hmsc object without random effects...
✔ Created Hmsc object!

ℹ Started fitting at: 2026-09-02 16:22:03.495181
! Cannot display fitting progress when running chains in parallel.
! Set `allow_parallel` to `FALSE` to see progress.
ℹ Completed fitting at: 2026-09-02 16:22:15.85876
ℹ Time elapsed: 12.36
ℹ Saving model...
✔ Model saved!

! Running simplified-uncertainty...

ℹ 1. Fitting model...
ℹ Preparing training set for HMSC...
ℹ Creation of Hmsc object without random effects...
✔ Created Hmsc object!

ℹ Started fitting at: 2026-09-02 16:22:19.299029
! Cannot display fitting progress when running chains in parallel.
! Set `allow_parallel` to `FALSE` to see progress.
ℹ Completed fitting at: 2026-09-02 16:22:31.996173
ℹ Time elapsed: 12.7
ℹ Saving model...
✔ Model saved!

ℹ 2. Convergence diagnostics...
ℹ *** [Parameter: Beta] ***
ℹ Computation of traceplots, can take some time...
ℹ Traceplots saved!
ℹ -> Effective size:
ℹ 153 (92.73%) are good, 12 (7.27%) are acceptable and 0 (0%) are bad.
ℹ -> Gelman-Rubin convergence diagnostic:
ℹ 165 (100%) are good, 0 (0%) are acceptable and 0 (0%) are bad.
ℹ -> Autocorrelation:
ℹ [Lag 20]:
ℹ 154 (93.33%) are good and 11 (6.67%) are bad.
ℹ [Lag 50]:
ℹ 165 (100%) are good and 0 (0%) are bad.

ℹ 3. Performance evaluation...
ℹ Computing training scores...
ℹ Computing testing scores...
ℹ Saving scores...
✔ Scores saved!

ℹ 4. Associations...
✔ Model ran without errors!

! ----- Running loop: 96/320 -----
ℹ - Random effect: none
ℹ - Strategy: 3-part-simplified-uncertainty
ℹ - New samples: 150
ℹ - Train size: 125
ℹ - N variables: 6
ℹ - K-fold: 3

ℹ 0. Setting up path...
! Running simplified-uncertainty...

ℹ 1. Fitting model...
ℹ Preparing training set for HMSC...
ℹ Creation of Hmsc object without random effects...
✔ Created Hmsc object!

ℹ Started fitting at: 2026-09-02 16:23:31.393628
! Cannot display fitting progress when running chains in parallel.
! Set `allow_parallel` to `FALSE` to see progress.
ℹ Completed fitting at: 2026-09-02 16:23:39.291929
ℹ Time elapsed: 7.9
ℹ Saving model...
✔ Model saved!

! Running simplified-uncertainty...

ℹ 1. Fitting model...
ℹ Preparing training set for HMSC...
ℹ Creation of Hmsc object without random effects...
✔ Created Hmsc object!

ℹ Started fitting at: 2026-09-02 16:23:42.77194
! Cannot display fitting progress when running chains in parallel.
! Set `allow_parallel` to `FALSE` to see progress.
ℹ Completed fitting at: 2026-09-02 16:23:55.164022
ℹ Time elapsed: 12.39
ℹ Saving model...
✔ Model saved!

! Running simplified-uncertainty...

ℹ 1. Fitting model...
ℹ Preparing training set for HMSC...
ℹ Creation of Hmsc object without random effects...
✔ Created Hmsc object!

ℹ Started fitting at: 2026-09-02 16:23:58.547466
! Cannot display fitting progress when running chains in parallel.
! Set `allow_parallel` to `FALSE` to see progress.
ℹ Completed fitting at: 2026-09-02 16:24:06.671753
ℹ Time elapsed: 8.12
ℹ Saving model...
✔ Model saved!

ℹ 2. Convergence diagnostics...
ℹ *** [Parameter: Beta] ***
ℹ Computation of traceplots, can take some time...
ℹ Traceplots saved!
ℹ -> Effective size:
ℹ 152 (92.12%) are good, 13 (7.88%) are acceptable and 0 (0%) are bad.
ℹ -> Gelman-Rubin convergence diagnostic:
ℹ 165 (100%) are good, 0 (0%) are acceptable and 0 (0%) are bad.
ℹ -> Autocorrelation:
ℹ [Lag 20]:
ℹ 160 (96.97%) are good and 5 (3.03%) are bad.
ℹ [Lag 50]:
ℹ 165 (100%) are good and 0 (0%) are bad.

ℹ 3. Performance evaluation...
ℹ Computing training scores...
ℹ Computing testing scores...
ℹ Saving scores...
✔ Scores saved!

ℹ 4. Associations...
✔ Model ran without errors!

! ----- Running loop: 97/320 -----
ℹ - Random effect: none
ℹ - Strategy: none
ℹ - New samples: 0
ℹ - Train size: 15
ℹ - N variables: 6
ℹ - K-fold: 4

ℹ 0. Setting up path...

ℹ 1. Fitting model...
ℹ Preparing training set for HMSC...
ℹ Creation of Hmsc object without random effects...
✔ Created Hmsc object!

ℹ Started fitting at: 2026-09-02 16:25:02.986746
! Cannot display fitting progress when running chains in parallel.
! Set `allow_parallel` to `FALSE` to see progress.
ℹ Completed fitting at: 2026-09-02 16:25:09.799297
ℹ Time elapsed: 6.81
ℹ Saving model...
✔ Model saved!

ℹ 2. Convergence diagnostics...
ℹ *** [Parameter: Beta] ***
ℹ Computation of traceplots, can take some time...
ℹ Traceplots saved!
ℹ -> Effective size:
ℹ 128 (77.58%) are good, 37 (22.42%) are acceptable and 0 (0%) are bad.
ℹ -> Gelman-Rubin convergence diagnostic:
ℹ 157 (95.15%) are good, 7 (4.24%) are acceptable and 1 (0.61%) are bad.
ℹ -> Autocorrelation:
ℹ [Lag 20]:
ℹ 109 (66.06%) are good and 56 (33.94%) are bad.
ℹ [Lag 50]:
ℹ 161 (97.58%) are good and 4 (2.42%) are bad.

ℹ 3. Performance evaluation...
ℹ Computing training scores...
ℹ Computing testing scores...
ℹ Saving scores...
✔ Scores saved!

ℹ 4. Associations...
✔ Model ran without errors!

! ----- Running loop: 98/320 -----
ℹ - Random effect: none
ℹ - Strategy: none
ℹ - New samples: 0
ℹ - Train size: 25
ℹ - N variables: 6
ℹ - K-fold: 4

ℹ 0. Setting up path...

ℹ 1. Fitting model...
ℹ Preparing training set for HMSC...
ℹ Creation of Hmsc object without random effects...
✔ Created Hmsc object!

ℹ Started fitting at: 2026-09-02 16:25:43.304486
! Cannot display fitting progress when running chains in parallel.
! Set `allow_parallel` to `FALSE` to see progress.
ℹ Completed fitting at: 2026-09-02 16:25:55.276906
ℹ Time elapsed: 11.97
ℹ Saving model...
✔ Model saved!

ℹ 2. Convergence diagnostics...
ℹ *** [Parameter: Beta] ***
ℹ Computation of traceplots, can take some time...
ℹ Traceplots saved!
ℹ -> Effective size:
ℹ 159 (96.36%) are good, 6 (3.64%) are acceptable and 0 (0%) are bad.
ℹ -> Gelman-Rubin convergence diagnostic:
ℹ 164 (99.39%) are good, 1 (0.61%) are acceptable and 0 (0%) are bad.
ℹ -> Autocorrelation:
ℹ [Lag 20]:
ℹ 154 (93.33%) are good and 11 (6.67%) are bad.
ℹ [Lag 50]:
ℹ 165 (100%) are good and 0 (0%) are bad.

ℹ 3. Performance evaluation...
ℹ Computing training scores...
ℹ Computing testing scores...
ℹ Saving scores...
✔ Scores saved!

ℹ 4. Associations...
✔ Model ran without errors!

! ----- Running loop: 99/320 -----
ℹ - Random effect: none
ℹ - Strategy: none
ℹ - New samples: 0
ℹ - Train size: 50
ℹ - N variables: 6
ℹ - K-fold: 4

ℹ 0. Setting up path...

ℹ 1. Fitting model...
ℹ Preparing training set for HMSC...
ℹ Creation of Hmsc object without random effects...
✔ Created Hmsc object!

ℹ Started fitting at: 2026-09-02 16:26:28.978064
! Cannot display fitting progress when running chains in parallel.
! Set `allow_parallel` to `FALSE` to see progress.
ℹ Completed fitting at: 2026-09-02 16:26:36.047195
ℹ Time elapsed: 7.07
ℹ Saving model...
✔ Model saved!

ℹ 2. Convergence diagnostics...
ℹ *** [Parameter: Beta] ***
ℹ Computation of traceplots, can take some time...
ℹ Traceplots saved!
ℹ -> Effective size:
ℹ 132 (80%) are good, 33 (20%) are acceptable and 0 (0%) are bad.
ℹ -> Gelman-Rubin convergence diagnostic:
ℹ 156 (94.55%) are good, 9 (5.45%) are acceptable and 0 (0%) are bad.
ℹ -> Autocorrelation:
ℹ [Lag 20]:
ℹ 127 (76.97%) are good and 38 (23.03%) are bad.
ℹ [Lag 50]:
ℹ 159 (96.36%) are good and 6 (3.64%) are bad.

ℹ 3. Performance evaluation...
ℹ Computing training scores...
ℹ Computing testing scores...
ℹ Saving scores...
✔ Scores saved!

ℹ 4. Associations...
✔ Model ran without errors!

! ----- Running loop: 100/320 -----
ℹ - Random effect: none
ℹ - Strategy: none
ℹ - New samples: 0
ℹ - Train size: 75
ℹ - N variables: 6
ℹ - K-fold: 4

ℹ 0. Setting up path...

ℹ 1. Fitting model...
ℹ Preparing training set for HMSC...
ℹ Creation of Hmsc object without random effects...
✔ Created Hmsc object!

ℹ Started fitting at: 2026-09-02 16:27:10.017418
! Cannot display fitting progress when running chains in parallel.
! Set `allow_parallel` to `FALSE` to see progress.
ℹ Completed fitting at: 2026-09-02 16:27:22.246657
ℹ Time elapsed: 12.23
ℹ Saving model...
✔ Model saved!

ℹ 2. Convergence diagnostics...
ℹ *** [Parameter: Beta] ***
ℹ Computation of traceplots, can take some time...
ℹ Traceplots saved!
ℹ -> Effective size:
ℹ 141 (85.45%) are good, 24 (14.55%) are acceptable and 0 (0%) are bad.
ℹ -> Gelman-Rubin convergence diagnostic:
ℹ 165 (100%) are good, 0 (0%) are acceptable and 0 (0%) are bad.
ℹ -> Autocorrelation:
ℹ [Lag 20]:
ℹ 142 (86.06%) are good and 23 (13.94%) are bad.
ℹ [Lag 50]:
ℹ 165 (100%) are good and 0 (0%) are bad.

ℹ 3. Performance evaluation...
ℹ Computing training scores...
ℹ Computing testing scores...
ℹ Saving scores...
✔ Scores saved!

ℹ 4. Associations...
✔ Model ran without errors!

! ----- Running loop: 101/320 -----
ℹ - Random effect: none
ℹ - Strategy: none
ℹ - New samples: 0
ℹ - Train size: 100
ℹ - N variables: 6
ℹ - K-fold: 4

ℹ 0. Setting up path...

ℹ 1. Fitting model...
ℹ Preparing training set for HMSC...
ℹ Creation of Hmsc object without random effects...
✔ Created Hmsc object!

ℹ Started fitting at: 2026-09-02 16:27:56.743051
! Cannot display fitting progress when running chains in parallel.
! Set `allow_parallel` to `FALSE` to see progress.
ℹ Completed fitting at: 2026-09-02 16:28:08.965578
ℹ Time elapsed: 12.22
ℹ Saving model...
✔ Model saved!

ℹ 2. Convergence diagnostics...
ℹ *** [Parameter: Beta] ***
ℹ Computation of traceplots, can take some time...
ℹ Traceplots saved!
ℹ -> Effective size:
ℹ 135 (81.82%) are good, 30 (18.18%) are acceptable and 0 (0%) are bad.
ℹ -> Gelman-Rubin convergence diagnostic:
ℹ 163 (98.79%) are good, 1 (0.61%) are acceptable and 1 (0.61%) are bad.
ℹ -> Autocorrelation:
ℹ [Lag 20]:
ℹ 141 (85.45%) are good and 24 (14.55%) are bad.
ℹ [Lag 50]:
ℹ 163 (98.79%) are good and 2 (1.21%) are bad.

ℹ 3. Performance evaluation...
ℹ Computing training scores...
ℹ Computing testing scores...
ℹ Saving scores...
✔ Scores saved!

ℹ 4. Associations...
✔ Model ran without errors!

! ----- Running loop: 102/320 -----
ℹ - Random effect: none
ℹ - Strategy: none
ℹ - New samples: 0
ℹ - Train size: 125
ℹ - N variables: 6
ℹ - K-fold: 4

ℹ 0. Setting up path...

ℹ 1. Fitting model...
ℹ Preparing training set for HMSC...
ℹ Creation of Hmsc object without random effects...
✔ Created Hmsc object!

ℹ Started fitting at: 2026-09-02 16:28:42.364408
! Cannot display fitting progress when running chains in parallel.
! Set `allow_parallel` to `FALSE` to see progress.
ℹ Completed fitting at: 2026-09-02 16:28:55.302955
ℹ Time elapsed: 12.94
ℹ Saving model...
✔ Model saved!

ℹ 2. Convergence diagnostics...
ℹ *** [Parameter: Beta] ***
ℹ Computation of traceplots, can take some time...
ℹ Traceplots saved!
ℹ -> Effective size:
ℹ 149 (90.3%) are good, 16 (9.7%) are acceptable and 0 (0%) are bad.
ℹ -> Gelman-Rubin convergence diagnostic:
ℹ 165 (100%) are good, 0 (0%) are acceptable and 0 (0%) are bad.
ℹ -> Autocorrelation:
ℹ [Lag 20]:
ℹ 157 (95.15%) are good and 8 (4.85%) are bad.
ℹ [Lag 50]:
ℹ 165 (100%) are good and 0 (0%) are bad.

ℹ 3. Performance evaluation...
ℹ Computing training scores...
ℹ Computing testing scores...
ℹ Saving scores...
✔ Scores saved!

ℹ 4. Associations...
✔ Model ran without errors!

! ----- Running loop: 103/320 -----
ℹ - Random effect: carres
ℹ - Strategy: none
ℹ - New samples: 0
ℹ - Train size: 125
ℹ - N variables: 6
ℹ - K-fold: 4

ℹ 0. Setting up path...

ℹ 1. Fitting model...
ℹ Preparing training set for HMSC...
ℹ Creation of Hmsc object with 'units' effect...
✔ Created Hmsc object!

ℹ Started fitting at: 2026-09-02 16:29:30.874078
! Cannot display fitting progress when running chains in parallel.
! Set `allow_parallel` to `FALSE` to see progress.
ℹ Completed fitting at: 2026-09-02 16:30:02.467153
ℹ Time elapsed: 31.59
ℹ Saving model...
✔ Model saved!

ℹ 2. Convergence diagnostics...
ℹ *** [Parameter: Beta] ***
ℹ Computation of traceplots, can take some time...
ℹ Traceplots saved!
ℹ -> Effective size:
ℹ 143 (86.67%) are good, 22 (13.33%) are acceptable and 0 (0%) are bad.
ℹ -> Gelman-Rubin convergence diagnostic:
ℹ 164 (99.39%) are good, 1 (0.61%) are acceptable and 0 (0%) are bad.
ℹ -> Autocorrelation:
ℹ [Lag 20]:
ℹ 147 (89.09%) are good and 18 (10.91%) are bad.
ℹ [Lag 50]:
ℹ 162 (98.18%) are good and 3 (1.82%) are bad.
ℹ *** [Parameter: Omega] ***
ℹ Computation of traceplots, can take some time...
ℹ Traceplots saved!
ℹ -> Effective size:
ℹ 180 (80%) are good, 42 (18.67%) are acceptable and 3 (1.33%) are bad.
ℹ -> Gelman-Rubin convergence diagnostic:
ℹ 183 (81.33%) are good, 28 (12.44%) are acceptable and 14 (6.22%) are bad.
ℹ -> Autocorrelation:
ℹ [Lag 20]:
ℹ 186 (82.67%) are good and 39 (17.33%) are bad.
ℹ [Lag 50]:
ℹ 212 (94.22%) are good and 13 (5.78%) are bad.

ℹ 3. Performance evaluation...
ℹ Computing training scores...
ℹ Computing testing scores...
ℹ Saving scores...
✔ Scores saved!

ℹ 4. Associations...
✔ Model ran without errors!

! ----- Running loop: 104/320 -----
ℹ - Random effect: spatial
ℹ - Strategy: none
ℹ - New samples: 0
ℹ - Train size: 125
ℹ - N variables: 6
ℹ - K-fold: 4

ℹ 0. Setting up path...

ℹ 1. Fitting model...
ℹ Preparing training set for HMSC...
ℹ Creation of Hmsc object with 'spatial' effect...
✔ Created Hmsc object!

ℹ Started fitting at: 2026-09-02 16:31:05.295122
! Cannot display fitting progress when running chains in parallel.
! Set `allow_parallel` to `FALSE` to see progress.
ℹ Completed fitting at: 2026-09-02 16:31:43.512445
ℹ Time elapsed: 38.22
ℹ Saving model...
✔ Model saved!

ℹ 2. Convergence diagnostics...
ℹ *** [Parameter: Beta] ***
ℹ Computation of traceplots, can take some time...
ℹ Traceplots saved!
ℹ -> Effective size:
ℹ 135 (81.82%) are good, 30 (18.18%) are acceptable and 0 (0%) are bad.
ℹ -> Gelman-Rubin convergence diagnostic:
ℹ 162 (98.18%) are good, 2 (1.21%) are acceptable and 1 (0.61%) are bad.
ℹ -> Autocorrelation:
ℹ [Lag 20]:
ℹ 137 (83.03%) are good and 28 (16.97%) are bad.
ℹ [Lag 50]:
ℹ 161 (97.58%) are good and 4 (2.42%) are bad.
ℹ *** [Parameter: Omega] ***
ℹ Computation of traceplots, can take some time...
ℹ Traceplots saved!
ℹ -> Effective size:
ℹ 155 (68.89%) are good, 58 (25.78%) are acceptable and 12 (5.33%) are bad.
ℹ -> Gelman-Rubin convergence diagnostic:
ℹ 133 (59.11%) are good, 51 (22.67%) are acceptable and 41 (18.22%) are bad.
ℹ -> Autocorrelation:
ℹ [Lag 20]:
ℹ 151 (67.11%) are good and 74 (32.89%) are bad.
ℹ [Lag 50]:
ℹ 198 (88%) are good and 27 (12%) are bad.

ℹ 3. Performance evaluation...
ℹ Computing training scores...
ℹ Computing testing scores...
ℹ Saving scores...
✔ Scores saved!

ℹ 4. Associations...
✔ Model ran without errors!

! ----- Running loop: 105/320 -----
ℹ - Random effect: none
ℹ - Strategy: none
ℹ - New samples: 0
ℹ - Train size: 125
ℹ - N variables: 4
ℹ - K-fold: 4

ℹ 0. Setting up path...

ℹ 1. Fitting model...
ℹ Preparing training set for HMSC...
ℹ Creation of Hmsc object without random effects...
✔ Created Hmsc object!

ℹ Started fitting at: 2026-09-02 16:33:57.09147
! Cannot display fitting progress when running chains in parallel.
! Set `allow_parallel` to `FALSE` to see progress.
ℹ Completed fitting at: 2026-09-02 16:34:05.128237
ℹ Time elapsed: 8.04
ℹ Saving model...
✔ Model saved!

ℹ 2. Convergence diagnostics...
ℹ *** [Parameter: Beta] ***
ℹ Computation of traceplots, can take some time...
ℹ Traceplots saved!
ℹ -> Effective size:
ℹ 120 (88.89%) are good, 15 (11.11%) are acceptable and 0 (0%) are bad.
ℹ -> Gelman-Rubin convergence diagnostic:
ℹ 135 (100%) are good, 0 (0%) are acceptable and 0 (0%) are bad.
ℹ -> Autocorrelation:
ℹ [Lag 20]:
ℹ 124 (91.85%) are good and 11 (8.15%) are bad.
ℹ [Lag 50]:
ℹ 134 (99.26%) are good and 1 (0.74%) are bad.

ℹ 3. Performance evaluation...
ℹ Computing training scores...
ℹ Computing testing scores...
ℹ Saving scores...
✔ Scores saved!

ℹ 4. Associations...
✔ Model ran without errors!

! ----- Running loop: 106/320 -----
ℹ - Random effect: none
ℹ - Strategy: none
ℹ - New samples: 0
ℹ - Train size: 125
ℹ - N variables: 3
ℹ - K-fold: 4

ℹ 0. Setting up path...

ℹ 1. Fitting model...
ℹ Preparing training set for HMSC...
ℹ Creation of Hmsc object without random effects...
✔ Created Hmsc object!

ℹ Started fitting at: 2026-09-02 16:34:35.400087
! Cannot display fitting progress when running chains in parallel.
! Set `allow_parallel` to `FALSE` to see progress.
ℹ Completed fitting at: 2026-09-02 16:34:43.2728
ℹ Time elapsed: 7.87
ℹ Saving model...
✔ Model saved!

ℹ 2. Convergence diagnostics...
ℹ *** [Parameter: Beta] ***
ℹ Computation of traceplots, can take some time...
ℹ Traceplots saved!
ℹ -> Effective size:
ℹ 99 (82.5%) are good, 21 (17.5%) are acceptable and 0 (0%) are bad.
ℹ -> Gelman-Rubin convergence diagnostic:
ℹ 119 (99.17%) are good, 1 (0.83%) are acceptable and 0 (0%) are bad.
ℹ -> Autocorrelation:
ℹ [Lag 20]:
ℹ 100 (83.33%) are good and 20 (16.67%) are bad.
ℹ [Lag 50]:
ℹ 117 (97.5%) are good and 3 (2.5%) are bad.

ℹ 3. Performance evaluation...
ℹ Computing training scores...
ℹ Computing testing scores...
ℹ Saving scores...
✔ Scores saved!

ℹ 4. Associations...
✔ Model ran without errors!

! ----- Running loop: 107/320 -----
ℹ - Random effect: none
ℹ - Strategy: none
ℹ - New samples: 0
ℹ - Train size: 125
ℹ - N variables: 2
ℹ - K-fold: 4

ℹ 0. Setting up path...

ℹ 1. Fitting model...
ℹ Preparing training set for HMSC...
ℹ Creation of Hmsc object without random effects...
✔ Created Hmsc object!

ℹ Started fitting at: 2026-09-02 16:35:11.132863
! Cannot display fitting progress when running chains in parallel.
! Set `allow_parallel` to `FALSE` to see progress.
ℹ Completed fitting at: 2026-09-02 16:35:18.495837
ℹ Time elapsed: 7.36
ℹ Saving model...
✔ Model saved!

ℹ 2. Convergence diagnostics...
ℹ *** [Parameter: Beta] ***
ℹ Computation of traceplots, can take some time...
ℹ Traceplots saved!
ℹ -> Effective size:
ℹ 81 (77.14%) are good, 24 (22.86%) are acceptable and 0 (0%) are bad.
ℹ -> Gelman-Rubin convergence diagnostic:
ℹ 103 (98.1%) are good, 2 (1.9%) are acceptable and 0 (0%) are bad.
ℹ -> Autocorrelation:
ℹ [Lag 20]:
ℹ 83 (79.05%) are good and 22 (20.95%) are bad.
ℹ [Lag 50]:
ℹ 105 (100%) are good and 0 (0%) are bad.

ℹ 3. Performance evaluation...
ℹ Computing training scores...
ℹ Computing testing scores...
ℹ Saving scores...
✔ Scores saved!

ℹ 4. Associations...
✔ Model ran without errors!

! ----- Running loop: 108/320 -----
ℹ - Random effect: none
ℹ - Strategy: none
ℹ - New samples: 50
ℹ - Train size: 125
ℹ - N variables: 6
ℹ - K-fold: 4

ℹ 0. Setting up path...
! Strategy is 'none' but n_new_samples is '50'. Overwriting with n_new_samples = '0' to avoid errors.
ℹ Model already fitted! Skipping...

! ----- Running loop: 109/320 -----
ℹ - Random effect: none
ℹ - Strategy: business-as-usual
ℹ - New samples: 50
ℹ - Train size: 125
ℹ - N variables: 6
ℹ - K-fold: 4

ℹ 0. Setting up path...
ℹ Pulling 50 new random samples...

ℹ 1. Fitting model...
ℹ Preparing training set for HMSC...
ℹ Creation of Hmsc object without random effects...
✔ Created Hmsc object!

ℹ Started fitting at: 2026-09-02 16:35:42.244229
! Cannot display fitting progress when running chains in parallel.
! Set `allow_parallel` to `FALSE` to see progress.
ℹ Completed fitting at: 2026-09-02 16:35:51.699093
ℹ Time elapsed: 9.45
ℹ Saving model...
✔ Model saved!

ℹ 2. Convergence diagnostics...
ℹ *** [Parameter: Beta] ***
ℹ Computation of traceplots, can take some time...
ℹ Traceplots saved!
ℹ -> Effective size:
ℹ 154 (93.33%) are good, 11 (6.67%) are acceptable and 0 (0%) are bad.
ℹ -> Gelman-Rubin convergence diagnostic:
ℹ 164 (99.39%) are good, 1 (0.61%) are acceptable and 0 (0%) are bad.
ℹ -> Autocorrelation:
ℹ [Lag 20]:
ℹ 152 (92.12%) are good and 13 (7.88%) are bad.
ℹ [Lag 50]:
ℹ 162 (98.18%) are good and 3 (1.82%) are bad.

ℹ 3. Performance evaluation...
ℹ Computing training scores...
ℹ Computing testing scores...
ℹ Saving scores...
✔ Scores saved!

ℹ 4. Associations...
✔ Model ran without errors!

! ----- Running loop: 110/320 -----
ℹ - Random effect: none
ℹ - Strategy: gap-filling
ℹ - New samples: 50
ℹ - Train size: 125
ℹ - N variables: 6
ℹ - K-fold: 4

ℹ 0. Setting up path...
ℹ Searching for the most distant points...

ℹ 1. Fitting model...
ℹ Preparing training set for HMSC...
ℹ Creation of Hmsc object without random effects...
✔ Created Hmsc object!

ℹ Started fitting at: 2026-09-02 16:36:57.237149
! Cannot display fitting progress when running chains in parallel.
! Set `allow_parallel` to `FALSE` to see progress.
ℹ Completed fitting at: 2026-09-02 16:37:06.630647
ℹ Time elapsed: 9.39
ℹ Saving model...
✔ Model saved!

ℹ 2. Convergence diagnostics...
ℹ *** [Parameter: Beta] ***
ℹ Computation of traceplots, can take some time...
ℹ Traceplots saved!
ℹ -> Effective size:
ℹ 154 (93.33%) are good, 11 (6.67%) are acceptable and 0 (0%) are bad.
ℹ -> Gelman-Rubin convergence diagnostic:
ℹ 164 (99.39%) are good, 1 (0.61%) are acceptable and 0 (0%) are bad.
ℹ -> Autocorrelation:
ℹ [Lag 20]:
ℹ 156 (94.55%) are good and 9 (5.45%) are bad.
ℹ [Lag 50]:
ℹ 164 (99.39%) are good and 1 (0.61%) are bad.

ℹ 3. Performance evaluation...
ℹ Computing training scores...
ℹ Computing testing scores...
ℹ Saving scores...
✔ Scores saved!

ℹ 4. Associations...
✔ Model ran without errors!

! ----- Running loop: 111/320 -----
ℹ - Random effect: none
ℹ - Strategy: simplified-uncertainty
ℹ - New samples: 50
ℹ - Train size: 125
ℹ - N variables: 6
ℹ - K-fold: 4

ℹ 0. Setting up path...
! Running simplified-uncertainty...

ℹ 1. Fitting model...
ℹ Preparing training set for HMSC...
ℹ Creation of Hmsc object without random effects...
✔ Created Hmsc object!

ℹ Started fitting at: 2026-09-02 16:38:14.478083
! Cannot display fitting progress when running chains in parallel.
! Set `allow_parallel` to `FALSE` to see progress.
ℹ Completed fitting at: 2026-09-02 16:38:23.557477
ℹ Time elapsed: 9.08
ℹ Saving model...
✔ Model saved!

ℹ 2. Convergence diagnostics...
ℹ *** [Parameter: Beta] ***
ℹ Computation of traceplots, can take some time...
ℹ Traceplots saved!
ℹ -> Effective size:
ℹ 146 (88.48%) are good, 19 (11.52%) are acceptable and 0 (0%) are bad.
ℹ -> Gelman-Rubin convergence diagnostic:
ℹ 165 (100%) are good, 0 (0%) are acceptable and 0 (0%) are bad.
ℹ -> Autocorrelation:
ℹ [Lag 20]:
ℹ 153 (92.73%) are good and 12 (7.27%) are bad.
ℹ [Lag 50]:
ℹ 164 (99.39%) are good and 1 (0.61%) are bad.

ℹ 3. Performance evaluation...
ℹ Computing training scores...
ℹ Computing testing scores...
ℹ Saving scores...
✔ Scores saved!

ℹ 4. Associations...
✔ Model ran without errors!

! ----- Running loop: 112/320 -----
ℹ - Random effect: none
ℹ - Strategy: 2-part-simplified-uncertainty
ℹ - New samples: 50
ℹ - Train size: 125
ℹ - N variables: 6
ℹ - K-fold: 4

ℹ 0. Setting up path...
! Running simplified-uncertainty...

ℹ 1. Fitting model...
ℹ Preparing training set for HMSC...
ℹ Creation of Hmsc object without random effects...
✔ Created Hmsc object!

ℹ Started fitting at: 2026-09-02 16:39:30.992736
! Cannot display fitting progress when running chains in parallel.
! Set `allow_parallel` to `FALSE` to see progress.
ℹ Completed fitting at: 2026-09-02 16:39:50.162811
ℹ Time elapsed: 19.17
ℹ Saving model...
✔ Model saved!

! Running simplified-uncertainty...

ℹ 1. Fitting model...
ℹ Preparing training set for HMSC...
ℹ Creation of Hmsc object without random effects...
✔ Created Hmsc object!

ℹ Started fitting at: 2026-09-02 16:39:53.907256
! Cannot display fitting progress when running chains in parallel.
! Set `allow_parallel` to `FALSE` to see progress.
ℹ Completed fitting at: 2026-09-02 16:40:03.078511
ℹ Time elapsed: 9.17
ℹ Saving model...
✔ Model saved!

ℹ 2. Convergence diagnostics...
ℹ *** [Parameter: Beta] ***
ℹ Computation of traceplots, can take some time...
ℹ Traceplots saved!
ℹ -> Effective size:
ℹ 151 (91.52%) are good, 14 (8.48%) are acceptable and 0 (0%) are bad.
ℹ -> Gelman-Rubin convergence diagnostic:
ℹ 163 (98.79%) are good, 2 (1.21%) are acceptable and 0 (0%) are bad.
ℹ -> Autocorrelation:
ℹ [Lag 20]:
ℹ 154 (93.33%) are good and 11 (6.67%) are bad.
ℹ [Lag 50]:
ℹ 165 (100%) are good and 0 (0%) are bad.

ℹ 3. Performance evaluation...
ℹ Computing training scores...
ℹ Computing testing scores...
ℹ Saving scores...
✔ Scores saved!

ℹ 4. Associations...
✔ Model ran without errors!

! ----- Running loop: 113/320 -----
ℹ - Random effect: none
ℹ - Strategy: 3-part-simplified-uncertainty
ℹ - New samples: 50
ℹ - Train size: 125
ℹ - N variables: 6
ℹ - K-fold: 4

ℹ 0. Setting up path...
! Running simplified-uncertainty...

ℹ 1. Fitting model...
ℹ Preparing training set for HMSC...
ℹ Creation of Hmsc object without random effects...
✔ Created Hmsc object!

ℹ Started fitting at: 2026-09-02 16:41:01.029755
! Cannot display fitting progress when running chains in parallel.
! Set `allow_parallel` to `FALSE` to see progress.
ℹ Completed fitting at: 2026-09-02 16:41:08.716988
ℹ Time elapsed: 7.69
ℹ Saving model...
✔ Model saved!

! Running simplified-uncertainty...

ℹ 1. Fitting model...
ℹ Preparing training set for HMSC...
ℹ Creation of Hmsc object without random effects...
✔ Created Hmsc object!

ℹ Started fitting at: 2026-09-02 16:41:12.099826
! Cannot display fitting progress when running chains in parallel.
! Set `allow_parallel` to `FALSE` to see progress.
ℹ Completed fitting at: 2026-09-02 16:41:19.801509
ℹ Time elapsed: 7.7
ℹ Saving model...
✔ Model saved!

! Running simplified-uncertainty...

ℹ 1. Fitting model...
ℹ Preparing training set for HMSC...
ℹ Creation of Hmsc object without random effects...
✔ Created Hmsc object!

ℹ Started fitting at: 2026-09-02 16:41:23.364725
! Cannot display fitting progress when running chains in parallel.
! Set `allow_parallel` to `FALSE` to see progress.
ℹ Completed fitting at: 2026-09-02 16:41:31.04172
ℹ Time elapsed: 7.68
ℹ Saving model...
✔ Model saved!

ℹ 2. Convergence diagnostics...
ℹ *** [Parameter: Beta] ***
ℹ Computation of traceplots, can take some time...
ℹ Traceplots saved!
ℹ -> Effective size:
ℹ 144 (87.27%) are good, 21 (12.73%) are acceptable and 0 (0%) are bad.
ℹ -> Gelman-Rubin convergence diagnostic:
ℹ 165 (100%) are good, 0 (0%) are acceptable and 0 (0%) are bad.
ℹ -> Autocorrelation:
ℹ [Lag 20]:
ℹ 149 (90.3%) are good and 16 (9.7%) are bad.
ℹ [Lag 50]:
ℹ 165 (100%) are good and 0 (0%) are bad.

ℹ 3. Performance evaluation...
ℹ Computing training scores...
ℹ Computing testing scores...
ℹ Saving scores...
✔ Scores saved!

ℹ 4. Associations...
✔ Model ran without errors!

! ----- Running loop: 114/320 -----
ℹ - Random effect: none
ℹ - Strategy: simplified-uncertainty
ℹ - New samples: 0
ℹ - Train size: 125
ℹ - N variables: 6
ℹ - K-fold: 4

ℹ 0. Setting up path...
! n_new_samples is '0' but strategy is 'simplified-uncertainty'. Overwriting with strategy = 'none' to avoid errors.
ℹ Model already fitted! Skipping...

! ----- Running loop: 115/320 -----
ℹ - Random effect: none
ℹ - Strategy: simplified-uncertainty
ℹ - New samples: 10
ℹ - Train size: 125
ℹ - N variables: 6
ℹ - K-fold: 4

ℹ 0. Setting up path...
! Running simplified-uncertainty...

ℹ 1. Fitting model...
ℹ Preparing training set for HMSC...
ℹ Creation of Hmsc object without random effects...
✔ Created Hmsc object!

ℹ Started fitting at: 2026-09-02 16:42:28.794746
! Cannot display fitting progress when running chains in parallel.
! Set `allow_parallel` to `FALSE` to see progress.
ℹ Completed fitting at: 2026-09-02 16:42:41.600721
ℹ Time elapsed: 12.81
ℹ Saving model...
✔ Model saved!

ℹ 2. Convergence diagnostics...
ℹ *** [Parameter: Beta] ***
ℹ Computation of traceplots, can take some time...
ℹ Traceplots saved!
ℹ -> Effective size:
ℹ 147 (89.09%) are good, 18 (10.91%) are acceptable and 0 (0%) are bad.
ℹ -> Gelman-Rubin convergence diagnostic:
ℹ 164 (99.39%) are good, 1 (0.61%) are acceptable and 0 (0%) are bad.
ℹ -> Autocorrelation:
ℹ [Lag 20]:
ℹ 154 (93.33%) are good and 11 (6.67%) are bad.
ℹ [Lag 50]:
ℹ 164 (99.39%) are good and 1 (0.61%) are bad.

ℹ 3. Performance evaluation...
ℹ Computing training scores...
ℹ Computing testing scores...
ℹ Saving scores...
✔ Scores saved!

ℹ 4. Associations...
✔ Model ran without errors!

! ----- Running loop: 116/320 -----
ℹ - Random effect: none
ℹ - Strategy: simplified-uncertainty
ℹ - New samples: 25
ℹ - Train size: 125
ℹ - N variables: 6
ℹ - K-fold: 4

ℹ 0. Setting up path...
! Running simplified-uncertainty...

ℹ 1. Fitting model...
ℹ Preparing training set for HMSC...
ℹ Creation of Hmsc object without random effects...
✔ Created Hmsc object!

ℹ Started fitting at: 2026-09-02 16:43:38.574298
! Cannot display fitting progress when running chains in parallel.
! Set `allow_parallel` to `FALSE` to see progress.
ℹ Completed fitting at: 2026-09-02 16:43:53.936471
ℹ Time elapsed: 15.36
ℹ Saving model...
✔ Model saved!

ℹ 2. Convergence diagnostics...
ℹ *** [Parameter: Beta] ***
ℹ Computation of traceplots, can take some time...
ℹ Traceplots saved!
ℹ -> Effective size:
ℹ 150 (90.91%) are good, 15 (9.09%) are acceptable and 0 (0%) are bad.
ℹ -> Gelman-Rubin convergence diagnostic:
ℹ 165 (100%) are good, 0 (0%) are acceptable and 0 (0%) are bad.
ℹ -> Autocorrelation:
ℹ [Lag 20]:
ℹ 156 (94.55%) are good and 9 (5.45%) are bad.
ℹ [Lag 50]:
ℹ 164 (99.39%) are good and 1 (0.61%) are bad.

ℹ 3. Performance evaluation...
ℹ Computing training scores...
ℹ Computing testing scores...
ℹ Saving scores...
✔ Scores saved!

ℹ 4. Associations...
✔ Model ran without errors!

! ----- Running loop: 117/320 -----
ℹ - Random effect: none
ℹ - Strategy: simplified-uncertainty
ℹ - New samples: 100
ℹ - Train size: 125
ℹ - N variables: 6
ℹ - K-fold: 4

ℹ 0. Setting up path...
! Running simplified-uncertainty...

ℹ 1. Fitting model...
ℹ Preparing training set for HMSC...
ℹ Creation of Hmsc object without random effects...
✔ Created Hmsc object!

ℹ Started fitting at: 2026-09-02 16:44:58.596804
! Cannot display fitting progress when running chains in parallel.
! Set `allow_parallel` to `FALSE` to see progress.
ℹ Completed fitting at: 2026-09-02 16:45:15.314666
ℹ Time elapsed: 16.72
ℹ Saving model...
✔ Model saved!

ℹ 2. Convergence diagnostics...
ℹ *** [Parameter: Beta] ***
ℹ Computation of traceplots, can take some time...
ℹ Traceplots saved!
ℹ -> Effective size:
ℹ 159 (96.36%) are good, 6 (3.64%) are acceptable and 0 (0%) are bad.
ℹ -> Gelman-Rubin convergence diagnostic:
ℹ 165 (100%) are good, 0 (0%) are acceptable and 0 (0%) are bad.
ℹ -> Autocorrelation:
ℹ [Lag 20]:
ℹ 163 (98.79%) are good and 2 (1.21%) are bad.
ℹ [Lag 50]:
ℹ 165 (100%) are good and 0 (0%) are bad.

ℹ 3. Performance evaluation...
ℹ Computing training scores...
ℹ Computing testing scores...
ℹ Saving scores...
✔ Scores saved!

ℹ 4. Associations...
✔ Model ran without errors!

! ----- Running loop: 118/320 -----
ℹ - Random effect: none
ℹ - Strategy: simplified-uncertainty
ℹ - New samples: 150
ℹ - Train size: 125
ℹ - N variables: 6
ℹ - K-fold: 4

ℹ 0. Setting up path...
! Running simplified-uncertainty...

ℹ 1. Fitting model...
ℹ Preparing training set for HMSC...
ℹ Creation of Hmsc object without random effects...
✔ Created Hmsc object!

ℹ Started fitting at: 2026-09-02 16:46:20.307605
! Cannot display fitting progress when running chains in parallel.
! Set `allow_parallel` to `FALSE` to see progress.
ℹ Completed fitting at: 2026-09-02 16:46:30.031754
ℹ Time elapsed: 9.72
ℹ Saving model...
✔ Model saved!

ℹ 2. Convergence diagnostics...
ℹ *** [Parameter: Beta] ***
ℹ Computation of traceplots, can take some time...
ℹ Traceplots saved!
ℹ -> Effective size:
ℹ 158 (95.76%) are good, 7 (4.24%) are acceptable and 0 (0%) are bad.
ℹ -> Gelman-Rubin convergence diagnostic:
ℹ 164 (99.39%) are good, 1 (0.61%) are acceptable and 0 (0%) are bad.
ℹ -> Autocorrelation:
ℹ [Lag 20]:
ℹ 161 (97.58%) are good and 4 (2.42%) are bad.
ℹ [Lag 50]:
ℹ 165 (100%) are good and 0 (0%) are bad.

ℹ 3. Performance evaluation...
ℹ Computing training scores...
ℹ Computing testing scores...
ℹ Saving scores...
✔ Scores saved!

ℹ 4. Associations...
✔ Model ran without errors!

! ----- Running loop: 119/320 -----
ℹ - Random effect: none
ℹ - Strategy: gap-filling
ℹ - New samples: 0
ℹ - Train size: 125
ℹ - N variables: 6
ℹ - K-fold: 4

ℹ 0. Setting up path...
! n_new_samples is '0' but strategy is 'gap-filling'. Overwriting with strategy = 'none' to avoid errors.
ℹ Model already fitted! Skipping...

! ----- Running loop: 120/320 -----
ℹ - Random effect: none
ℹ - Strategy: gap-filling
ℹ - New samples: 10
ℹ - Train size: 125
ℹ - N variables: 6
ℹ - K-fold: 4

ℹ 0. Setting up path...
ℹ Searching for the most distant points...

ℹ 1. Fitting model...
ℹ Preparing training set for HMSC...
ℹ Creation of Hmsc object without random effects...
✔ Created Hmsc object!

ℹ Started fitting at: 2026-09-02 16:47:31.239605
! Cannot display fitting progress when running chains in parallel.
! Set `allow_parallel` to `FALSE` to see progress.
ℹ Completed fitting at: 2026-09-02 16:47:44.279146
ℹ Time elapsed: 13.04
ℹ Saving model...
✔ Model saved!

ℹ 2. Convergence diagnostics...
ℹ *** [Parameter: Beta] ***
ℹ Computation of traceplots, can take some time...
ℹ Traceplots saved!
ℹ -> Effective size:
ℹ 146 (88.48%) are good, 19 (11.52%) are acceptable and 0 (0%) are bad.
ℹ -> Gelman-Rubin convergence diagnostic:
ℹ 165 (100%) are good, 0 (0%) are acceptable and 0 (0%) are bad.
ℹ -> Autocorrelation:
ℹ [Lag 20]:
ℹ 147 (89.09%) are good and 18 (10.91%) are bad.
ℹ [Lag 50]:
ℹ 165 (100%) are good and 0 (0%) are bad.

ℹ 3. Performance evaluation...
ℹ Computing training scores...
ℹ Computing testing scores...
ℹ Saving scores...
✔ Scores saved!

ℹ 4. Associations...
✔ Model ran without errors!

! ----- Running loop: 121/320 -----
ℹ - Random effect: none
ℹ - Strategy: gap-filling
ℹ - New samples: 25
ℹ - Train size: 125
ℹ - N variables: 6
ℹ - K-fold: 4

ℹ 0. Setting up path...
ℹ Searching for the most distant points...

ℹ 1. Fitting model...
ℹ Preparing training set for HMSC...
ℹ Creation of Hmsc object without random effects...
✔ Created Hmsc object!

ℹ Started fitting at: 2026-09-02 16:48:40.252436
! Cannot display fitting progress when running chains in parallel.
! Set `allow_parallel` to `FALSE` to see progress.
ℹ Completed fitting at: 2026-09-02 16:48:47.945155
ℹ Time elapsed: 7.69
ℹ Saving model...
✔ Model saved!

ℹ 2. Convergence diagnostics...
ℹ *** [Parameter: Beta] ***
ℹ Computation of traceplots, can take some time...
ℹ Traceplots saved!
ℹ -> Effective size:
ℹ 150 (90.91%) are good, 15 (9.09%) are acceptable and 0 (0%) are bad.
ℹ -> Gelman-Rubin convergence diagnostic:
ℹ 165 (100%) are good, 0 (0%) are acceptable and 0 (0%) are bad.
ℹ -> Autocorrelation:
ℹ [Lag 20]:
ℹ 157 (95.15%) are good and 8 (4.85%) are bad.
ℹ [Lag 50]:
ℹ 165 (100%) are good and 0 (0%) are bad.

ℹ 3. Performance evaluation...
ℹ Computing training scores...
ℹ Computing testing scores...
ℹ Saving scores...
✔ Scores saved!

ℹ 4. Associations...
✔ Model ran without errors!

! ----- Running loop: 122/320 -----
ℹ - Random effect: none
ℹ - Strategy: gap-filling
ℹ - New samples: 100
ℹ - Train size: 125
ℹ - N variables: 6
ℹ - K-fold: 4

ℹ 0. Setting up path...
ℹ Searching for the most distant points...

ℹ 1. Fitting model...
ℹ Preparing training set for HMSC...
ℹ Creation of Hmsc object without random effects...
✔ Created Hmsc object!

ℹ Started fitting at: 2026-09-02 16:49:50.681681
! Cannot display fitting progress when running chains in parallel.
! Set `allow_parallel` to `FALSE` to see progress.
ℹ Completed fitting at: 2026-09-02 16:49:59.256765
ℹ Time elapsed: 8.58
ℹ Saving model...
✔ Model saved!

ℹ 2. Convergence diagnostics...
ℹ *** [Parameter: Beta] ***
ℹ Computation of traceplots, can take some time...
ℹ Traceplots saved!
ℹ -> Effective size:
ℹ 160 (96.97%) are good, 5 (3.03%) are acceptable and 0 (0%) are bad.
ℹ -> Gelman-Rubin convergence diagnostic:
ℹ 165 (100%) are good, 0 (0%) are acceptable and 0 (0%) are bad.
ℹ -> Autocorrelation:
ℹ [Lag 20]:
ℹ 160 (96.97%) are good and 5 (3.03%) are bad.
ℹ [Lag 50]:
ℹ 165 (100%) are good and 0 (0%) are bad.

ℹ 3. Performance evaluation...
ℹ Computing training scores...
ℹ Computing testing scores...
ℹ Saving scores...
✔ Scores saved!

ℹ 4. Associations...
✔ Model ran without errors!

! ----- Running loop: 123/320 -----
ℹ - Random effect: none
ℹ - Strategy: gap-filling
ℹ - New samples: 150
ℹ - Train size: 125
ℹ - N variables: 6
ℹ - K-fold: 4

ℹ 0. Setting up path...
ℹ Searching for the most distant points...

ℹ 1. Fitting model...
ℹ Preparing training set for HMSC...
ℹ Creation of Hmsc object without random effects...
✔ Created Hmsc object!

ℹ Started fitting at: 2026-09-02 16:51:09.405276
! Cannot display fitting progress when running chains in parallel.
! Set `allow_parallel` to `FALSE` to see progress.
ℹ Completed fitting at: 2026-09-02 16:51:18.075803
ℹ Time elapsed: 8.67
ℹ Saving model...
✔ Model saved!

ℹ 2. Convergence diagnostics...
ℹ *** [Parameter: Beta] ***
ℹ Computation of traceplots, can take some time...
ℹ Traceplots saved!
ℹ -> Effective size:
ℹ 146 (88.48%) are good, 19 (11.52%) are acceptable and 0 (0%) are bad.
ℹ -> Gelman-Rubin convergence diagnostic:
ℹ 124 (75.15%) are good, 13 (7.88%) are acceptable and 28 (16.97%) are bad.
ℹ -> Autocorrelation:
ℹ [Lag 20]:
ℹ 142 (86.06%) are good and 23 (13.94%) are bad.
ℹ [Lag 50]:
ℹ 152 (92.12%) are good and 13 (7.88%) are bad.

ℹ 3. Performance evaluation...
ℹ Computing training scores...
ℹ Computing testing scores...
ℹ Saving scores...
✔ Scores saved!

ℹ 4. Associations...
✔ Model ran without errors!

! ----- Running loop: 124/320 -----
ℹ - Random effect: none
ℹ - Strategy: 3-part-simplified-uncertainty
ℹ - New samples: 0
ℹ - Train size: 125
ℹ - N variables: 6
ℹ - K-fold: 4

ℹ 0. Setting up path...
! n_new_samples is '0' but strategy is '3-part-simplified-uncertainty'. Overwriting with strategy = 'none' to avoid errors.
ℹ Model already fitted! Skipping...

! ----- Running loop: 125/320 -----
ℹ - Random effect: none
ℹ - Strategy: 3-part-simplified-uncertainty
ℹ - New samples: 10
ℹ - Train size: 125
ℹ - N variables: 6
ℹ - K-fold: 4

ℹ 0. Setting up path...
! Running simplified-uncertainty...

ℹ 1. Fitting model...
ℹ Preparing training set for HMSC...
ℹ Creation of Hmsc object without random effects...
✔ Created Hmsc object!

ℹ Started fitting at: 2026-09-02 16:52:19.177133
! Cannot display fitting progress when running chains in parallel.
! Set `allow_parallel` to `FALSE` to see progress.
ℹ Completed fitting at: 2026-09-02 16:52:28.245785
ℹ Time elapsed: 9.07
ℹ Saving model...
✔ Model saved!

! Running simplified-uncertainty...

ℹ 1. Fitting model...
ℹ Preparing training set for HMSC...
ℹ Creation of Hmsc object without random effects...
✔ Created Hmsc object!

ℹ Started fitting at: 2026-09-02 16:52:32.341724
! Cannot display fitting progress when running chains in parallel.
! Set `allow_parallel` to `FALSE` to see progress.
ℹ Completed fitting at: 2026-09-02 16:52:39.715445
ℹ Time elapsed: 7.37
ℹ Saving model...
✔ Model saved!

! Running simplified-uncertainty...

ℹ 1. Fitting model...
ℹ Preparing training set for HMSC...
ℹ Creation of Hmsc object without random effects...
✔ Created Hmsc object!

ℹ Started fitting at: 2026-09-02 16:52:43.118943
! Cannot display fitting progress when running chains in parallel.
! Set `allow_parallel` to `FALSE` to see progress.
ℹ Completed fitting at: 2026-09-02 16:52:50.54706
ℹ Time elapsed: 7.43
ℹ Saving model...
✔ Model saved!

ℹ 2. Convergence diagnostics...
ℹ *** [Parameter: Beta] ***
ℹ Computation of traceplots, can take some time...
ℹ Traceplots saved!
ℹ -> Effective size:
ℹ 150 (90.91%) are good, 15 (9.09%) are acceptable and 0 (0%) are bad.
ℹ -> Gelman-Rubin convergence diagnostic:
ℹ 165 (100%) are good, 0 (0%) are acceptable and 0 (0%) are bad.
ℹ -> Autocorrelation:
ℹ [Lag 20]:
ℹ 153 (92.73%) are good and 12 (7.27%) are bad.
ℹ [Lag 50]:
ℹ 163 (98.79%) are good and 2 (1.21%) are bad.

ℹ 3. Performance evaluation...
ℹ Computing training scores...
ℹ Computing testing scores...
ℹ Saving scores...
✔ Scores saved!

ℹ 4. Associations...
✔ Model ran without errors!

! ----- Running loop: 126/320 -----
ℹ - Random effect: none
ℹ - Strategy: 3-part-simplified-uncertainty
ℹ - New samples: 25
ℹ - Train size: 125
ℹ - N variables: 6
ℹ - K-fold: 4

ℹ 0. Setting up path...
! Running simplified-uncertainty...

ℹ 1. Fitting model...
ℹ Preparing training set for HMSC...
ℹ Creation of Hmsc object without random effects...
✔ Created Hmsc object!

ℹ Started fitting at: 2026-09-02 16:53:54.663814
! Cannot display fitting progress when running chains in parallel.
! Set `allow_parallel` to `FALSE` to see progress.
ℹ Completed fitting at: 2026-09-02 16:54:08.519895
ℹ Time elapsed: 13.86
ℹ Saving model...
✔ Model saved!

! Running simplified-uncertainty...

ℹ 1. Fitting model...
ℹ Preparing training set for HMSC...
ℹ Creation of Hmsc object without random effects...
✔ Created Hmsc object!

ℹ Started fitting at: 2026-09-02 16:54:11.955815
! Cannot display fitting progress when running chains in parallel.
! Set `allow_parallel` to `FALSE` to see progress.
ℹ Completed fitting at: 2026-09-02 16:54:24.61857
ℹ Time elapsed: 12.66
ℹ Saving model...
✔ Model saved!

! Running simplified-uncertainty...

ℹ 1. Fitting model...
ℹ Preparing training set for HMSC...
ℹ Creation of Hmsc object without random effects...
✔ Created Hmsc object!

ℹ Started fitting at: 2026-09-02 16:54:28.01344
! Cannot display fitting progress when running chains in parallel.
! Set `allow_parallel` to `FALSE` to see progress.
ℹ Completed fitting at: 2026-09-02 16:54:40.15913
ℹ Time elapsed: 12.15
ℹ Saving model...
✔ Model saved!

ℹ 2. Convergence diagnostics...
ℹ *** [Parameter: Beta] ***
ℹ Computation of traceplots, can take some time...
ℹ Traceplots saved!
ℹ -> Effective size:
ℹ 140 (84.85%) are good, 25 (15.15%) are acceptable and 0 (0%) are bad.
ℹ -> Gelman-Rubin convergence diagnostic:
ℹ 165 (100%) are good, 0 (0%) are acceptable and 0 (0%) are bad.
ℹ -> Autocorrelation:
ℹ [Lag 20]:
ℹ 144 (87.27%) are good and 21 (12.73%) are bad.
ℹ [Lag 50]:
ℹ 164 (99.39%) are good and 1 (0.61%) are bad.

ℹ 3. Performance evaluation...
ℹ Computing training scores...
ℹ Computing testing scores...
ℹ Saving scores...
✔ Scores saved!

ℹ 4. Associations...
✔ Model ran without errors!

! ----- Running loop: 127/320 -----
ℹ - Random effect: none
ℹ - Strategy: 3-part-simplified-uncertainty
ℹ - New samples: 100
ℹ - Train size: 125
ℹ - N variables: 6
ℹ - K-fold: 4

ℹ 0. Setting up path...
! Running simplified-uncertainty...

ℹ 1. Fitting model...
ℹ Preparing training set for HMSC...
ℹ Creation of Hmsc object without random effects...
✔ Created Hmsc object!

ℹ Started fitting at: 2026-09-02 16:55:38.973857
! Cannot display fitting progress when running chains in parallel.
! Set `allow_parallel` to `FALSE` to see progress.
ℹ Completed fitting at: 2026-09-02 16:55:51.329529
ℹ Time elapsed: 12.36
ℹ Saving model...
✔ Model saved!

! Running simplified-uncertainty...

ℹ 1. Fitting model...
ℹ Preparing training set for HMSC...
ℹ Creation of Hmsc object without random effects...
✔ Created Hmsc object!

ℹ Started fitting at: 2026-09-02 16:55:54.688834
! Cannot display fitting progress when running chains in parallel.
! Set `allow_parallel` to `FALSE` to see progress.
ℹ Completed fitting at: 2026-09-02 16:56:07.628964
ℹ Time elapsed: 12.94
ℹ Saving model...
✔ Model saved!

! Running simplified-uncertainty...

ℹ 1. Fitting model...
ℹ Preparing training set for HMSC...
ℹ Creation of Hmsc object without random effects...
✔ Created Hmsc object!

ℹ Started fitting at: 2026-09-02 16:56:11.125936
! Cannot display fitting progress when running chains in parallel.
! Set `allow_parallel` to `FALSE` to see progress.
ℹ Completed fitting at: 2026-09-02 16:56:18.77323
ℹ Time elapsed: 7.65
ℹ Saving model...
✔ Model saved!

ℹ 2. Convergence diagnostics...
ℹ *** [Parameter: Beta] ***
ℹ Computation of traceplots, can take some time...
ℹ Traceplots saved!
ℹ -> Effective size:
ℹ 147 (89.09%) are good, 18 (10.91%) are acceptable and 0 (0%) are bad.
ℹ -> Gelman-Rubin convergence diagnostic:
ℹ 165 (100%) are good, 0 (0%) are acceptable and 0 (0%) are bad.
ℹ -> Autocorrelation:
ℹ [Lag 20]:
ℹ 154 (93.33%) are good and 11 (6.67%) are bad.
ℹ [Lag 50]:
ℹ 165 (100%) are good and 0 (0%) are bad.

ℹ 3. Performance evaluation...
ℹ Computing training scores...
ℹ Computing testing scores...
ℹ Saving scores...
✔ Scores saved!

ℹ 4. Associations...
✔ Model ran without errors!

! ----- Running loop: 128/320 -----
ℹ - Random effect: none
ℹ - Strategy: 3-part-simplified-uncertainty
ℹ - New samples: 150
ℹ - Train size: 125
ℹ - N variables: 6
ℹ - K-fold: 4

ℹ 0. Setting up path...
! Running simplified-uncertainty...

ℹ 1. Fitting model...
ℹ Preparing training set for HMSC...
ℹ Creation of Hmsc object without random effects...
✔ Created Hmsc object!

ℹ Started fitting at: 2026-09-02 16:57:18.283182
! Cannot display fitting progress when running chains in parallel.
! Set `allow_parallel` to `FALSE` to see progress.
ℹ Completed fitting at: 2026-09-02 16:57:26.020037
ℹ Time elapsed: 7.74
ℹ Saving model...
✔ Model saved!

! Running simplified-uncertainty...

ℹ 1. Fitting model...
ℹ Preparing training set for HMSC...
ℹ Creation of Hmsc object without random effects...
✔ Created Hmsc object!

ℹ Started fitting at: 2026-09-02 16:57:29.40361
! Cannot display fitting progress when running chains in parallel.
! Set `allow_parallel` to `FALSE` to see progress.
ℹ Completed fitting at: 2026-09-02 16:57:37.083355
ℹ Time elapsed: 7.68
ℹ Saving model...
✔ Model saved!

! Running simplified-uncertainty...

ℹ 1. Fitting model...
ℹ Preparing training set for HMSC...
ℹ Creation of Hmsc object without random effects...
✔ Created Hmsc object!

ℹ Started fitting at: 2026-09-02 16:57:40.434856
! Cannot display fitting progress when running chains in parallel.
! Set `allow_parallel` to `FALSE` to see progress.
ℹ Completed fitting at: 2026-09-02 16:57:48.60732
ℹ Time elapsed: 8.17
ℹ Saving model...
✔ Model saved!

ℹ 2. Convergence diagnostics...
ℹ *** [Parameter: Beta] ***
ℹ Computation of traceplots, can take some time...
ℹ Traceplots saved!
ℹ -> Effective size:
ℹ 144 (87.27%) are good, 21 (12.73%) are acceptable and 0 (0%) are bad.
ℹ -> Gelman-Rubin convergence diagnostic:
ℹ 163 (98.79%) are good, 1 (0.61%) are acceptable and 1 (0.61%) are bad.
ℹ -> Autocorrelation:
ℹ [Lag 20]:
ℹ 152 (92.12%) are good and 13 (7.88%) are bad.
ℹ [Lag 50]:
ℹ 164 (99.39%) are good and 1 (0.61%) are bad.

ℹ 3. Performance evaluation...
ℹ Computing training scores...
ℹ Computing testing scores...
ℹ Saving scores...
✔ Scores saved!

ℹ 4. Associations...
✔ Model ran without errors!

! ----- Running loop: 129/320 -----
ℹ - Random effect: none
ℹ - Strategy: none
ℹ - New samples: 0
ℹ - Train size: 15
ℹ - N variables: 6
ℹ - K-fold: 5

ℹ 0. Setting up path...

ℹ 1. Fitting model...
ℹ Preparing training set for HMSC...
ℹ Creation of Hmsc object without random effects...
✔ Created Hmsc object!

ℹ Started fitting at: 2026-09-02 16:58:46.52124
! Cannot display fitting progress when running chains in parallel.
! Set `allow_parallel` to `FALSE` to see progress.
ℹ Completed fitting at: 2026-09-02 16:58:53.224186
ℹ Time elapsed: 6.7
ℹ Saving model...
✔ Model saved!

ℹ 2. Convergence diagnostics...
ℹ *** [Parameter: Beta] ***
ℹ Computation of traceplots, can take some time...
ℹ Traceplots saved!
ℹ -> Effective size:
ℹ 111 (67.27%) are good, 54 (32.73%) are acceptable and 0 (0%) are bad.
ℹ -> Gelman-Rubin convergence diagnostic:
ℹ 159 (96.36%) are good, 6 (3.64%) are acceptable and 0 (0%) are bad.
ℹ -> Autocorrelation:
ℹ [Lag 20]:
ℹ 100 (60.61%) are good and 65 (39.39%) are bad.
ℹ [Lag 50]:
ℹ 165 (100%) are good and 0 (0%) are bad.

ℹ 3. Performance evaluation...
ℹ Computing training scores...
ℹ Computing testing scores...
ℹ Saving scores...
✔ Scores saved!

ℹ 4. Associations...
✔ Model ran without errors!

! ----- Running loop: 130/320 -----
ℹ - Random effect: none
ℹ - Strategy: none
ℹ - New samples: 0
ℹ - Train size: 25
ℹ - N variables: 6
ℹ - K-fold: 5

ℹ 0. Setting up path...

ℹ 1. Fitting model...
ℹ Preparing training set for HMSC...
ℹ Creation of Hmsc object without random effects...
✔ Created Hmsc object!

ℹ Started fitting at: 2026-09-02 16:59:26.704816
! Cannot display fitting progress when running chains in parallel.
! Set `allow_parallel` to `FALSE` to see progress.
ℹ Completed fitting at: 2026-09-02 16:59:38.149528
ℹ Time elapsed: 11.44
ℹ Saving model...
✔ Model saved!

ℹ 2. Convergence diagnostics...
ℹ *** [Parameter: Beta] ***
ℹ Computation of traceplots, can take some time...
ℹ Traceplots saved!
ℹ -> Effective size:
ℹ 122 (73.94%) are good, 43 (26.06%) are acceptable and 0 (0%) are bad.
ℹ -> Gelman-Rubin convergence diagnostic:
ℹ 164 (99.39%) are good, 1 (0.61%) are acceptable and 0 (0%) are bad.
ℹ -> Autocorrelation:
ℹ [Lag 20]:
ℹ 116 (70.3%) are good and 49 (29.7%) are bad.
ℹ [Lag 50]:
ℹ 162 (98.18%) are good and 3 (1.82%) are bad.

ℹ 3. Performance evaluation...
ℹ Computing training scores...
ℹ Computing testing scores...
ℹ Saving scores...
✔ Scores saved!

ℹ 4. Associations...
✔ Model ran without errors!

! ----- Running loop: 131/320 -----
ℹ - Random effect: none
ℹ - Strategy: none
ℹ - New samples: 0
ℹ - Train size: 50
ℹ - N variables: 6
ℹ - K-fold: 5

ℹ 0. Setting up path...

ℹ 1. Fitting model...
ℹ Preparing training set for HMSC...
ℹ Creation of Hmsc object without random effects...
✔ Created Hmsc object!

ℹ Started fitting at: 2026-09-02 17:00:11.7432
! Cannot display fitting progress when running chains in parallel.
! Set `allow_parallel` to `FALSE` to see progress.
ℹ Completed fitting at: 2026-09-02 17:00:24.280466
ℹ Time elapsed: 12.54
ℹ Saving model...
✔ Model saved!

ℹ 2. Convergence diagnostics...
ℹ *** [Parameter: Beta] ***
ℹ Computation of traceplots, can take some time...
ℹ Traceplots saved!
ℹ -> Effective size:
ℹ 140 (84.85%) are good, 25 (15.15%) are acceptable and 0 (0%) are bad.
ℹ -> Gelman-Rubin convergence diagnostic:
ℹ 165 (100%) are good, 0 (0%) are acceptable and 0 (0%) are bad.
ℹ -> Autocorrelation:
ℹ [Lag 20]:
ℹ 150 (90.91%) are good and 15 (9.09%) are bad.
ℹ [Lag 50]:
ℹ 165 (100%) are good and 0 (0%) are bad.

ℹ 3. Performance evaluation...
ℹ Computing training scores...
ℹ Computing testing scores...
ℹ Saving scores...
✔ Scores saved!

ℹ 4. Associations...
✔ Model ran without errors!

! ----- Running loop: 132/320 -----
ℹ - Random effect: none
ℹ - Strategy: none
ℹ - New samples: 0
ℹ - Train size: 75
ℹ - N variables: 6
ℹ - K-fold: 5

ℹ 0. Setting up path...

ℹ 1. Fitting model...
ℹ Preparing training set for HMSC...
ℹ Creation of Hmsc object without random effects...
✔ Created Hmsc object!

ℹ Started fitting at: 2026-09-02 17:00:57.791772
! Cannot display fitting progress when running chains in parallel.
! Set `allow_parallel` to `FALSE` to see progress.
ℹ Completed fitting at: 2026-09-02 17:01:04.769787
ℹ Time elapsed: 6.98
ℹ Saving model...
✔ Model saved!

ℹ 2. Convergence diagnostics...
ℹ *** [Parameter: Beta] ***
ℹ Computation of traceplots, can take some time...
ℹ Traceplots saved!
ℹ -> Effective size:
ℹ 132 (80%) are good, 33 (20%) are acceptable and 0 (0%) are bad.
ℹ -> Gelman-Rubin convergence diagnostic:
ℹ 163 (98.79%) are good, 2 (1.21%) are acceptable and 0 (0%) are bad.
ℹ -> Autocorrelation:
ℹ [Lag 20]:
ℹ 145 (87.88%) are good and 20 (12.12%) are bad.
ℹ [Lag 50]:
ℹ 162 (98.18%) are good and 3 (1.82%) are bad.

ℹ 3. Performance evaluation...
ℹ Computing training scores...
ℹ Computing testing scores...
ℹ Saving scores...
✔ Scores saved!

ℹ 4. Associations...
✔ Model ran without errors!

! ----- Running loop: 133/320 -----
ℹ - Random effect: none
ℹ - Strategy: none
ℹ - New samples: 0
ℹ - Train size: 100
ℹ - N variables: 6
ℹ - K-fold: 5

ℹ 0. Setting up path...

ℹ 1. Fitting model...
ℹ Preparing training set for HMSC...
ℹ Creation of Hmsc object without random effects...
✔ Created Hmsc object!

ℹ Started fitting at: 2026-09-02 17:01:38.745219
! Cannot display fitting progress when running chains in parallel.
! Set `allow_parallel` to `FALSE` to see progress.
ℹ Completed fitting at: 2026-09-02 17:01:51.095182
ℹ Time elapsed: 12.35
ℹ Saving model...
✔ Model saved!

ℹ 2. Convergence diagnostics...
ℹ *** [Parameter: Beta] ***
ℹ Computation of traceplots, can take some time...
ℹ Traceplots saved!
ℹ -> Effective size:
ℹ 126 (76.36%) are good, 39 (23.64%) are acceptable and 0 (0%) are bad.
ℹ -> Gelman-Rubin convergence diagnostic:
ℹ 160 (96.97%) are good, 3 (1.82%) are acceptable and 2 (1.21%) are bad.
ℹ -> Autocorrelation:
ℹ [Lag 20]:
ℹ 130 (78.79%) are good and 35 (21.21%) are bad.
ℹ [Lag 50]:
ℹ 164 (99.39%) are good and 1 (0.61%) are bad.

ℹ 3. Performance evaluation...
ℹ Computing training scores...
ℹ Computing testing scores...
ℹ Saving scores...
✔ Scores saved!

ℹ 4. Associations...
✔ Model ran without errors!

! ----- Running loop: 134/320 -----
ℹ - Random effect: none
ℹ - Strategy: none
ℹ - New samples: 0
ℹ - Train size: 125
ℹ - N variables: 6
ℹ - K-fold: 5

ℹ 0. Setting up path...

ℹ 1. Fitting model...
ℹ Preparing training set for HMSC...
ℹ Creation of Hmsc object without random effects...
✔ Created Hmsc object!

ℹ Started fitting at: 2026-09-02 17:02:25.590349
! Cannot display fitting progress when running chains in parallel.
! Set `allow_parallel` to `FALSE` to see progress.
ℹ Completed fitting at: 2026-09-02 17:02:36.844905
ℹ Time elapsed: 11.25
ℹ Saving model...
✔ Model saved!

ℹ 2. Convergence diagnostics...
ℹ *** [Parameter: Beta] ***
ℹ Computation of traceplots, can take some time...
ℹ Traceplots saved!
ℹ -> Effective size:
ℹ 124 (75.15%) are good, 41 (24.85%) are acceptable and 0 (0%) are bad.
ℹ -> Gelman-Rubin convergence diagnostic:
ℹ 160 (96.97%) are good, 5 (3.03%) are acceptable and 0 (0%) are bad.
ℹ -> Autocorrelation:
ℹ [Lag 20]:
ℹ 131 (79.39%) are good and 34 (20.61%) are bad.
ℹ [Lag 50]:
ℹ 164 (99.39%) are good and 1 (0.61%) are bad.

ℹ 3. Performance evaluation...
ℹ Computing training scores...
ℹ Computing testing scores...
ℹ Saving scores...
✔ Scores saved!

ℹ 4. Associations...
✔ Model ran without errors!

! ----- Running loop: 135/320 -----
ℹ - Random effect: carres
ℹ - Strategy: none
ℹ - New samples: 0
ℹ - Train size: 125
ℹ - N variables: 6
ℹ - K-fold: 5

ℹ 0. Setting up path...

ℹ 1. Fitting model...
ℹ Preparing training set for HMSC...
ℹ Creation of Hmsc object with 'units' effect...
✔ Created Hmsc object!

ℹ Started fitting at: 2026-09-02 17:03:10.483112
! Cannot display fitting progress when running chains in parallel.
! Set `allow_parallel` to `FALSE` to see progress.
ℹ Completed fitting at: 2026-09-02 17:03:43.612566
ℹ Time elapsed: 33.13
ℹ Saving model...
✔ Model saved!

ℹ 2. Convergence diagnostics...
ℹ *** [Parameter: Beta] ***
ℹ Computation of traceplots, can take some time...
ℹ Traceplots saved!
ℹ -> Effective size:
ℹ 119 (72.12%) are good, 46 (27.88%) are acceptable and 0 (0%) are bad.
ℹ -> Gelman-Rubin convergence diagnostic:
ℹ 162 (98.18%) are good, 3 (1.82%) are acceptable and 0 (0%) are bad.
ℹ -> Autocorrelation:
ℹ [Lag 20]:
ℹ 120 (72.73%) are good and 45 (27.27%) are bad.
ℹ [Lag 50]:
ℹ 163 (98.79%) are good and 2 (1.21%) are bad.
ℹ *** [Parameter: Omega] ***
ℹ Computation of traceplots, can take some time...
ℹ Traceplots saved!
ℹ -> Effective size:
ℹ 133 (59.11%) are good, 91 (40.44%) are acceptable and 1 (0.44%) are bad.
ℹ -> Gelman-Rubin convergence diagnostic:
ℹ 176 (78.22%) are good, 32 (14.22%) are acceptable and 17 (7.56%) are bad.
ℹ -> Autocorrelation:
ℹ [Lag 20]:
ℹ 120 (53.33%) are good and 105 (46.67%) are bad.
ℹ [Lag 50]:
ℹ 204 (90.67%) are good and 21 (9.33%) are bad.

ℹ 3. Performance evaluation...
ℹ Computing training scores...
ℹ Computing testing scores...
ℹ Saving scores...
✔ Scores saved!

ℹ 4. Associations...
✔ Model ran without errors!

! ----- Running loop: 136/320 -----
ℹ - Random effect: spatial
ℹ - Strategy: none
ℹ - New samples: 0
ℹ - Train size: 125
ℹ - N variables: 6
ℹ - K-fold: 5

ℹ 0. Setting up path...

ℹ 1. Fitting model...
ℹ Preparing training set for HMSC...
ℹ Creation of Hmsc object with 'spatial' effect...
✔ Created Hmsc object!

ℹ Started fitting at: 2026-09-02 17:04:45.608804
! Cannot display fitting progress when running chains in parallel.
! Set `allow_parallel` to `FALSE` to see progress.
ℹ Completed fitting at: 2026-09-02 17:05:22.645964
ℹ Time elapsed: 37.04
ℹ Saving model...
✔ Model saved!

ℹ 2. Convergence diagnostics...
ℹ *** [Parameter: Beta] ***
ℹ Computation of traceplots, can take some time...
ℹ Traceplots saved!
ℹ -> Effective size:
ℹ 124 (75.15%) are good, 41 (24.85%) are acceptable and 0 (0%) are bad.
ℹ -> Gelman-Rubin convergence diagnostic:
ℹ 157 (95.15%) are good, 5 (3.03%) are acceptable and 3 (1.82%) are bad.
ℹ -> Autocorrelation:
ℹ [Lag 20]:
ℹ 128 (77.58%) are good and 37 (22.42%) are bad.
ℹ [Lag 50]:
ℹ 159 (96.36%) are good and 6 (3.64%) are bad.
ℹ *** [Parameter: Omega] ***
ℹ Computation of traceplots, can take some time...
ℹ Traceplots saved!
ℹ -> Effective size:
ℹ 151 (67.11%) are good, 70 (31.11%) are acceptable and 4 (1.78%) are bad.
ℹ -> Gelman-Rubin convergence diagnostic:
ℹ 144 (64%) are good, 47 (20.89%) are acceptable and 34 (15.11%) are bad.
ℹ -> Autocorrelation:
ℹ [Lag 20]:
ℹ 153 (68%) are good and 72 (32%) are bad.
ℹ [Lag 50]:
ℹ 201 (89.33%) are good and 24 (10.67%) are bad.

ℹ 3. Performance evaluation...
ℹ Computing training scores...
ℹ Computing testing scores...
ℹ Saving scores...
✔ Scores saved!

ℹ 4. Associations...
✔ Model ran without errors!

! ----- Running loop: 137/320 -----
ℹ - Random effect: none
ℹ - Strategy: none
ℹ - New samples: 0
ℹ - Train size: 125
ℹ - N variables: 4
ℹ - K-fold: 5

ℹ 0. Setting up path...

ℹ 1. Fitting model...
ℹ Preparing training set for HMSC...
ℹ Creation of Hmsc object without random effects...
✔ Created Hmsc object!

ℹ Started fitting at: 2026-09-02 17:07:33.421072
! Cannot display fitting progress when running chains in parallel.
! Set `allow_parallel` to `FALSE` to see progress.
ℹ Completed fitting at: 2026-09-02 17:07:45.458353
ℹ Time elapsed: 12.04
ℹ Saving model...
✔ Model saved!

ℹ 2. Convergence diagnostics...
ℹ *** [Parameter: Beta] ***
ℹ Computation of traceplots, can take some time...
ℹ Traceplots saved!
ℹ -> Effective size:
ℹ 111 (82.22%) are good, 24 (17.78%) are acceptable and 0 (0%) are bad.
ℹ -> Gelman-Rubin convergence diagnostic:
ℹ 135 (100%) are good, 0 (0%) are acceptable and 0 (0%) are bad.
ℹ -> Autocorrelation:
ℹ [Lag 20]:
ℹ 112 (82.96%) are good and 23 (17.04%) are bad.
ℹ [Lag 50]:
ℹ 133 (98.52%) are good and 2 (1.48%) are bad.

ℹ 3. Performance evaluation...
ℹ Computing training scores...
ℹ Computing testing scores...
ℹ Saving scores...
✔ Scores saved!

ℹ 4. Associations...
✔ Model ran without errors!

! ----- Running loop: 138/320 -----
ℹ - Random effect: none
ℹ - Strategy: none
ℹ - New samples: 0
ℹ - Train size: 125
ℹ - N variables: 3
ℹ - K-fold: 5

ℹ 0. Setting up path...

ℹ 1. Fitting model...
ℹ Preparing training set for HMSC...
ℹ Creation of Hmsc object without random effects...
✔ Created Hmsc object!

ℹ Started fitting at: 2026-09-02 17:08:14.047944
! Cannot display fitting progress when running chains in parallel.
! Set `allow_parallel` to `FALSE` to see progress.
ℹ Completed fitting at: 2026-09-02 17:08:20.933564
ℹ Time elapsed: 6.89
ℹ Saving model...
✔ Model saved!

ℹ 2. Convergence diagnostics...
ℹ *** [Parameter: Beta] ***
ℹ Computation of traceplots, can take some time...
ℹ Traceplots saved!
ℹ -> Effective size:
ℹ 87 (72.5%) are good, 33 (27.5%) are acceptable and 0 (0%) are bad.
ℹ -> Gelman-Rubin convergence diagnostic:
ℹ 120 (100%) are good, 0 (0%) are acceptable and 0 (0%) are bad.
ℹ -> Autocorrelation:
ℹ [Lag 20]:
ℹ 92 (76.67%) are good and 28 (23.33%) are bad.
ℹ [Lag 50]:
ℹ 118 (98.33%) are good and 2 (1.67%) are bad.

ℹ 3. Performance evaluation...
ℹ Computing training scores...
ℹ Computing testing scores...
ℹ Saving scores...
✔ Scores saved!

ℹ 4. Associations...
✔ Model ran without errors!

! ----- Running loop: 139/320 -----
ℹ - Random effect: none
ℹ - Strategy: none
ℹ - New samples: 0
ℹ - Train size: 125
ℹ - N variables: 2
ℹ - K-fold: 5

ℹ 0. Setting up path...

ℹ 1. Fitting model...
ℹ Preparing training set for HMSC...
ℹ Creation of Hmsc object without random effects...
✔ Created Hmsc object!

ℹ Started fitting at: 2026-09-02 17:08:47.624947
! Cannot display fitting progress when running chains in parallel.
! Set `allow_parallel` to `FALSE` to see progress.
ℹ Completed fitting at: 2026-09-02 17:08:59.392159
ℹ Time elapsed: 11.77
ℹ Saving model...
✔ Model saved!

ℹ 2. Convergence diagnostics...
ℹ *** [Parameter: Beta] ***
ℹ Computation of traceplots, can take some time...
ℹ Traceplots saved!
ℹ -> Effective size:
ℹ 76 (72.38%) are good, 29 (27.62%) are acceptable and 0 (0%) are bad.
ℹ -> Gelman-Rubin convergence diagnostic:
ℹ 103 (98.1%) are good, 2 (1.9%) are acceptable and 0 (0%) are bad.
ℹ -> Autocorrelation:
ℹ [Lag 20]:
ℹ 82 (78.1%) are good and 23 (21.9%) are bad.
ℹ [Lag 50]:
ℹ 104 (99.05%) are good and 1 (0.95%) are bad.

ℹ 3. Performance evaluation...
ℹ Computing training scores...
ℹ Computing testing scores...
ℹ Saving scores...
✔ Scores saved!

ℹ 4. Associations...
✔ Model ran without errors!

! ----- Running loop: 140/320 -----
ℹ - Random effect: none
ℹ - Strategy: none
ℹ - New samples: 50
ℹ - Train size: 125
ℹ - N variables: 6
ℹ - K-fold: 5

ℹ 0. Setting up path...
! Strategy is 'none' but n_new_samples is '50'. Overwriting with n_new_samples = '0' to avoid errors.
ℹ Model already fitted! Skipping...

! ----- Running loop: 141/320 -----
ℹ - Random effect: none
ℹ - Strategy: business-as-usual
ℹ - New samples: 50
ℹ - Train size: 125
ℹ - N variables: 6
ℹ - K-fold: 5

ℹ 0. Setting up path...
ℹ Pulling 50 new random samples...

ℹ 1. Fitting model...
ℹ Preparing training set for HMSC...
ℹ Creation of Hmsc object without random effects...
✔ Created Hmsc object!

ℹ Started fitting at: 2026-09-02 17:09:22.904804
! Cannot display fitting progress when running chains in parallel.
! Set `allow_parallel` to `FALSE` to see progress.
ℹ Completed fitting at: 2026-09-02 17:09:36.66556
ℹ Time elapsed: 13.76
ℹ Saving model...
✔ Model saved!

ℹ 2. Convergence diagnostics...
ℹ *** [Parameter: Beta] ***
ℹ Computation of traceplots, can take some time...
ℹ Traceplots saved!
ℹ -> Effective size:
ℹ 129 (78.18%) are good, 36 (21.82%) are acceptable and 0 (0%) are bad.
ℹ -> Gelman-Rubin convergence diagnostic:
ℹ 162 (98.18%) are good, 3 (1.82%) are acceptable and 0 (0%) are bad.
ℹ -> Autocorrelation:
ℹ [Lag 20]:
ℹ 123 (74.55%) are good and 42 (25.45%) are bad.
ℹ [Lag 50]:
ℹ 161 (97.58%) are good and 4 (2.42%) are bad.

ℹ 3. Performance evaluation...
ℹ Computing training scores...
ℹ Computing testing scores...
ℹ Saving scores...
✔ Scores saved!

ℹ 4. Associations...
✔ Model ran without errors!

! ----- Running loop: 142/320 -----
ℹ - Random effect: none
ℹ - Strategy: gap-filling
ℹ - New samples: 50
ℹ - Train size: 125
ℹ - N variables: 6
ℹ - K-fold: 5

ℹ 0. Setting up path...
ℹ Searching for the most distant points...

ℹ 1. Fitting model...
ℹ Preparing training set for HMSC...
ℹ Creation of Hmsc object without random effects...
✔ Created Hmsc object!

ℹ Started fitting at: 2026-09-02 17:10:44.512491
! Cannot display fitting progress when running chains in parallel.
! Set `allow_parallel` to `FALSE` to see progress.
ℹ Completed fitting at: 2026-09-02 17:10:56.227691
ℹ Time elapsed: 11.72
ℹ Saving model...
✔ Model saved!

ℹ 2. Convergence diagnostics...
ℹ *** [Parameter: Beta] ***
ℹ Computation of traceplots, can take some time...
ℹ Traceplots saved!
ℹ -> Effective size:
ℹ 139 (84.24%) are good, 26 (15.76%) are acceptable and 0 (0%) are bad.
ℹ -> Gelman-Rubin convergence diagnostic:
ℹ 161 (97.58%) are good, 3 (1.82%) are acceptable and 1 (0.61%) are bad.
ℹ -> Autocorrelation:
ℹ [Lag 20]:
ℹ 149 (90.3%) are good and 16 (9.7%) are bad.
ℹ [Lag 50]:
ℹ 165 (100%) are good and 0 (0%) are bad.

ℹ 3. Performance evaluation...
ℹ Computing training scores...
ℹ Computing testing scores...
ℹ Saving scores...
✔ Scores saved!

ℹ 4. Associations...
✔ Model ran without errors!

! ----- Running loop: 143/320 -----
ℹ - Random effect: none
ℹ - Strategy: simplified-uncertainty
ℹ - New samples: 50
ℹ - Train size: 125
ℹ - N variables: 6
ℹ - K-fold: 5

ℹ 0. Setting up path...
! Running simplified-uncertainty...

ℹ 1. Fitting model...
ℹ Preparing training set for HMSC...
ℹ Creation of Hmsc object without random effects...
✔ Created Hmsc object!

ℹ Started fitting at: 2026-09-02 17:12:04.875774
! Cannot display fitting progress when running chains in parallel.
! Set `allow_parallel` to `FALSE` to see progress.
ℹ Completed fitting at: 2026-09-02 17:12:13.918115
ℹ Time elapsed: 9.04
ℹ Saving model...
✔ Model saved!

ℹ 2. Convergence diagnostics...
ℹ *** [Parameter: Beta] ***
ℹ Computation of traceplots, can take some time...
ℹ Traceplots saved!
ℹ -> Effective size:
ℹ 130 (78.79%) are good, 35 (21.21%) are acceptable and 0 (0%) are bad.
ℹ -> Gelman-Rubin convergence diagnostic:
ℹ 160 (96.97%) are good, 4 (2.42%) are acceptable and 1 (0.61%) are bad.
ℹ -> Autocorrelation:
ℹ [Lag 20]:
ℹ 135 (81.82%) are good and 30 (18.18%) are bad.
ℹ [Lag 50]:
ℹ 163 (98.79%) are good and 2 (1.21%) are bad.

ℹ 3. Performance evaluation...
ℹ Computing training scores...
ℹ Computing testing scores...
ℹ Saving scores...
✔ Scores saved!

ℹ 4. Associations...
✔ Model ran without errors!

! ----- Running loop: 144/320 -----
ℹ - Random effect: none
ℹ - Strategy: 2-part-simplified-uncertainty
ℹ - New samples: 50
ℹ - Train size: 125
ℹ - N variables: 6
ℹ - K-fold: 5

ℹ 0. Setting up path...
! Running simplified-uncertainty...

ℹ 1. Fitting model...
ℹ Preparing training set for HMSC...
ℹ Creation of Hmsc object without random effects...
✔ Created Hmsc object!

ℹ Started fitting at: 2026-09-02 17:13:10.846478
! Cannot display fitting progress when running chains in parallel.
! Set `allow_parallel` to `FALSE` to see progress.
ℹ Completed fitting at: 2026-09-02 17:13:18.304566
ℹ Time elapsed: 7.46
ℹ Saving model...
✔ Model saved!

! Running simplified-uncertainty...

ℹ 1. Fitting model...
ℹ Preparing training set for HMSC...
ℹ Creation of Hmsc object without random effects...
✔ Created Hmsc object!

ℹ Started fitting at: 2026-09-02 17:13:21.727691
! Cannot display fitting progress when running chains in parallel.
! Set `allow_parallel` to `FALSE` to see progress.
ℹ Completed fitting at: 2026-09-02 17:13:33.855563
ℹ Time elapsed: 12.13
ℹ Saving model...
✔ Model saved!

ℹ 2. Convergence diagnostics...
ℹ *** [Parameter: Beta] ***
ℹ Computation of traceplots, can take some time...
ℹ Traceplots saved!
ℹ -> Effective size:
ℹ 125 (75.76%) are good, 40 (24.24%) are acceptable and 0 (0%) are bad.
ℹ -> Gelman-Rubin convergence diagnostic:
ℹ 164 (99.39%) are good, 1 (0.61%) are acceptable and 0 (0%) are bad.
ℹ -> Autocorrelation:
ℹ [Lag 20]:
ℹ 133 (80.61%) are good and 32 (19.39%) are bad.
ℹ [Lag 50]:
ℹ 164 (99.39%) are good and 1 (0.61%) are bad.

ℹ 3. Performance evaluation...
ℹ Computing training scores...
ℹ Computing testing scores...
ℹ Saving scores...
✔ Scores saved!

ℹ 4. Associations...
✔ Model ran without errors!

! ----- Running loop: 145/320 -----
ℹ - Random effect: none
ℹ - Strategy: 3-part-simplified-uncertainty
ℹ - New samples: 50
ℹ - Train size: 125
ℹ - N variables: 6
ℹ - K-fold: 5

ℹ 0. Setting up path...
! Running simplified-uncertainty...

ℹ 1. Fitting model...
ℹ Preparing training set for HMSC...
ℹ Creation of Hmsc object without random effects...
✔ Created Hmsc object!

ℹ Started fitting at: 2026-09-02 17:14:30.962754
! Cannot display fitting progress when running chains in parallel.
! Set `allow_parallel` to `FALSE` to see progress.
ℹ Completed fitting at: 2026-09-02 17:14:38.469019
ℹ Time elapsed: 7.51
ℹ Saving model...
✔ Model saved!

! Running simplified-uncertainty...

ℹ 1. Fitting model...
ℹ Preparing training set for HMSC...
ℹ Creation of Hmsc object without random effects...
✔ Created Hmsc object!

ℹ Started fitting at: 2026-09-02 17:14:41.85848
! Cannot display fitting progress when running chains in parallel.
! Set `allow_parallel` to `FALSE` to see progress.
ℹ Completed fitting at: 2026-09-02 17:14:54.351099
ℹ Time elapsed: 12.49
ℹ Saving model...
✔ Model saved!

! Running simplified-uncertainty...

ℹ 1. Fitting model...
ℹ Preparing training set for HMSC...
ℹ Creation of Hmsc object without random effects...
✔ Created Hmsc object!

ℹ Started fitting at: 2026-09-02 17:14:57.738585
! Cannot display fitting progress when running chains in parallel.
! Set `allow_parallel` to `FALSE` to see progress.
ℹ Completed fitting at: 2026-09-02 17:15:15.18453
ℹ Time elapsed: 17.45
ℹ Saving model...
✔ Model saved!

ℹ 2. Convergence diagnostics...
ℹ *** [Parameter: Beta] ***
ℹ Computation of traceplots, can take some time...
ℹ Traceplots saved!
ℹ -> Effective size:
ℹ 109 (66.06%) are good, 56 (33.94%) are acceptable and 0 (0%) are bad.
ℹ -> Gelman-Rubin convergence diagnostic:
ℹ 165 (100%) are good, 0 (0%) are acceptable and 0 (0%) are bad.
ℹ -> Autocorrelation:
ℹ [Lag 20]:
ℹ 119 (72.12%) are good and 46 (27.88%) are bad.
ℹ [Lag 50]:
ℹ 158 (95.76%) are good and 7 (4.24%) are bad.

ℹ 3. Performance evaluation...
ℹ Computing training scores...
ℹ Computing testing scores...
ℹ Saving scores...
✔ Scores saved!

ℹ 4. Associations...
✔ Model ran without errors!

! ----- Running loop: 146/320 -----
ℹ - Random effect: none
ℹ - Strategy: simplified-uncertainty
ℹ - New samples: 0
ℹ - Train size: 125
ℹ - N variables: 6
ℹ - K-fold: 5

ℹ 0. Setting up path...
! n_new_samples is '0' but strategy is 'simplified-uncertainty'. Overwriting with strategy = 'none' to avoid errors.
ℹ Model already fitted! Skipping...

! ----- Running loop: 147/320 -----
ℹ - Random effect: none
ℹ - Strategy: simplified-uncertainty
ℹ - New samples: 10
ℹ - Train size: 125
ℹ - N variables: 6
ℹ - K-fold: 5

ℹ 0. Setting up path...
! Running simplified-uncertainty...

ℹ 1. Fitting model...
ℹ Preparing training set for HMSC...
ℹ Creation of Hmsc object without random effects...
✔ Created Hmsc object!

ℹ Started fitting at: 2026-09-02 17:16:15.002487
! Cannot display fitting progress when running chains in parallel.
! Set `allow_parallel` to `FALSE` to see progress.
ℹ Completed fitting at: 2026-09-02 17:16:29.318596
ℹ Time elapsed: 14.32
ℹ Saving model...
✔ Model saved!

ℹ 2. Convergence diagnostics...
ℹ *** [Parameter: Beta] ***
ℹ Computation of traceplots, can take some time...
ℹ Traceplots saved!
ℹ -> Effective size:
ℹ 117 (70.91%) are good, 48 (29.09%) are acceptable and 0 (0%) are bad.
ℹ -> Gelman-Rubin convergence diagnostic:
ℹ 162 (98.18%) are good, 3 (1.82%) are acceptable and 0 (0%) are bad.
ℹ -> Autocorrelation:
ℹ [Lag 20]:
ℹ 123 (74.55%) are good and 42 (25.45%) are bad.
ℹ [Lag 50]:
ℹ 162 (98.18%) are good and 3 (1.82%) are bad.

ℹ 3. Performance evaluation...
ℹ Computing training scores...
ℹ Computing testing scores...
ℹ Saving scores...
✔ Scores saved!

ℹ 4. Associations...
✔ Model ran without errors!

! ----- Running loop: 148/320 -----
ℹ - Random effect: none
ℹ - Strategy: simplified-uncertainty
ℹ - New samples: 25
ℹ - Train size: 125
ℹ - N variables: 6
ℹ - K-fold: 5

ℹ 0. Setting up path...
! Running simplified-uncertainty...

ℹ 1. Fitting model...
ℹ Preparing training set for HMSC...
ℹ Creation of Hmsc object without random effects...
✔ Created Hmsc object!

ℹ Started fitting at: 2026-09-02 17:17:27.749947
! Cannot display fitting progress when running chains in parallel.
! Set `allow_parallel` to `FALSE` to see progress.
ℹ Completed fitting at: 2026-09-02 17:17:35.343955
ℹ Time elapsed: 7.59
ℹ Saving model...
✔ Model saved!

ℹ 2. Convergence diagnostics...
ℹ *** [Parameter: Beta] ***
ℹ Computation of traceplots, can take some time...
ℹ Traceplots saved!
ℹ -> Effective size:
ℹ 130 (78.79%) are good, 35 (21.21%) are acceptable and 0 (0%) are bad.
ℹ -> Gelman-Rubin convergence diagnostic:
ℹ 161 (97.58%) are good, 3 (1.82%) are acceptable and 1 (0.61%) are bad.
ℹ -> Autocorrelation:
ℹ [Lag 20]:
ℹ 132 (80%) are good and 33 (20%) are bad.
ℹ [Lag 50]:
ℹ 164 (99.39%) are good and 1 (0.61%) are bad.

ℹ 3. Performance evaluation...
ℹ Computing training scores...
ℹ Computing testing scores...
ℹ Saving scores...
✔ Scores saved!

ℹ 4. Associations...
✔ Model ran without errors!

! ----- Running loop: 149/320 -----
ℹ - Random effect: none
ℹ - Strategy: simplified-uncertainty
ℹ - New samples: 100
ℹ - Train size: 125
ℹ - N variables: 6
ℹ - K-fold: 5

ℹ 0. Setting up path...
! Running simplified-uncertainty...

ℹ 1. Fitting model...
ℹ Preparing training set for HMSC...
ℹ Creation of Hmsc object without random effects...
✔ Created Hmsc object!

ℹ Started fitting at: 2026-09-02 17:18:32.557462
! Cannot display fitting progress when running chains in parallel.
! Set `allow_parallel` to `FALSE` to see progress.
ℹ Completed fitting at: 2026-09-02 17:18:45.666162
ℹ Time elapsed: 13.11
ℹ Saving model...
✔ Model saved!

ℹ 2. Convergence diagnostics...
ℹ *** [Parameter: Beta] ***
ℹ Computation of traceplots, can take some time...
ℹ Traceplots saved!
ℹ -> Effective size:
ℹ 148 (89.7%) are good, 17 (10.3%) are acceptable and 0 (0%) are bad.
ℹ -> Gelman-Rubin convergence diagnostic:
ℹ 165 (100%) are good, 0 (0%) are acceptable and 0 (0%) are bad.
ℹ -> Autocorrelation:
ℹ [Lag 20]:
ℹ 151 (91.52%) are good and 14 (8.48%) are bad.
ℹ [Lag 50]:
ℹ 165 (100%) are good and 0 (0%) are bad.

ℹ 3. Performance evaluation...
ℹ Computing training scores...
ℹ Computing testing scores...
ℹ Saving scores...
✔ Scores saved!

ℹ 4. Associations...
✔ Model ran without errors!

! ----- Running loop: 150/320 -----
ℹ - Random effect: none
ℹ - Strategy: simplified-uncertainty
ℹ - New samples: 150
ℹ - Train size: 125
ℹ - N variables: 6
ℹ - K-fold: 5

ℹ 0. Setting up path...
! Running simplified-uncertainty...

ℹ 1. Fitting model...
ℹ Preparing training set for HMSC...
ℹ Creation of Hmsc object without random effects...
✔ Created Hmsc object!

ℹ Started fitting at: 2026-09-02 17:19:42.611325
! Cannot display fitting progress when running chains in parallel.
! Set `allow_parallel` to `FALSE` to see progress.
ℹ Completed fitting at: 2026-09-02 17:19:50.473149
ℹ Time elapsed: 7.86
ℹ Saving model...
✔ Model saved!

ℹ 2. Convergence diagnostics...
ℹ *** [Parameter: Beta] ***
ℹ Computation of traceplots, can take some time...
ℹ Traceplots saved!
ℹ -> Effective size:
ℹ 148 (89.7%) are good, 17 (10.3%) are acceptable and 0 (0%) are bad.
ℹ -> Gelman-Rubin convergence diagnostic:
ℹ 165 (100%) are good, 0 (0%) are acceptable and 0 (0%) are bad.
ℹ -> Autocorrelation:
ℹ [Lag 20]:
ℹ 151 (91.52%) are good and 14 (8.48%) are bad.
ℹ [Lag 50]:
ℹ 165 (100%) are good and 0 (0%) are bad.

ℹ 3. Performance evaluation...
ℹ Computing training scores...
ℹ Computing testing scores...
ℹ Saving scores...
✔ Scores saved!

ℹ 4. Associations...
✔ Model ran without errors!

! ----- Running loop: 151/320 -----
ℹ - Random effect: none
ℹ - Strategy: gap-filling
ℹ - New samples: 0
ℹ - Train size: 125
ℹ - N variables: 6
ℹ - K-fold: 5

ℹ 0. Setting up path...
! n_new_samples is '0' but strategy is 'gap-filling'. Overwriting with strategy = 'none' to avoid errors.
ℹ Model already fitted! Skipping...

! ----- Running loop: 152/320 -----
ℹ - Random effect: none
ℹ - Strategy: gap-filling
ℹ - New samples: 10
ℹ - Train size: 125
ℹ - N variables: 6
ℹ - K-fold: 5

ℹ 0. Setting up path...
ℹ Searching for the most distant points...

ℹ 1. Fitting model...
ℹ Preparing training set for HMSC...
ℹ Creation of Hmsc object without random effects...
✔ Created Hmsc object!

ℹ Started fitting at: 2026-09-02 17:20:46.553955
! Cannot display fitting progress when running chains in parallel.
! Set `allow_parallel` to `FALSE` to see progress.
ℹ Completed fitting at: 2026-09-02 17:20:54.122964
ℹ Time elapsed: 7.57
ℹ Saving model...
✔ Model saved!

ℹ 2. Convergence diagnostics...
ℹ *** [Parameter: Beta] ***
ℹ Computation of traceplots, can take some time...
ℹ Traceplots saved!
ℹ -> Effective size:
ℹ 141 (85.45%) are good, 24 (14.55%) are acceptable and 0 (0%) are bad.
ℹ -> Gelman-Rubin convergence diagnostic:
ℹ 164 (99.39%) are good, 1 (0.61%) are acceptable and 0 (0%) are bad.
ℹ -> Autocorrelation:
ℹ [Lag 20]:
ℹ 144 (87.27%) are good and 21 (12.73%) are bad.
ℹ [Lag 50]:
ℹ 164 (99.39%) are good and 1 (0.61%) are bad.

ℹ 3. Performance evaluation...
ℹ Computing training scores...
ℹ Computing testing scores...
ℹ Saving scores...
✔ Scores saved!

ℹ 4. Associations...
✔ Model ran without errors!

! ----- Running loop: 153/320 -----
ℹ - Random effect: none
ℹ - Strategy: gap-filling
ℹ - New samples: 25
ℹ - Train size: 125
ℹ - N variables: 6
ℹ - K-fold: 5

ℹ 0. Setting up path...
ℹ Searching for the most distant points...

ℹ 1. Fitting model...
ℹ Preparing training set for HMSC...
ℹ Creation of Hmsc object without random effects...
✔ Created Hmsc object!

ℹ Started fitting at: 2026-09-02 17:21:53.355382
! Cannot display fitting progress when running chains in parallel.
! Set `allow_parallel` to `FALSE` to see progress.
ℹ Completed fitting at: 2026-09-02 17:22:12.507256
ℹ Time elapsed: 19.15
ℹ Saving model...
✔ Model saved!

ℹ 2. Convergence diagnostics...
ℹ *** [Parameter: Beta] ***
ℹ Computation of traceplots, can take some time...
ℹ Traceplots saved!
ℹ -> Effective size:
ℹ 143 (86.67%) are good, 22 (13.33%) are acceptable and 0 (0%) are bad.
ℹ -> Gelman-Rubin convergence diagnostic:
ℹ 164 (99.39%) are good, 1 (0.61%) are acceptable and 0 (0%) are bad.
ℹ -> Autocorrelation:
ℹ [Lag 20]:
ℹ 151 (91.52%) are good and 14 (8.48%) are bad.
ℹ [Lag 50]:
ℹ 162 (98.18%) are good and 3 (1.82%) are bad.

ℹ 3. Performance evaluation...
ℹ Computing training scores...
ℹ Computing testing scores...
ℹ Saving scores...
✔ Scores saved!

ℹ 4. Associations...
✔ Model ran without errors!

! ----- Running loop: 154/320 -----
ℹ - Random effect: none
ℹ - Strategy: gap-filling
ℹ - New samples: 100
ℹ - Train size: 125
ℹ - N variables: 6
ℹ - K-fold: 5

ℹ 0. Setting up path...
ℹ Searching for the most distant points...

ℹ 1. Fitting model...
ℹ Preparing training set for HMSC...
ℹ Creation of Hmsc object without random effects...
✔ Created Hmsc object!

ℹ Started fitting at: 2026-09-02 17:23:20.211138
! Cannot display fitting progress when running chains in parallel.
! Set `allow_parallel` to `FALSE` to see progress.
ℹ Completed fitting at: 2026-09-02 17:23:33.970849
ℹ Time elapsed: 13.76
ℹ Saving model...
✔ Model saved!

ℹ 2. Convergence diagnostics...
ℹ *** [Parameter: Beta] ***
ℹ Computation of traceplots, can take some time...
ℹ Traceplots saved!
ℹ -> Effective size:
ℹ 142 (86.06%) are good, 23 (13.94%) are acceptable and 0 (0%) are bad.
ℹ -> Gelman-Rubin convergence diagnostic:
ℹ 164 (99.39%) are good, 1 (0.61%) are acceptable and 0 (0%) are bad.
ℹ -> Autocorrelation:
ℹ [Lag 20]:
ℹ 149 (90.3%) are good and 16 (9.7%) are bad.
ℹ [Lag 50]:
ℹ 163 (98.79%) are good and 2 (1.21%) are bad.

ℹ 3. Performance evaluation...
ℹ Computing training scores...
ℹ Computing testing scores...
ℹ Saving scores...
✔ Scores saved!

ℹ 4. Associations...
✔ Model ran without errors!

! ----- Running loop: 155/320 -----
ℹ - Random effect: none
ℹ - Strategy: gap-filling
ℹ - New samples: 150
ℹ - Train size: 125
ℹ - N variables: 6
ℹ - K-fold: 5

ℹ 0. Setting up path...
ℹ Searching for the most distant points...

ℹ 1. Fitting model...
ℹ Preparing training set for HMSC...
ℹ Creation of Hmsc object without random effects...
✔ Created Hmsc object!

ℹ Started fitting at: 2026-09-02 17:24:43.245635
! Cannot display fitting progress when running chains in parallel.
! Set `allow_parallel` to `FALSE` to see progress.
ℹ Completed fitting at: 2026-09-02 17:24:56.307676
ℹ Time elapsed: 13.06
ℹ Saving model...
✔ Model saved!

ℹ 2. Convergence diagnostics...
ℹ *** [Parameter: Beta] ***
ℹ Computation of traceplots, can take some time...
ℹ Traceplots saved!
ℹ -> Effective size:
ℹ 145 (87.88%) are good, 20 (12.12%) are acceptable and 0 (0%) are bad.
ℹ -> Gelman-Rubin convergence diagnostic:
ℹ 150 (90.91%) are good, 6 (3.64%) are acceptable and 9 (5.45%) are bad.
ℹ -> Autocorrelation:
ℹ [Lag 20]:
ℹ 147 (89.09%) are good and 18 (10.91%) are bad.
ℹ [Lag 50]:
ℹ 158 (95.76%) are good and 7 (4.24%) are bad.

ℹ 3. Performance evaluation...
ℹ Computing training scores...
ℹ Computing testing scores...
ℹ Saving scores...
✔ Scores saved!

ℹ 4. Associations...
✔ Model ran without errors!

! ----- Running loop: 156/320 -----
ℹ - Random effect: none
ℹ - Strategy: 3-part-simplified-uncertainty
ℹ - New samples: 0
ℹ - Train size: 125
ℹ - N variables: 6
ℹ - K-fold: 5

ℹ 0. Setting up path...
! n_new_samples is '0' but strategy is '3-part-simplified-uncertainty'. Overwriting with strategy = 'none' to avoid errors.
ℹ Model already fitted! Skipping...

! ----- Running loop: 157/320 -----
ℹ - Random effect: none
ℹ - Strategy: 3-part-simplified-uncertainty
ℹ - New samples: 10
ℹ - Train size: 125
ℹ - N variables: 6
ℹ - K-fold: 5

ℹ 0. Setting up path...
! Running simplified-uncertainty...

ℹ 1. Fitting model...
ℹ Preparing training set for HMSC...
ℹ Creation of Hmsc object without random effects...
✔ Created Hmsc object!

ℹ Started fitting at: 2026-09-02 17:25:54.423749
! Cannot display fitting progress when running chains in parallel.
! Set `allow_parallel` to `FALSE` to see progress.
ℹ Completed fitting at: 2026-09-02 17:26:01.69898
ℹ Time elapsed: 7.28
ℹ Saving model...
✔ Model saved!

! Running simplified-uncertainty...

ℹ 1. Fitting model...
ℹ Preparing training set for HMSC...
ℹ Creation of Hmsc object without random effects...
✔ Created Hmsc object!

ℹ Started fitting at: 2026-09-02 17:26:05.05909
! Cannot display fitting progress when running chains in parallel.
! Set `allow_parallel` to `FALSE` to see progress.
ℹ Completed fitting at: 2026-09-02 17:26:12.262702
ℹ Time elapsed: 7.2
ℹ Saving model...
✔ Model saved!

! Running simplified-uncertainty...

ℹ 1. Fitting model...
ℹ Preparing training set for HMSC...
ℹ Creation of Hmsc object without random effects...
✔ Created Hmsc object!

ℹ Started fitting at: 2026-09-02 17:26:15.624677
! Cannot display fitting progress when running chains in parallel.
! Set `allow_parallel` to `FALSE` to see progress.
ℹ Completed fitting at: 2026-09-02 17:26:23.108144
ℹ Time elapsed: 7.48
ℹ Saving model...
✔ Model saved!

ℹ 2. Convergence diagnostics...
ℹ *** [Parameter: Beta] ***
ℹ Computation of traceplots, can take some time...
ℹ Traceplots saved!
ℹ -> Effective size:
ℹ 119 (72.12%) are good, 46 (27.88%) are acceptable and 0 (0%) are bad.
ℹ -> Gelman-Rubin convergence diagnostic:
ℹ 162 (98.18%) are good, 3 (1.82%) are acceptable and 0 (0%) are bad.
ℹ -> Autocorrelation:
ℹ [Lag 20]:
ℹ 128 (77.58%) are good and 37 (22.42%) are bad.
ℹ [Lag 50]:
ℹ 161 (97.58%) are good and 4 (2.42%) are bad.

ℹ 3. Performance evaluation...
ℹ Computing training scores...
ℹ Computing testing scores...
ℹ Saving scores...
✔ Scores saved!

ℹ 4. Associations...
✔ Model ran without errors!

! ----- Running loop: 158/320 -----
ℹ - Random effect: none
ℹ - Strategy: 3-part-simplified-uncertainty
ℹ - New samples: 25
ℹ - Train size: 125
ℹ - N variables: 6
ℹ - K-fold: 5

ℹ 0. Setting up path...
! Running simplified-uncertainty...

ℹ 1. Fitting model...
ℹ Preparing training set for HMSC...
ℹ Creation of Hmsc object without random effects...
✔ Created Hmsc object!

ℹ Started fitting at: 2026-09-02 17:27:23.883449
! Cannot display fitting progress when running chains in parallel.
! Set `allow_parallel` to `FALSE` to see progress.
ℹ Completed fitting at: 2026-09-02 17:27:31.399656
ℹ Time elapsed: 7.52
ℹ Saving model...
✔ Model saved!

! Running simplified-uncertainty...

ℹ 1. Fitting model...
ℹ Preparing training set for HMSC...
ℹ Creation of Hmsc object without random effects...
✔ Created Hmsc object!

ℹ Started fitting at: 2026-09-02 17:27:34.856032
! Cannot display fitting progress when running chains in parallel.
! Set `allow_parallel` to `FALSE` to see progress.
ℹ Completed fitting at: 2026-09-02 17:27:47.584949
ℹ Time elapsed: 12.73
ℹ Saving model...
✔ Model saved!

! Running simplified-uncertainty...

ℹ 1. Fitting model...
ℹ Preparing training set for HMSC...
ℹ Creation of Hmsc object without random effects...
✔ Created Hmsc object!

ℹ Started fitting at: 2026-09-02 17:27:51.008578
! Cannot display fitting progress when running chains in parallel.
! Set `allow_parallel` to `FALSE` to see progress.
ℹ Completed fitting at: 2026-09-02 17:27:58.676959
ℹ Time elapsed: 7.67
ℹ Saving model...
✔ Model saved!

ℹ 2. Convergence diagnostics...
ℹ *** [Parameter: Beta] ***
ℹ Computation of traceplots, can take some time...
ℹ Traceplots saved!
ℹ -> Effective size:
ℹ 114 (69.09%) are good, 51 (30.91%) are acceptable and 0 (0%) are bad.
ℹ -> Gelman-Rubin convergence diagnostic:
ℹ 163 (98.79%) are good, 1 (0.61%) are acceptable and 1 (0.61%) are bad.
ℹ -> Autocorrelation:
ℹ [Lag 20]:
ℹ 122 (73.94%) are good and 43 (26.06%) are bad.
ℹ [Lag 50]:
ℹ 165 (100%) are good and 0 (0%) are bad.

ℹ 3. Performance evaluation...
ℹ Computing training scores...
ℹ Computing testing scores...
ℹ Saving scores...
✔ Scores saved!

ℹ 4. Associations...
✔ Model ran without errors!

! ----- Running loop: 159/320 -----
ℹ - Random effect: none
ℹ - Strategy: 3-part-simplified-uncertainty
ℹ - New samples: 100
ℹ - Train size: 125
ℹ - N variables: 6
ℹ - K-fold: 5

ℹ 0. Setting up path...
! Running simplified-uncertainty...

ℹ 1. Fitting model...
ℹ Preparing training set for HMSC...
ℹ Creation of Hmsc object without random effects...
✔ Created Hmsc object!

ℹ Started fitting at: 2026-09-02 17:28:55.756621
! Cannot display fitting progress when running chains in parallel.
! Set `allow_parallel` to `FALSE` to see progress.
ℹ Completed fitting at: 2026-09-02 17:29:08.202612
ℹ Time elapsed: 12.45
ℹ Saving model...
✔ Model saved!

! Running simplified-uncertainty...

ℹ 1. Fitting model...
ℹ Preparing training set for HMSC...
ℹ Creation of Hmsc object without random effects...
✔ Created Hmsc object!

ℹ Started fitting at: 2026-09-02 17:29:11.579403
! Cannot display fitting progress when running chains in parallel.
! Set `allow_parallel` to `FALSE` to see progress.
ℹ Completed fitting at: 2026-09-02 17:29:24.100043
ℹ Time elapsed: 12.52
ℹ Saving model...
✔ Model saved!

! Running simplified-uncertainty...

ℹ 1. Fitting model...
ℹ Preparing training set for HMSC...
ℹ Creation of Hmsc object without random effects...
✔ Created Hmsc object!

ℹ Started fitting at: 2026-09-02 17:29:27.457741
! Cannot display fitting progress when running chains in parallel.
! Set `allow_parallel` to `FALSE` to see progress.
ℹ Completed fitting at: 2026-09-02 17:29:40.013263
ℹ Time elapsed: 12.56
ℹ Saving model...
✔ Model saved!

ℹ 2. Convergence diagnostics...
ℹ *** [Parameter: Beta] ***
ℹ Computation of traceplots, can take some time...
ℹ Traceplots saved!
ℹ -> Effective size:
ℹ 112 (67.88%) are good, 53 (32.12%) are acceptable and 0 (0%) are bad.
ℹ -> Gelman-Rubin convergence diagnostic:
ℹ 158 (95.76%) are good, 7 (4.24%) are acceptable and 0 (0%) are bad.
ℹ -> Autocorrelation:
ℹ [Lag 20]:
ℹ 123 (74.55%) are good and 42 (25.45%) are bad.
ℹ [Lag 50]:
ℹ 158 (95.76%) are good and 7 (4.24%) are bad.

ℹ 3. Performance evaluation...
ℹ Computing training scores...
ℹ Computing testing scores...
ℹ Saving scores...
✔ Scores saved!

ℹ 4. Associations...
✔ Model ran without errors!

! ----- Running loop: 160/320 -----
ℹ - Random effect: none
ℹ - Strategy: 3-part-simplified-uncertainty
ℹ - New samples: 150
ℹ - Train size: 125
ℹ - N variables: 6
ℹ - K-fold: 5

ℹ 0. Setting up path...
! Running simplified-uncertainty...

ℹ 1. Fitting model...
ℹ Preparing training set for HMSC...
ℹ Creation of Hmsc object without random effects...
✔ Created Hmsc object!

ℹ Started fitting at: 2026-09-02 17:30:41.676243
! Cannot display fitting progress when running chains in parallel.
! Set `allow_parallel` to `FALSE` to see progress.
ℹ Completed fitting at: 2026-09-02 17:30:54.741179
ℹ Time elapsed: 13.06
ℹ Saving model...
✔ Model saved!

! Running simplified-uncertainty...

ℹ 1. Fitting model...
ℹ Preparing training set for HMSC...
ℹ Creation of Hmsc object without random effects...
✔ Created Hmsc object!

ℹ Started fitting at: 2026-09-02 17:30:58.099148
! Cannot display fitting progress when running chains in parallel.
! Set `allow_parallel` to `FALSE` to see progress.
ℹ Completed fitting at: 2026-09-02 17:31:11.168609
ℹ Time elapsed: 13.07
ℹ Saving model...
✔ Model saved!

! Running simplified-uncertainty...

ℹ 1. Fitting model...
ℹ Preparing training set for HMSC...
ℹ Creation of Hmsc object without random effects...
✔ Created Hmsc object!

ℹ Started fitting at: 2026-09-02 17:31:14.5491
! Cannot display fitting progress when running chains in parallel.
! Set `allow_parallel` to `FALSE` to see progress.
ℹ Completed fitting at: 2026-09-02 17:31:22.636513
ℹ Time elapsed: 8.09
ℹ Saving model...
✔ Model saved!

ℹ 2. Convergence diagnostics...
ℹ *** [Parameter: Beta] ***
ℹ Computation of traceplots, can take some time...
ℹ Traceplots saved!
ℹ -> Effective size:
ℹ 117 (70.91%) are good, 47 (28.48%) are acceptable and 1 (0.61%) are bad.
ℹ -> Gelman-Rubin convergence diagnostic:
ℹ 161 (97.58%) are good, 4 (2.42%) are acceptable and 0 (0%) are bad.
ℹ -> Autocorrelation:
ℹ [Lag 20]:
ℹ 125 (75.76%) are good and 40 (24.24%) are bad.
ℹ [Lag 50]:
ℹ 158 (95.76%) are good and 7 (4.24%) are bad.

ℹ 3. Performance evaluation...
ℹ Computing training scores...
ℹ Computing testing scores...
ℹ Saving scores...
✔ Scores saved!

ℹ 4. Associations...
✔ Model ran without errors!

! ----- Running loop: 161/320 -----
ℹ - Random effect: none
ℹ - Strategy: none
ℹ - New samples: 0
ℹ - Train size: 15
ℹ - N variables: 6
ℹ - K-fold: 6

ℹ 0. Setting up path...

ℹ 1. Fitting model...
ℹ Preparing training set for HMSC...
ℹ Creation of Hmsc object without random effects...
✔ Created Hmsc object!

ℹ Started fitting at: 2026-09-02 17:32:18.390988
! Cannot display fitting progress when running chains in parallel.
! Set `allow_parallel` to `FALSE` to see progress.
ℹ Completed fitting at: 2026-09-02 17:32:35.493477
ℹ Time elapsed: 17.1
ℹ Saving model...
✔ Model saved!

ℹ 2. Convergence diagnostics...
ℹ *** [Parameter: Beta] ***
ℹ Computation of traceplots, can take some time...
ℹ Traceplots saved!
ℹ -> Effective size:
ℹ 161 (97.58%) are good, 4 (2.42%) are acceptable and 0 (0%) are bad.
ℹ -> Gelman-Rubin convergence diagnostic:
ℹ 165 (100%) are good, 0 (0%) are acceptable and 0 (0%) are bad.
ℹ -> Autocorrelation:
ℹ [Lag 20]:
ℹ 156 (94.55%) are good and 9 (5.45%) are bad.
ℹ [Lag 50]:
ℹ 165 (100%) are good and 0 (0%) are bad.

ℹ 3. Performance evaluation...
ℹ Computing training scores...
ℹ Computing testing scores...
ℹ Saving scores...
✔ Scores saved!

ℹ 4. Associations...
✔ Model ran without errors!

! ----- Running loop: 162/320 -----
ℹ - Random effect: none
ℹ - Strategy: none
ℹ - New samples: 0
ℹ - Train size: 25
ℹ - N variables: 6
ℹ - K-fold: 6

ℹ 0. Setting up path...

ℹ 1. Fitting model...
ℹ Preparing training set for HMSC...
ℹ Creation of Hmsc object without random effects...
✔ Created Hmsc object!

ℹ Started fitting at: 2026-09-02 17:33:08.403894
! Cannot display fitting progress when running chains in parallel.
! Set `allow_parallel` to `FALSE` to see progress.
ℹ Completed fitting at: 2026-09-02 17:33:15.28603
ℹ Time elapsed: 6.88
ℹ Saving model...
✔ Model saved!

ℹ 2. Convergence diagnostics...
ℹ *** [Parameter: Beta] ***
ℹ Computation of traceplots, can take some time...
ℹ Traceplots saved!
ℹ -> Effective size:
ℹ 137 (83.03%) are good, 28 (16.97%) are acceptable and 0 (0%) are bad.
ℹ -> Gelman-Rubin convergence diagnostic:
ℹ 163 (98.79%) are good, 2 (1.21%) are acceptable and 0 (0%) are bad.
ℹ -> Autocorrelation:
ℹ [Lag 20]:
ℹ 130 (78.79%) are good and 35 (21.21%) are bad.
ℹ [Lag 50]:
ℹ 159 (96.36%) are good and 6 (3.64%) are bad.

ℹ 3. Performance evaluation...
ℹ Computing training scores...
ℹ Computing testing scores...
ℹ Saving scores...
✔ Scores saved!

ℹ 4. Associations...
✔ Model ran without errors!

! ----- Running loop: 163/320 -----
ℹ - Random effect: none
ℹ - Strategy: none
ℹ - New samples: 0
ℹ - Train size: 50
ℹ - N variables: 6
ℹ - K-fold: 6

ℹ 0. Setting up path...

ℹ 1. Fitting model...
ℹ Preparing training set for HMSC...
ℹ Creation of Hmsc object without random effects...
✔ Created Hmsc object!

ℹ Started fitting at: 2026-09-02 17:33:48.000561
! Cannot display fitting progress when running chains in parallel.
! Set `allow_parallel` to `FALSE` to see progress.
ℹ Completed fitting at: 2026-09-02 17:33:55.16668
ℹ Time elapsed: 7.17
ℹ Saving model...
✔ Model saved!

ℹ 2. Convergence diagnostics...
ℹ *** [Parameter: Beta] ***
ℹ Computation of traceplots, can take some time...
ℹ Traceplots saved!
ℹ -> Effective size:
ℹ 138 (83.64%) are good, 27 (16.36%) are acceptable and 0 (0%) are bad.
ℹ -> Gelman-Rubin convergence diagnostic:
ℹ 157 (95.15%) are good, 8 (4.85%) are acceptable and 0 (0%) are bad.
ℹ -> Autocorrelation:
ℹ [Lag 20]:
ℹ 138 (83.64%) are good and 27 (16.36%) are bad.
ℹ [Lag 50]:
ℹ 164 (99.39%) are good and 1 (0.61%) are bad.

ℹ 3. Performance evaluation...
ℹ Computing training scores...
ℹ Computing testing scores...
ℹ Saving scores...
✔ Scores saved!

ℹ 4. Associations...
✔ Model ran without errors!

! ----- Running loop: 164/320 -----
ℹ - Random effect: none
ℹ - Strategy: none
ℹ - New samples: 0
ℹ - Train size: 75
ℹ - N variables: 6
ℹ - K-fold: 6

ℹ 0. Setting up path...

ℹ 1. Fitting model...
ℹ Preparing training set for HMSC...
ℹ Creation of Hmsc object without random effects...
✔ Created Hmsc object!

ℹ Started fitting at: 2026-09-02 17:34:28.324756
! Cannot display fitting progress when running chains in parallel.
! Set `allow_parallel` to `FALSE` to see progress.
ℹ Completed fitting at: 2026-09-02 17:34:40.320789
ℹ Time elapsed: 12
ℹ Saving model...
✔ Model saved!

ℹ 2. Convergence diagnostics...
ℹ *** [Parameter: Beta] ***
ℹ Computation of traceplots, can take some time...
ℹ Traceplots saved!
ℹ -> Effective size:
ℹ 137 (83.03%) are good, 28 (16.97%) are acceptable and 0 (0%) are bad.
ℹ -> Gelman-Rubin convergence diagnostic:
ℹ 164 (99.39%) are good, 1 (0.61%) are acceptable and 0 (0%) are bad.
ℹ -> Autocorrelation:
ℹ [Lag 20]:
ℹ 133 (80.61%) are good and 32 (19.39%) are bad.
ℹ [Lag 50]:
ℹ 164 (99.39%) are good and 1 (0.61%) are bad.

ℹ 3. Performance evaluation...
ℹ Computing training scores...
ℹ Computing testing scores...
ℹ Saving scores...
✔ Scores saved!

ℹ 4. Associations...
✔ Model ran without errors!

! ----- Running loop: 165/320 -----
ℹ - Random effect: none
ℹ - Strategy: none
ℹ - New samples: 0
ℹ - Train size: 100
ℹ - N variables: 6
ℹ - K-fold: 6

ℹ 0. Setting up path...

ℹ 1. Fitting model...
ℹ Preparing training set for HMSC...
ℹ Creation of Hmsc object without random effects...
✔ Created Hmsc object!

ℹ Started fitting at: 2026-09-02 17:35:13.871594
! Cannot display fitting progress when running chains in parallel.
! Set `allow_parallel` to `FALSE` to see progress.
ℹ Completed fitting at: 2026-09-02 17:35:26.474573
ℹ Time elapsed: 12.6
ℹ Saving model...
✔ Model saved!

ℹ 2. Convergence diagnostics...
ℹ *** [Parameter: Beta] ***
ℹ Computation of traceplots, can take some time...
ℹ Traceplots saved!
ℹ -> Effective size:
ℹ 135 (81.82%) are good, 29 (17.58%) are acceptable and 1 (0.61%) are bad.
ℹ -> Gelman-Rubin convergence diagnostic:
ℹ 165 (100%) are good, 0 (0%) are acceptable and 0 (0%) are bad.
ℹ -> Autocorrelation:
ℹ [Lag 20]:
ℹ 136 (82.42%) are good and 29 (17.58%) are bad.
ℹ [Lag 50]:
ℹ 164 (99.39%) are good and 1 (0.61%) are bad.

ℹ 3. Performance evaluation...
ℹ Computing training scores...
ℹ Computing testing scores...
ℹ Saving scores...
✔ Scores saved!

ℹ 4. Associations...
✔ Model ran without errors!

! ----- Running loop: 166/320 -----
ℹ - Random effect: none
ℹ - Strategy: none
ℹ - New samples: 0
ℹ - Train size: 125
ℹ - N variables: 6
ℹ - K-fold: 6

ℹ 0. Setting up path...

ℹ 1. Fitting model...
ℹ Preparing training set for HMSC...
ℹ Creation of Hmsc object without random effects...
✔ Created Hmsc object!

ℹ Started fitting at: 2026-09-02 17:36:00.389063
! Cannot display fitting progress when running chains in parallel.
! Set `allow_parallel` to `FALSE` to see progress.
ℹ Completed fitting at: 2026-09-02 17:36:12.749992
ℹ Time elapsed: 12.36
ℹ Saving model...
✔ Model saved!

ℹ 2. Convergence diagnostics...
ℹ *** [Parameter: Beta] ***
ℹ Computation of traceplots, can take some time...
ℹ Traceplots saved!
ℹ -> Effective size:
ℹ 134 (81.21%) are good, 31 (18.79%) are acceptable and 0 (0%) are bad.
ℹ -> Gelman-Rubin convergence diagnostic:
ℹ 163 (98.79%) are good, 2 (1.21%) are acceptable and 0 (0%) are bad.
ℹ -> Autocorrelation:
ℹ [Lag 20]:
ℹ 127 (76.97%) are good and 38 (23.03%) are bad.
ℹ [Lag 50]:
ℹ 163 (98.79%) are good and 2 (1.21%) are bad.

ℹ 3. Performance evaluation...
ℹ Computing training scores...
ℹ Computing testing scores...
ℹ Saving scores...
✔ Scores saved!

ℹ 4. Associations...
✔ Model ran without errors!

! ----- Running loop: 167/320 -----
ℹ - Random effect: carres
ℹ - Strategy: none
ℹ - New samples: 0
ℹ - Train size: 125
ℹ - N variables: 6
ℹ - K-fold: 6

ℹ 0. Setting up path...

ℹ 1. Fitting model...
ℹ Preparing training set for HMSC...
ℹ Creation of Hmsc object with 'units' effect...
✔ Created Hmsc object!

ℹ Started fitting at: 2026-09-02 17:36:46.95238
! Cannot display fitting progress when running chains in parallel.
! Set `allow_parallel` to `FALSE` to see progress.
ℹ Completed fitting at: 2026-09-02 17:37:10.150917
ℹ Time elapsed: 23.2
ℹ Saving model...
✔ Model saved!

ℹ 2. Convergence diagnostics...
ℹ *** [Parameter: Beta] ***
ℹ Computation of traceplots, can take some time...
ℹ Traceplots saved!
ℹ -> Effective size:
ℹ 145 (87.88%) are good, 19 (11.52%) are acceptable and 1 (0.61%) are bad.
ℹ -> Gelman-Rubin convergence diagnostic:
ℹ 163 (98.79%) are good, 1 (0.61%) are acceptable and 1 (0.61%) are bad.
ℹ -> Autocorrelation:
ℹ [Lag 20]:
ℹ 138 (83.64%) are good and 27 (16.36%) are bad.
ℹ [Lag 50]:
ℹ 164 (99.39%) are good and 1 (0.61%) are bad.
ℹ *** [Parameter: Omega] ***
ℹ Computation of traceplots, can take some time...
ℹ Traceplots saved!
ℹ -> Effective size:
ℹ 161 (71.56%) are good, 63 (28%) are acceptable and 1 (0.44%) are bad.
ℹ -> Gelman-Rubin convergence diagnostic:
ℹ 194 (86.22%) are good, 28 (12.44%) are acceptable and 3 (1.33%) are bad.
ℹ -> Autocorrelation:
ℹ [Lag 20]:
ℹ 176 (78.22%) are good and 49 (21.78%) are bad.
ℹ [Lag 50]:
ℹ 212 (94.22%) are good and 13 (5.78%) are bad.

ℹ 3. Performance evaluation...
ℹ Computing training scores...
ℹ Computing testing scores...
ℹ Saving scores...
✔ Scores saved!

ℹ 4. Associations...
✔ Model ran without errors!

! ----- Running loop: 168/320 -----
ℹ - Random effect: spatial
ℹ - Strategy: none
ℹ - New samples: 0
ℹ - Train size: 125
ℹ - N variables: 6
ℹ - K-fold: 6

ℹ 0. Setting up path...

ℹ 1. Fitting model...
ℹ Preparing training set for HMSC...
ℹ Creation of Hmsc object with 'spatial' effect...
✔ Created Hmsc object!

ℹ Started fitting at: 2026-09-02 17:38:10.553579
! Cannot display fitting progress when running chains in parallel.
! Set `allow_parallel` to `FALSE` to see progress.
ℹ Completed fitting at: 2026-09-02 17:38:43.871878
ℹ Time elapsed: 33.32
ℹ Saving model...
✔ Model saved!

ℹ 2. Convergence diagnostics...
ℹ *** [Parameter: Beta] ***
ℹ Computation of traceplots, can take some time...
ℹ Traceplots saved!
ℹ -> Effective size:
ℹ 141 (85.45%) are good, 24 (14.55%) are acceptable and 0 (0%) are bad.
ℹ -> Gelman-Rubin convergence diagnostic:
ℹ 164 (99.39%) are good, 1 (0.61%) are acceptable and 0 (0%) are bad.
ℹ -> Autocorrelation:
ℹ [Lag 20]:
ℹ 135 (81.82%) are good and 30 (18.18%) are bad.
ℹ [Lag 50]:
ℹ 164 (99.39%) are good and 1 (0.61%) are bad.
ℹ *** [Parameter: Omega] ***
ℹ Computation of traceplots, can take some time...
ℹ Traceplots saved!
ℹ -> Effective size:
ℹ 128 (56.89%) are good, 93 (41.33%) are acceptable and 4 (1.78%) are bad.
ℹ -> Gelman-Rubin convergence diagnostic:
ℹ 148 (65.78%) are good, 52 (23.11%) are acceptable and 25 (11.11%) are bad.
ℹ -> Autocorrelation:
ℹ [Lag 20]:
ℹ 113 (50.22%) are good and 112 (49.78%) are bad.
ℹ [Lag 50]:
ℹ 195 (86.67%) are good and 30 (13.33%) are bad.

ℹ 3. Performance evaluation...
ℹ Computing training scores...
ℹ Computing testing scores...
ℹ Saving scores...
✔ Scores saved!

ℹ 4. Associations...
✔ Model ran without errors!

! ----- Running loop: 169/320 -----
ℹ - Random effect: none
ℹ - Strategy: none
ℹ - New samples: 0
ℹ - Train size: 125
ℹ - N variables: 4
ℹ - K-fold: 6

ℹ 0. Setting up path...

ℹ 1. Fitting model...
ℹ Preparing training set for HMSC...
ℹ Creation of Hmsc object without random effects...
✔ Created Hmsc object!

ℹ Started fitting at: 2026-09-02 17:40:54.531548
! Cannot display fitting progress when running chains in parallel.
! Set `allow_parallel` to `FALSE` to see progress.
ℹ Completed fitting at: 2026-09-02 17:41:11.663366
ℹ Time elapsed: 17.13
ℹ Saving model...
✔ Model saved!

ℹ 2. Convergence diagnostics...
ℹ *** [Parameter: Beta] ***
ℹ Computation of traceplots, can take some time...
ℹ Traceplots saved!
ℹ -> Effective size:
ℹ 112 (82.96%) are good, 23 (17.04%) are acceptable and 0 (0%) are bad.
ℹ -> Gelman-Rubin convergence diagnostic:
ℹ 130 (96.3%) are good, 1 (0.74%) are acceptable and 4 (2.96%) are bad.
ℹ -> Autocorrelation:
ℹ [Lag 20]:
ℹ 112 (82.96%) are good and 23 (17.04%) are bad.
ℹ [Lag 50]:
ℹ 130 (96.3%) are good and 5 (3.7%) are bad.

ℹ 3. Performance evaluation...
ℹ Computing training scores...
ℹ Computing testing scores...
ℹ Saving scores...
✔ Scores saved!

ℹ 4. Associations...
✔ Model ran without errors!

! ----- Running loop: 170/320 -----
ℹ - Random effect: none
ℹ - Strategy: none
ℹ - New samples: 0
ℹ - Train size: 125
ℹ - N variables: 3
ℹ - K-fold: 6

ℹ 0. Setting up path...

ℹ 1. Fitting model...
ℹ Preparing training set for HMSC...
ℹ Creation of Hmsc object without random effects...
✔ Created Hmsc object!

ℹ Started fitting at: 2026-09-02 17:41:39.992866
! Cannot display fitting progress when running chains in parallel.
! Set `allow_parallel` to `FALSE` to see progress.
ℹ Completed fitting at: 2026-09-02 17:41:51.979
ℹ Time elapsed: 11.99
ℹ Saving model...
✔ Model saved!

ℹ 2. Convergence diagnostics...
ℹ *** [Parameter: Beta] ***
ℹ Computation of traceplots, can take some time...
ℹ Traceplots saved!
ℹ -> Effective size:
ℹ 84 (70%) are good, 34 (28.33%) are acceptable and 2 (1.67%) are bad.
ℹ -> Gelman-Rubin convergence diagnostic:
ℹ 109 (90.83%) are good, 7 (5.83%) are acceptable and 4 (3.33%) are bad.
ℹ -> Autocorrelation:
ℹ [Lag 20]:
ℹ 91 (75.83%) are good and 29 (24.17%) are bad.
ℹ [Lag 50]:
ℹ 115 (95.83%) are good and 5 (4.17%) are bad.

ℹ 3. Performance evaluation...
ℹ Computing training scores...
ℹ Computing testing scores...
ℹ Saving scores...
✔ Scores saved!

ℹ 4. Associations...
✔ Model ran without errors!

! ----- Running loop: 171/320 -----
ℹ - Random effect: none
ℹ - Strategy: none
ℹ - New samples: 0
ℹ - Train size: 125
ℹ - N variables: 2
ℹ - K-fold: 6

ℹ 0. Setting up path...

ℹ 1. Fitting model...
ℹ Preparing training set for HMSC...
ℹ Creation of Hmsc object without random effects...
✔ Created Hmsc object!

ℹ Started fitting at: 2026-09-02 17:42:18.25292
! Cannot display fitting progress when running chains in parallel.
! Set `allow_parallel` to `FALSE` to see progress.
ℹ Completed fitting at: 2026-09-02 17:42:25.200026
ℹ Time elapsed: 6.95
ℹ Saving model...
✔ Model saved!

ℹ 2. Convergence diagnostics...
ℹ *** [Parameter: Beta] ***
ℹ Computation of traceplots, can take some time...
ℹ Traceplots saved!
ℹ -> Effective size:
ℹ 78 (74.29%) are good, 26 (24.76%) are acceptable and 1 (0.95%) are bad.
ℹ -> Gelman-Rubin convergence diagnostic:
ℹ 100 (95.24%) are good, 3 (2.86%) are acceptable and 2 (1.9%) are bad.
ℹ -> Autocorrelation:
ℹ [Lag 20]:
ℹ 88 (83.81%) are good and 17 (16.19%) are bad.
ℹ [Lag 50]:
ℹ 103 (98.1%) are good and 2 (1.9%) are bad.

ℹ 3. Performance evaluation...
ℹ Computing training scores...
ℹ Computing testing scores...
ℹ Saving scores...
✔ Scores saved!

ℹ 4. Associations...
✔ Model ran without errors!

! ----- Running loop: 172/320 -----
ℹ - Random effect: none
ℹ - Strategy: none
ℹ - New samples: 50
ℹ - Train size: 125
ℹ - N variables: 6
ℹ - K-fold: 6

ℹ 0. Setting up path...
! Strategy is 'none' but n_new_samples is '50'. Overwriting with n_new_samples = '0' to avoid errors.
ℹ Model already fitted! Skipping...

! ----- Running loop: 173/320 -----
ℹ - Random effect: none
ℹ - Strategy: business-as-usual
ℹ - New samples: 50
ℹ - Train size: 125
ℹ - N variables: 6
ℹ - K-fold: 6

ℹ 0. Setting up path...
ℹ Pulling 50 new random samples...

ℹ 1. Fitting model...
ℹ Preparing training set for HMSC...
ℹ Creation of Hmsc object without random effects...
✔ Created Hmsc object!

ℹ Started fitting at: 2026-09-02 17:42:49.229139
! Cannot display fitting progress when running chains in parallel.
! Set `allow_parallel` to `FALSE` to see progress.
ℹ Completed fitting at: 2026-09-02 17:43:02.011371
ℹ Time elapsed: 12.78
ℹ Saving model...
✔ Model saved!

ℹ 2. Convergence diagnostics...
ℹ *** [Parameter: Beta] ***
ℹ Computation of traceplots, can take some time...
ℹ Traceplots saved!
ℹ -> Effective size:
ℹ 138 (83.64%) are good, 26 (15.76%) are acceptable and 1 (0.61%) are bad.
ℹ -> Gelman-Rubin convergence diagnostic:
ℹ 165 (100%) are good, 0 (0%) are acceptable and 0 (0%) are bad.
ℹ -> Autocorrelation:
ℹ [Lag 20]:
ℹ 144 (87.27%) are good and 21 (12.73%) are bad.
ℹ [Lag 50]:
ℹ 164 (99.39%) are good and 1 (0.61%) are bad.

ℹ 3. Performance evaluation...
ℹ Computing training scores...
ℹ Computing testing scores...
ℹ Saving scores...
✔ Scores saved!

ℹ 4. Associations...
✔ Model ran without errors!

! ----- Running loop: 174/320 -----
ℹ - Random effect: none
ℹ - Strategy: gap-filling
ℹ - New samples: 50
ℹ - Train size: 125
ℹ - N variables: 6
ℹ - K-fold: 6

ℹ 0. Setting up path...
ℹ Searching for the most distant points...

ℹ 1. Fitting model...
ℹ Preparing training set for HMSC...
ℹ Creation of Hmsc object without random effects...
✔ Created Hmsc object!

ℹ Started fitting at: 2026-09-02 17:44:00.12523
! Cannot display fitting progress when running chains in parallel.
! Set `allow_parallel` to `FALSE` to see progress.
ℹ Completed fitting at: 2026-09-02 17:44:13.00857
ℹ Time elapsed: 12.88
ℹ Saving model...
✔ Model saved!

ℹ 2. Convergence diagnostics...
ℹ *** [Parameter: Beta] ***
ℹ Computation of traceplots, can take some time...
ℹ Traceplots saved!
ℹ -> Effective size:
ℹ 140 (84.85%) are good, 25 (15.15%) are acceptable and 0 (0%) are bad.
ℹ -> Gelman-Rubin convergence diagnostic:
ℹ 162 (98.18%) are good, 2 (1.21%) are acceptable and 1 (0.61%) are bad.
ℹ -> Autocorrelation:
ℹ [Lag 20]:
ℹ 144 (87.27%) are good and 21 (12.73%) are bad.
ℹ [Lag 50]:
ℹ 162 (98.18%) are good and 3 (1.82%) are bad.

ℹ 3. Performance evaluation...
ℹ Computing training scores...
ℹ Computing testing scores...
ℹ Saving scores...
✔ Scores saved!

ℹ 4. Associations...
✔ Model ran without errors!

! ----- Running loop: 175/320 -----
ℹ - Random effect: none
ℹ - Strategy: simplified-uncertainty
ℹ - New samples: 50
ℹ - Train size: 125
ℹ - N variables: 6
ℹ - K-fold: 6

ℹ 0. Setting up path...
! Running simplified-uncertainty...

ℹ 1. Fitting model...
ℹ Preparing training set for HMSC...
ℹ Creation of Hmsc object without random effects...
✔ Created Hmsc object!

ℹ Started fitting at: 2026-09-02 17:45:10.785949
! Cannot display fitting progress when running chains in parallel.
! Set `allow_parallel` to `FALSE` to see progress.
ℹ Completed fitting at: 2026-09-02 17:45:18.838677
ℹ Time elapsed: 8.05
ℹ Saving model...
✔ Model saved!

ℹ 2. Convergence diagnostics...
ℹ *** [Parameter: Beta] ***
ℹ Computation of traceplots, can take some time...
ℹ Traceplots saved!
ℹ -> Effective size:
ℹ 149 (90.3%) are good, 15 (9.09%) are acceptable and 1 (0.61%) are bad.
ℹ -> Gelman-Rubin convergence diagnostic:
ℹ 158 (95.76%) are good, 2 (1.21%) are acceptable and 5 (3.03%) are bad.
ℹ -> Autocorrelation:
ℹ [Lag 20]:
ℹ 152 (92.12%) are good and 13 (7.88%) are bad.
ℹ [Lag 50]:
ℹ 162 (98.18%) are good and 3 (1.82%) are bad.

ℹ 3. Performance evaluation...
ℹ Computing training scores...
ℹ Computing testing scores...
ℹ Saving scores...
✔ Scores saved!

ℹ 4. Associations...
✔ Model ran without errors!

! ----- Running loop: 176/320 -----
ℹ - Random effect: none
ℹ - Strategy: 2-part-simplified-uncertainty
ℹ - New samples: 50
ℹ - Train size: 125
ℹ - N variables: 6
ℹ - K-fold: 6

ℹ 0. Setting up path...
! Running simplified-uncertainty...

ℹ 1. Fitting model...
ℹ Preparing training set for HMSC...
ℹ Creation of Hmsc object without random effects...
✔ Created Hmsc object!

ℹ Started fitting at: 2026-09-02 17:46:15.103596
! Cannot display fitting progress when running chains in parallel.
! Set `allow_parallel` to `FALSE` to see progress.
ℹ Completed fitting at: 2026-09-02 17:46:22.753257
ℹ Time elapsed: 7.65
ℹ Saving model...
✔ Model saved!

! Running simplified-uncertainty...

ℹ 1. Fitting model...
ℹ Preparing training set for HMSC...
ℹ Creation of Hmsc object without random effects...
✔ Created Hmsc object!

ℹ Started fitting at: 2026-09-02 17:46:26.101333
! Cannot display fitting progress when running chains in parallel.
! Set `allow_parallel` to `FALSE` to see progress.
ℹ Completed fitting at: 2026-09-02 17:46:38.461026
ℹ Time elapsed: 12.36
ℹ Saving model...
✔ Model saved!

ℹ 2. Convergence diagnostics...
ℹ *** [Parameter: Beta] ***
ℹ Computation of traceplots, can take some time...
ℹ Traceplots saved!
ℹ -> Effective size:
ℹ 145 (87.88%) are good, 19 (11.52%) are acceptable and 1 (0.61%) are bad.
ℹ -> Gelman-Rubin convergence diagnostic:
ℹ 159 (96.36%) are good, 2 (1.21%) are acceptable and 4 (2.42%) are bad.
ℹ -> Autocorrelation:
ℹ [Lag 20]:
ℹ 145 (87.88%) are good and 20 (12.12%) are bad.
ℹ [Lag 50]:
ℹ 161 (97.58%) are good and 4 (2.42%) are bad.

ℹ 3. Performance evaluation...
ℹ Computing training scores...
ℹ Computing testing scores...
ℹ Saving scores...
✔ Scores saved!

ℹ 4. Associations...
✔ Model ran without errors!

! ----- Running loop: 177/320 -----
ℹ - Random effect: none
ℹ - Strategy: 3-part-simplified-uncertainty
ℹ - New samples: 50
ℹ - Train size: 125
ℹ - N variables: 6
ℹ - K-fold: 6

ℹ 0. Setting up path...
! Running simplified-uncertainty...

ℹ 1. Fitting model...
ℹ Preparing training set for HMSC...
ℹ Creation of Hmsc object without random effects...
✔ Created Hmsc object!

ℹ Started fitting at: 2026-09-02 17:47:35.350517
! Cannot display fitting progress when running chains in parallel.
! Set `allow_parallel` to `FALSE` to see progress.
ℹ Completed fitting at: 2026-09-02 17:47:43.132721
ℹ Time elapsed: 7.78
ℹ Saving model...
✔ Model saved!

! Running simplified-uncertainty...

ℹ 1. Fitting model...
ℹ Preparing training set for HMSC...
ℹ Creation of Hmsc object without random effects...
✔ Created Hmsc object!

ℹ Started fitting at: 2026-09-02 17:47:46.648691
! Cannot display fitting progress when running chains in parallel.
! Set `allow_parallel` to `FALSE` to see progress.
ℹ Completed fitting at: 2026-09-02 17:47:54.09584
ℹ Time elapsed: 7.45
ℹ Saving model...
✔ Model saved!

! Running simplified-uncertainty...

ℹ 1. Fitting model...
ℹ Preparing training set for HMSC...
ℹ Creation of Hmsc object without random effects...
✔ Created Hmsc object!

ℹ Started fitting at: 2026-09-02 17:47:57.455353
! Cannot display fitting progress when running chains in parallel.
! Set `allow_parallel` to `FALSE` to see progress.
ℹ Completed fitting at: 2026-09-02 17:48:10.386875
ℹ Time elapsed: 12.93
ℹ Saving model...
✔ Model saved!

ℹ 2. Convergence diagnostics...
ℹ *** [Parameter: Beta] ***
ℹ Computation of traceplots, can take some time...
ℹ Traceplots saved!
ℹ -> Effective size:
ℹ 146 (88.48%) are good, 18 (10.91%) are acceptable and 1 (0.61%) are bad.
ℹ -> Gelman-Rubin convergence diagnostic:
ℹ 161 (97.58%) are good, 4 (2.42%) are acceptable and 0 (0%) are bad.
ℹ -> Autocorrelation:
ℹ [Lag 20]:
ℹ 146 (88.48%) are good and 19 (11.52%) are bad.
ℹ [Lag 50]:
ℹ 164 (99.39%) are good and 1 (0.61%) are bad.

ℹ 3. Performance evaluation...
ℹ Computing training scores...
ℹ Computing testing scores...
ℹ Saving scores...
✔ Scores saved!

ℹ 4. Associations...
✔ Model ran without errors!

! ----- Running loop: 178/320 -----
ℹ - Random effect: none
ℹ - Strategy: simplified-uncertainty
ℹ - New samples: 0
ℹ - Train size: 125
ℹ - N variables: 6
ℹ - K-fold: 6

ℹ 0. Setting up path...
! n_new_samples is '0' but strategy is 'simplified-uncertainty'. Overwriting with strategy = 'none' to avoid errors.
ℹ Model already fitted! Skipping...

! ----- Running loop: 179/320 -----
ℹ - Random effect: none
ℹ - Strategy: simplified-uncertainty
ℹ - New samples: 10
ℹ - Train size: 125
ℹ - N variables: 6
ℹ - K-fold: 6

ℹ 0. Setting up path...
! Running simplified-uncertainty...

ℹ 1. Fitting model...
ℹ Preparing training set for HMSC...
ℹ Creation of Hmsc object without random effects...
✔ Created Hmsc object!

ℹ Started fitting at: 2026-09-02 17:49:06.714035
! Cannot display fitting progress when running chains in parallel.
! Set `allow_parallel` to `FALSE` to see progress.
ℹ Completed fitting at: 2026-09-02 17:49:19.002538
ℹ Time elapsed: 12.29
ℹ Saving model...
✔ Model saved!

ℹ 2. Convergence diagnostics...
ℹ *** [Parameter: Beta] ***
ℹ Computation of traceplots, can take some time...
ℹ Traceplots saved!
ℹ -> Effective size:
ℹ 144 (87.27%) are good, 21 (12.73%) are acceptable and 0 (0%) are bad.
ℹ -> Gelman-Rubin convergence diagnostic:
ℹ 164 (99.39%) are good, 0 (0%) are acceptable and 1 (0.61%) are bad.
ℹ -> Autocorrelation:
ℹ [Lag 20]:
ℹ 149 (90.3%) are good and 16 (9.7%) are bad.
ℹ [Lag 50]:
ℹ 165 (100%) are good and 0 (0%) are bad.

ℹ 3. Performance evaluation...
ℹ Computing training scores...
ℹ Computing testing scores...
ℹ Saving scores...
✔ Scores saved!

ℹ 4. Associations...
✔ Model ran without errors!

! ----- Running loop: 180/320 -----
ℹ - Random effect: none
ℹ - Strategy: simplified-uncertainty
ℹ - New samples: 25
ℹ - Train size: 125
ℹ - N variables: 6
ℹ - K-fold: 6

ℹ 0. Setting up path...
! Running simplified-uncertainty...

ℹ 1. Fitting model...
ℹ Preparing training set for HMSC...
ℹ Creation of Hmsc object without random effects...
✔ Created Hmsc object!

ℹ Started fitting at: 2026-09-02 17:50:15.525044
! Cannot display fitting progress when running chains in parallel.
! Set `allow_parallel` to `FALSE` to see progress.
ℹ Completed fitting at: 2026-09-02 17:50:28.347033
ℹ Time elapsed: 12.82
ℹ Saving model...
✔ Model saved!

ℹ 2. Convergence diagnostics...
ℹ *** [Parameter: Beta] ***
ℹ Computation of traceplots, can take some time...
ℹ Traceplots saved!
ℹ -> Effective size:
ℹ 147 (89.09%) are good, 18 (10.91%) are acceptable and 0 (0%) are bad.
ℹ -> Gelman-Rubin convergence diagnostic:
ℹ 163 (98.79%) are good, 2 (1.21%) are acceptable and 0 (0%) are bad.
ℹ -> Autocorrelation:
ℹ [Lag 20]:
ℹ 152 (92.12%) are good and 13 (7.88%) are bad.
ℹ [Lag 50]:
ℹ 165 (100%) are good and 0 (0%) are bad.

ℹ 3. Performance evaluation...
ℹ Computing training scores...
ℹ Computing testing scores...
ℹ Saving scores...
✔ Scores saved!

ℹ 4. Associations...
✔ Model ran without errors!

! ----- Running loop: 181/320 -----
ℹ - Random effect: none
ℹ - Strategy: simplified-uncertainty
ℹ - New samples: 100
ℹ - Train size: 125
ℹ - N variables: 6
ℹ - K-fold: 6

ℹ 0. Setting up path...
! Running simplified-uncertainty...

ℹ 1. Fitting model...
ℹ Preparing training set for HMSC...
ℹ Creation of Hmsc object without random effects...
✔ Created Hmsc object!

ℹ Started fitting at: 2026-09-02 17:51:24.576316
! Cannot display fitting progress when running chains in parallel.
! Set `allow_parallel` to `FALSE` to see progress.
ℹ Completed fitting at: 2026-09-02 17:51:32.665184
ℹ Time elapsed: 8.09
ℹ Saving model...
✔ Model saved!

ℹ 2. Convergence diagnostics...
ℹ *** [Parameter: Beta] ***
ℹ Computation of traceplots, can take some time...
ℹ Traceplots saved!
ℹ -> Effective size:
ℹ 146 (88.48%) are good, 19 (11.52%) are acceptable and 0 (0%) are bad.
ℹ -> Gelman-Rubin convergence diagnostic:
ℹ 165 (100%) are good, 0 (0%) are acceptable and 0 (0%) are bad.
ℹ -> Autocorrelation:
ℹ [Lag 20]:
ℹ 153 (92.73%) are good and 12 (7.27%) are bad.
ℹ [Lag 50]:
ℹ 163 (98.79%) are good and 2 (1.21%) are bad.

ℹ 3. Performance evaluation...
ℹ Computing training scores...
ℹ Computing testing scores...
ℹ Saving scores...
✔ Scores saved!

ℹ 4. Associations...
✔ Model ran without errors!

! ----- Running loop: 182/320 -----
ℹ - Random effect: none
ℹ - Strategy: simplified-uncertainty
ℹ - New samples: 150
ℹ - Train size: 125
ℹ - N variables: 6
ℹ - K-fold: 6

ℹ 0. Setting up path...
! Running simplified-uncertainty...

ℹ 1. Fitting model...
ℹ Preparing training set for HMSC...
ℹ Creation of Hmsc object without random effects...
✔ Created Hmsc object!

ℹ Started fitting at: 2026-09-02 17:52:29.485517
! Cannot display fitting progress when running chains in parallel.
! Set `allow_parallel` to `FALSE` to see progress.
ℹ Completed fitting at: 2026-09-02 17:52:42.39957
ℹ Time elapsed: 12.91
ℹ Saving model...
✔ Model saved!

ℹ 2. Convergence diagnostics...
ℹ *** [Parameter: Beta] ***
ℹ Computation of traceplots, can take some time...
ℹ Traceplots saved!
ℹ -> Effective size:
ℹ 146 (88.48%) are good, 19 (11.52%) are acceptable and 0 (0%) are bad.
ℹ -> Gelman-Rubin convergence diagnostic:
ℹ 164 (99.39%) are good, 1 (0.61%) are acceptable and 0 (0%) are bad.
ℹ -> Autocorrelation:
ℹ [Lag 20]:
ℹ 157 (95.15%) are good and 8 (4.85%) are bad.
ℹ [Lag 50]:
ℹ 162 (98.18%) are good and 3 (1.82%) are bad.

ℹ 3. Performance evaluation...
ℹ Computing training scores...
ℹ Computing testing scores...
ℹ Saving scores...
✔ Scores saved!

ℹ 4. Associations...
✔ Model ran without errors!

! ----- Running loop: 183/320 -----
ℹ - Random effect: none
ℹ - Strategy: gap-filling
ℹ - New samples: 0
ℹ - Train size: 125
ℹ - N variables: 6
ℹ - K-fold: 6

ℹ 0. Setting up path...
! n_new_samples is '0' but strategy is 'gap-filling'. Overwriting with strategy = 'none' to avoid errors.
ℹ Model already fitted! Skipping...

! ----- Running loop: 184/320 -----
ℹ - Random effect: none
ℹ - Strategy: gap-filling
ℹ - New samples: 10
ℹ - Train size: 125
ℹ - N variables: 6
ℹ - K-fold: 6

ℹ 0. Setting up path...
ℹ Searching for the most distant points...

ℹ 1. Fitting model...
ℹ Preparing training set for HMSC...
ℹ Creation of Hmsc object without random effects...
✔ Created Hmsc object!

ℹ Started fitting at: 2026-09-02 17:53:38.040788
! Cannot display fitting progress when running chains in parallel.
! Set `allow_parallel` to `FALSE` to see progress.
ℹ Completed fitting at: 2026-09-02 17:53:45.899821
ℹ Time elapsed: 7.86
ℹ Saving model...
✔ Model saved!

ℹ 2. Convergence diagnostics...
ℹ *** [Parameter: Beta] ***
ℹ Computation of traceplots, can take some time...
ℹ Traceplots saved!
ℹ -> Effective size:
ℹ 131 (79.39%) are good, 34 (20.61%) are acceptable and 0 (0%) are bad.
ℹ -> Gelman-Rubin convergence diagnostic:
ℹ 165 (100%) are good, 0 (0%) are acceptable and 0 (0%) are bad.
ℹ -> Autocorrelation:
ℹ [Lag 20]:
ℹ 136 (82.42%) are good and 29 (17.58%) are bad.
ℹ [Lag 50]:
ℹ 164 (99.39%) are good and 1 (0.61%) are bad.

ℹ 3. Performance evaluation...
ℹ Computing training scores...
ℹ Computing testing scores...
ℹ Saving scores...
✔ Scores saved!

ℹ 4. Associations...
✔ Model ran without errors!

! ----- Running loop: 185/320 -----
ℹ - Random effect: none
ℹ - Strategy: gap-filling
ℹ - New samples: 25
ℹ - Train size: 125
ℹ - N variables: 6
ℹ - K-fold: 6

ℹ 0. Setting up path...
ℹ Searching for the most distant points...

ℹ 1. Fitting model...
ℹ Preparing training set for HMSC...
ℹ Creation of Hmsc object without random effects...
✔ Created Hmsc object!

ℹ Started fitting at: 2026-09-02 17:54:41.261202
! Cannot display fitting progress when running chains in parallel.
! Set `allow_parallel` to `FALSE` to see progress.
ℹ Completed fitting at: 2026-09-02 17:54:54.001424
ℹ Time elapsed: 12.74
ℹ Saving model...
✔ Model saved!

ℹ 2. Convergence diagnostics...
ℹ *** [Parameter: Beta] ***
ℹ Computation of traceplots, can take some time...
ℹ Traceplots saved!
ℹ -> Effective size:
ℹ 135 (81.82%) are good, 29 (17.58%) are acceptable and 1 (0.61%) are bad.
ℹ -> Gelman-Rubin convergence diagnostic:
ℹ 161 (97.58%) are good, 3 (1.82%) are acceptable and 1 (0.61%) are bad.
ℹ -> Autocorrelation:
ℹ [Lag 20]:
ℹ 132 (80%) are good and 33 (20%) are bad.
ℹ [Lag 50]:
ℹ 162 (98.18%) are good and 3 (1.82%) are bad.

ℹ 3. Performance evaluation...
ℹ Computing training scores...
ℹ Computing testing scores...
ℹ Saving scores...
✔ Scores saved!

ℹ 4. Associations...
✔ Model ran without errors!

! ----- Running loop: 186/320 -----
ℹ - Random effect: none
ℹ - Strategy: gap-filling
ℹ - New samples: 100
ℹ - Train size: 125
ℹ - N variables: 6
ℹ - K-fold: 6

ℹ 0. Setting up path...
ℹ Searching for the most distant points...

ℹ 1. Fitting model...
ℹ Preparing training set for HMSC...
ℹ Creation of Hmsc object without random effects...
✔ Created Hmsc object!

ℹ Started fitting at: 2026-09-02 17:55:55.525655
! Cannot display fitting progress when running chains in parallel.
! Set `allow_parallel` to `FALSE` to see progress.
ℹ Completed fitting at: 2026-09-02 17:56:03.862561
ℹ Time elapsed: 8.34
ℹ Saving model...
✔ Model saved!

ℹ 2. Convergence diagnostics...
ℹ *** [Parameter: Beta] ***
ℹ Computation of traceplots, can take some time...
ℹ Traceplots saved!
ℹ -> Effective size:
ℹ 137 (83.03%) are good, 28 (16.97%) are acceptable and 0 (0%) are bad.
ℹ -> Gelman-Rubin convergence diagnostic:
ℹ 165 (100%) are good, 0 (0%) are acceptable and 0 (0%) are bad.
ℹ -> Autocorrelation:
ℹ [Lag 20]:
ℹ 141 (85.45%) are good and 24 (14.55%) are bad.
ℹ [Lag 50]:
ℹ 162 (98.18%) are good and 3 (1.82%) are bad.

ℹ 3. Performance evaluation...
ℹ Computing training scores...
ℹ Computing testing scores...
ℹ Saving scores...
✔ Scores saved!

ℹ 4. Associations...
✔ Model ran without errors!

! ----- Running loop: 187/320 -----
ℹ - Random effect: none
ℹ - Strategy: gap-filling
ℹ - New samples: 150
ℹ - Train size: 125
ℹ - N variables: 6
ℹ - K-fold: 6

ℹ 0. Setting up path...
ℹ Searching for the most distant points...

ℹ 1. Fitting model...
ℹ Preparing training set for HMSC...
ℹ Creation of Hmsc object without random effects...
✔ Created Hmsc object!

ℹ Started fitting at: 2026-09-02 17:57:13.050407
! Cannot display fitting progress when running chains in parallel.
! Set `allow_parallel` to `FALSE` to see progress.
ℹ Completed fitting at: 2026-09-02 17:57:21.413978
ℹ Time elapsed: 8.36
ℹ Saving model...
✔ Model saved!

ℹ 2. Convergence diagnostics...
ℹ *** [Parameter: Beta] ***
ℹ Computation of traceplots, can take some time...
ℹ Traceplots saved!
ℹ -> Effective size:
ℹ 138 (83.64%) are good, 27 (16.36%) are acceptable and 0 (0%) are bad.
ℹ -> Gelman-Rubin convergence diagnostic:
ℹ 164 (99.39%) are good, 0 (0%) are acceptable and 1 (0.61%) are bad.
ℹ -> Autocorrelation:
ℹ [Lag 20]:
ℹ 144 (87.27%) are good and 21 (12.73%) are bad.
ℹ [Lag 50]:
ℹ 163 (98.79%) are good and 2 (1.21%) are bad.

ℹ 3. Performance evaluation...
ℹ Computing training scores...
ℹ Computing testing scores...
ℹ Saving scores...
✔ Scores saved!

ℹ 4. Associations...
✔ Model ran without errors!

! ----- Running loop: 188/320 -----
ℹ - Random effect: none
ℹ - Strategy: 3-part-simplified-uncertainty
ℹ - New samples: 0
ℹ - Train size: 125
ℹ - N variables: 6
ℹ - K-fold: 6

ℹ 0. Setting up path...
! n_new_samples is '0' but strategy is '3-part-simplified-uncertainty'. Overwriting with strategy = 'none' to avoid errors.
ℹ Model already fitted! Skipping...

! ----- Running loop: 189/320 -----
ℹ - Random effect: none
ℹ - Strategy: 3-part-simplified-uncertainty
ℹ - New samples: 10
ℹ - Train size: 125
ℹ - N variables: 6
ℹ - K-fold: 6

ℹ 0. Setting up path...
! Running simplified-uncertainty...

ℹ 1. Fitting model...
ℹ Preparing training set for HMSC...
ℹ Creation of Hmsc object without random effects...
✔ Created Hmsc object!

ℹ Started fitting at: 2026-09-02 17:58:18.281579
! Cannot display fitting progress when running chains in parallel.
! Set `allow_parallel` to `FALSE` to see progress.
ℹ Completed fitting at: 2026-09-02 17:58:25.499685
ℹ Time elapsed: 7.22
ℹ Saving model...
✔ Model saved!

! Running simplified-uncertainty...

ℹ 1. Fitting model...
ℹ Preparing training set for HMSC...
ℹ Creation of Hmsc object without random effects...
✔ Created Hmsc object!

ℹ Started fitting at: 2026-09-02 17:58:28.939641
! Cannot display fitting progress when running chains in parallel.
! Set `allow_parallel` to `FALSE` to see progress.
ℹ Completed fitting at: 2026-09-02 17:58:36.122736
ℹ Time elapsed: 7.18
ℹ Saving model...
✔ Model saved!

! Running simplified-uncertainty...

ℹ 1. Fitting model...
ℹ Preparing training set for HMSC...
ℹ Creation of Hmsc object without random effects...
✔ Created Hmsc object!

ℹ Started fitting at: 2026-09-02 17:58:39.53486
! Cannot display fitting progress when running chains in parallel.
! Set `allow_parallel` to `FALSE` to see progress.
ℹ Completed fitting at: 2026-09-02 17:58:52.096064
ℹ Time elapsed: 12.56
ℹ Saving model...
✔ Model saved!

ℹ 2. Convergence diagnostics...
ℹ *** [Parameter: Beta] ***
ℹ Computation of traceplots, can take some time...
ℹ Traceplots saved!
ℹ -> Effective size:
ℹ 129 (78.18%) are good, 35 (21.21%) are acceptable and 1 (0.61%) are bad.
ℹ -> Gelman-Rubin convergence diagnostic:
ℹ 165 (100%) are good, 0 (0%) are acceptable and 0 (0%) are bad.
ℹ -> Autocorrelation:
ℹ [Lag 20]:
ℹ 141 (85.45%) are good and 24 (14.55%) are bad.
ℹ [Lag 50]:
ℹ 164 (99.39%) are good and 1 (0.61%) are bad.

ℹ 3. Performance evaluation...
ℹ Computing training scores...
ℹ Computing testing scores...
ℹ Saving scores...
✔ Scores saved!

ℹ 4. Associations...
✔ Model ran without errors!

! ----- Running loop: 190/320 -----
ℹ - Random effect: none
ℹ - Strategy: 3-part-simplified-uncertainty
ℹ - New samples: 25
ℹ - Train size: 125
ℹ - N variables: 6
ℹ - K-fold: 6

ℹ 0. Setting up path...
! Running simplified-uncertainty...

ℹ 1. Fitting model...
ℹ Preparing training set for HMSC...
ℹ Creation of Hmsc object without random effects...
✔ Created Hmsc object!

ℹ Started fitting at: 2026-09-02 17:59:48.256629
! Cannot display fitting progress when running chains in parallel.
! Set `allow_parallel` to `FALSE` to see progress.
ℹ Completed fitting at: 2026-09-02 17:59:56.273184
ℹ Time elapsed: 8.02
ℹ Saving model...
✔ Model saved!

! Running simplified-uncertainty...

ℹ 1. Fitting model...
ℹ Preparing training set for HMSC...
ℹ Creation of Hmsc object without random effects...
✔ Created Hmsc object!

ℹ Started fitting at: 2026-09-02 17:59:59.656378
! Cannot display fitting progress when running chains in parallel.
! Set `allow_parallel` to `FALSE` to see progress.
ℹ Completed fitting at: 2026-09-02 18:00:12.29004
ℹ Time elapsed: 12.63
ℹ Saving model...
✔ Model saved!

! Running simplified-uncertainty...

ℹ 1. Fitting model...
ℹ Preparing training set for HMSC...
ℹ Creation of Hmsc object without random effects...
✔ Created Hmsc object!

ℹ Started fitting at: 2026-09-02 18:00:15.65767
! Cannot display fitting progress when running chains in parallel.
! Set `allow_parallel` to `FALSE` to see progress.
ℹ Completed fitting at: 2026-09-02 18:00:23.26568
ℹ Time elapsed: 7.61
ℹ Saving model...
✔ Model saved!

ℹ 2. Convergence diagnostics...
ℹ *** [Parameter: Beta] ***
ℹ Computation of traceplots, can take some time...
ℹ Traceplots saved!
ℹ -> Effective size:
ℹ 137 (83.03%) are good, 26 (15.76%) are acceptable and 2 (1.21%) are bad.
ℹ -> Gelman-Rubin convergence diagnostic:
ℹ 154 (93.33%) are good, 5 (3.03%) are acceptable and 6 (3.64%) are bad.
ℹ -> Autocorrelation:
ℹ [Lag 20]:
ℹ 141 (85.45%) are good and 24 (14.55%) are bad.
ℹ [Lag 50]:
ℹ 154 (93.33%) are good and 11 (6.67%) are bad.

ℹ 3. Performance evaluation...
ℹ Computing training scores...
ℹ Computing testing scores...
ℹ Saving scores...
✔ Scores saved!

ℹ 4. Associations...
✔ Model ran without errors!

! ----- Running loop: 191/320 -----
ℹ - Random effect: none
ℹ - Strategy: 3-part-simplified-uncertainty
ℹ - New samples: 100
ℹ - Train size: 125
ℹ - N variables: 6
ℹ - K-fold: 6

ℹ 0. Setting up path...
! Running simplified-uncertainty...

ℹ 1. Fitting model...
ℹ Preparing training set for HMSC...
ℹ Creation of Hmsc object without random effects...
✔ Created Hmsc object!

ℹ Started fitting at: 2026-09-02 18:01:19.293571
! Cannot display fitting progress when running chains in parallel.
! Set `allow_parallel` to `FALSE` to see progress.
ℹ Completed fitting at: 2026-09-02 18:01:42.328624
ℹ Time elapsed: 23.04
ℹ Saving model...
✔ Model saved!

! Running simplified-uncertainty...

ℹ 1. Fitting model...
ℹ Preparing training set for HMSC...
ℹ Creation of Hmsc object without random effects...
✔ Created Hmsc object!

ℹ Started fitting at: 2026-09-02 18:01:45.717045
! Cannot display fitting progress when running chains in parallel.
! Set `allow_parallel` to `FALSE` to see progress.
ℹ Completed fitting at: 2026-09-02 18:01:53.530924
ℹ Time elapsed: 7.81
ℹ Saving model...
✔ Model saved!

! Running simplified-uncertainty...

ℹ 1. Fitting model...
ℹ Preparing training set for HMSC...
ℹ Creation of Hmsc object without random effects...
✔ Created Hmsc object!

ℹ Started fitting at: 2026-09-02 18:01:56.911196
! Cannot display fitting progress when running chains in parallel.
! Set `allow_parallel` to `FALSE` to see progress.
ℹ Completed fitting at: 2026-09-02 18:02:09.53639
ℹ Time elapsed: 12.63
ℹ Saving model...
✔ Model saved!

ℹ 2. Convergence diagnostics...
ℹ *** [Parameter: Beta] ***
ℹ Computation of traceplots, can take some time...
ℹ Traceplots saved!
ℹ -> Effective size:
ℹ 143 (86.67%) are good, 21 (12.73%) are acceptable and 1 (0.61%) are bad.
ℹ -> Gelman-Rubin convergence diagnostic:
ℹ 164 (99.39%) are good, 1 (0.61%) are acceptable and 0 (0%) are bad.
ℹ -> Autocorrelation:
ℹ [Lag 20]:
ℹ 148 (89.7%) are good and 17 (10.3%) are bad.
ℹ [Lag 50]:
ℹ 161 (97.58%) are good and 4 (2.42%) are bad.

ℹ 3. Performance evaluation...
ℹ Computing training scores...
ℹ Computing testing scores...
ℹ Saving scores...
✔ Scores saved!

ℹ 4. Associations...
✔ Model ran without errors!

! ----- Running loop: 192/320 -----
ℹ - Random effect: none
ℹ - Strategy: 3-part-simplified-uncertainty
ℹ - New samples: 150
ℹ - Train size: 125
ℹ - N variables: 6
ℹ - K-fold: 6

ℹ 0. Setting up path...
! Running simplified-uncertainty...

ℹ 1. Fitting model...
ℹ Preparing training set for HMSC...
ℹ Creation of Hmsc object without random effects...
✔ Created Hmsc object!

ℹ Started fitting at: 2026-09-02 18:03:06.063345
! Cannot display fitting progress when running chains in parallel.
! Set `allow_parallel` to `FALSE` to see progress.
ℹ Completed fitting at: 2026-09-02 18:03:14.06362
ℹ Time elapsed: 8
ℹ Saving model...
✔ Model saved!

! Running simplified-uncertainty...

ℹ 1. Fitting model...
ℹ Preparing training set for HMSC...
ℹ Creation of Hmsc object without random effects...
✔ Created Hmsc object!

ℹ Started fitting at: 2026-09-02 18:03:17.471941
! Cannot display fitting progress when running chains in parallel.
! Set `allow_parallel` to `FALSE` to see progress.
ℹ Completed fitting at: 2026-09-02 18:03:25.223031
ℹ Time elapsed: 7.75
ℹ Saving model...
✔ Model saved!

! Running simplified-uncertainty...

ℹ 1. Fitting model...
ℹ Preparing training set for HMSC...
ℹ Creation of Hmsc object without random effects...
✔ Created Hmsc object!

ℹ Started fitting at: 2026-09-02 18:03:28.559704
! Cannot display fitting progress when running chains in parallel.
! Set `allow_parallel` to `FALSE` to see progress.
ℹ Completed fitting at: 2026-09-02 18:03:36.475157
ℹ Time elapsed: 7.92
ℹ Saving model...
✔ Model saved!

ℹ 2. Convergence diagnostics...
ℹ *** [Parameter: Beta] ***
ℹ Computation of traceplots, can take some time...
ℹ Traceplots saved!
ℹ -> Effective size:
ℹ 135 (81.82%) are good, 28 (16.97%) are acceptable and 2 (1.21%) are bad.
ℹ -> Gelman-Rubin convergence diagnostic:
ℹ 161 (97.58%) are good, 2 (1.21%) are acceptable and 2 (1.21%) are bad.
ℹ -> Autocorrelation:
ℹ [Lag 20]:
ℹ 136 (82.42%) are good and 29 (17.58%) are bad.
ℹ [Lag 50]:
ℹ 160 (96.97%) are good and 5 (3.03%) are bad.

ℹ 3. Performance evaluation...
ℹ Computing training scores...
ℹ Computing testing scores...
ℹ Saving scores...
✔ Scores saved!

ℹ 4. Associations...
✔ Model ran without errors!

! ----- Running loop: 193/320 -----
ℹ - Random effect: none
ℹ - Strategy: none
ℹ - New samples: 0
ℹ - Train size: 15
ℹ - N variables: 6
ℹ - K-fold: 7

ℹ 0. Setting up path...

ℹ 1. Fitting model...
ℹ Preparing training set for HMSC...
ℹ Creation of Hmsc object without random effects...
✔ Created Hmsc object!

ℹ Started fitting at: 2026-09-02 18:04:30.60571
! Cannot display fitting progress when running chains in parallel.
! Set `allow_parallel` to `FALSE` to see progress.
ℹ Completed fitting at: 2026-09-02 18:04:42.344865
ℹ Time elapsed: 11.74
ℹ Saving model...
✔ Model saved!

ℹ 2. Convergence diagnostics...
ℹ *** [Parameter: Beta] ***
ℹ Computation of traceplots, can take some time...
ℹ Traceplots saved!
ℹ -> Effective size:
ℹ 60 (36.36%) are good, 104 (63.03%) are acceptable and 1 (0.61%) are bad.
ℹ -> Gelman-Rubin convergence diagnostic:
ℹ 124 (75.15%) are good, 30 (18.18%) are acceptable and 11 (6.67%) are bad.
ℹ -> Autocorrelation:
ℹ [Lag 20]:
ℹ 52 (31.52%) are good and 113 (68.48%) are bad.
ℹ [Lag 50]:
ℹ 123 (74.55%) are good and 42 (25.45%) are bad.

ℹ 3. Performance evaluation...
ℹ Computing training scores...
ℹ Computing testing scores...
ℹ Saving scores...
✔ Scores saved!

ℹ 4. Associations...
✔ Model ran without errors!

! ----- Running loop: 194/320 -----
ℹ - Random effect: none
ℹ - Strategy: none
ℹ - New samples: 0
ℹ - Train size: 25
ℹ - N variables: 6
ℹ - K-fold: 7

ℹ 0. Setting up path...

ℹ 1. Fitting model...
ℹ Preparing training set for HMSC...
ℹ Creation of Hmsc object without random effects...
✔ Created Hmsc object!

ℹ Started fitting at: 2026-09-02 18:05:16.189508
! Cannot display fitting progress when running chains in parallel.
! Set `allow_parallel` to `FALSE` to see progress.
ℹ Completed fitting at: 2026-09-02 18:05:33.543776
ℹ Time elapsed: 17.35
ℹ Saving model...
✔ Model saved!

ℹ 2. Convergence diagnostics...
ℹ *** [Parameter: Beta] ***
ℹ Computation of traceplots, can take some time...
ℹ Traceplots saved!
ℹ -> Effective size:
ℹ 72 (43.64%) are good, 93 (56.36%) are acceptable and 0 (0%) are bad.
ℹ -> Gelman-Rubin convergence diagnostic:
ℹ 145 (87.88%) are good, 15 (9.09%) are acceptable and 5 (3.03%) are bad.
ℹ -> Autocorrelation:
ℹ [Lag 20]:
ℹ 69 (41.82%) are good and 96 (58.18%) are bad.
ℹ [Lag 50]:
ℹ 154 (93.33%) are good and 11 (6.67%) are bad.

ℹ 3. Performance evaluation...
ℹ Computing training scores...
ℹ Computing testing scores...
ℹ Saving scores...
✔ Scores saved!

ℹ 4. Associations...
✔ Model ran without errors!

! ----- Running loop: 195/320 -----
ℹ - Random effect: none
ℹ - Strategy: none
ℹ - New samples: 0
ℹ - Train size: 50
ℹ - N variables: 6
ℹ - K-fold: 7

ℹ 0. Setting up path...

ℹ 1. Fitting model...
ℹ Preparing training set for HMSC...
ℹ Creation of Hmsc object without random effects...
✔ Created Hmsc object!

ℹ Started fitting at: 2026-09-02 18:06:06.262418
! Cannot display fitting progress when running chains in parallel.
! Set `allow_parallel` to `FALSE` to see progress.
ℹ Completed fitting at: 2026-09-02 18:06:13.231977
ℹ Time elapsed: 6.97
ℹ Saving model...
✔ Model saved!

ℹ 2. Convergence diagnostics...
ℹ *** [Parameter: Beta] ***
ℹ Computation of traceplots, can take some time...
ℹ Traceplots saved!
ℹ -> Effective size:
ℹ 144 (87.27%) are good, 21 (12.73%) are acceptable and 0 (0%) are bad.
ℹ -> Gelman-Rubin convergence diagnostic:
ℹ 165 (100%) are good, 0 (0%) are acceptable and 0 (0%) are bad.
ℹ -> Autocorrelation:
ℹ [Lag 20]:
ℹ 149 (90.3%) are good and 16 (9.7%) are bad.
ℹ [Lag 50]:
ℹ 165 (100%) are good and 0 (0%) are bad.

ℹ 3. Performance evaluation...
ℹ Computing training scores...
ℹ Computing testing scores...
ℹ Saving scores...
✔ Scores saved!

ℹ 4. Associations...
✔ Model ran without errors!

! ----- Running loop: 196/320 -----
ℹ - Random effect: none
ℹ - Strategy: none
ℹ - New samples: 0
ℹ - Train size: 75
ℹ - N variables: 6
ℹ - K-fold: 7

ℹ 0. Setting up path...

ℹ 1. Fitting model...
ℹ Preparing training set for HMSC...
ℹ Creation of Hmsc object without random effects...
✔ Created Hmsc object!

ℹ Started fitting at: 2026-09-02 18:06:46.016714
! Cannot display fitting progress when running chains in parallel.
! Set `allow_parallel` to `FALSE` to see progress.
ℹ Completed fitting at: 2026-09-02 18:06:52.923031
ℹ Time elapsed: 6.91
ℹ Saving model...
✔ Model saved!

ℹ 2. Convergence diagnostics...
ℹ *** [Parameter: Beta] ***
ℹ Computation of traceplots, can take some time...
ℹ Traceplots saved!
ℹ -> Effective size:
ℹ 140 (84.85%) are good, 25 (15.15%) are acceptable and 0 (0%) are bad.
ℹ -> Gelman-Rubin convergence diagnostic:
ℹ 162 (98.18%) are good, 3 (1.82%) are acceptable and 0 (0%) are bad.
ℹ -> Autocorrelation:
ℹ [Lag 20]:
ℹ 139 (84.24%) are good and 26 (15.76%) are bad.
ℹ [Lag 50]:
ℹ 165 (100%) are good and 0 (0%) are bad.

ℹ 3. Performance evaluation...
ℹ Computing training scores...
ℹ Computing testing scores...
ℹ Saving scores...
✔ Scores saved!

ℹ 4. Associations...
✔ Model ran without errors!

! ----- Running loop: 197/320 -----
ℹ - Random effect: none
ℹ - Strategy: none
ℹ - New samples: 0
ℹ - Train size: 100
ℹ - N variables: 6
ℹ - K-fold: 7

ℹ 0. Setting up path...

ℹ 1. Fitting model...
ℹ Preparing training set for HMSC...
ℹ Creation of Hmsc object without random effects...
✔ Created Hmsc object!

ℹ Started fitting at: 2026-09-02 18:07:25.989771
! Cannot display fitting progress when running chains in parallel.
! Set `allow_parallel` to `FALSE` to see progress.
ℹ Completed fitting at: 2026-09-02 18:07:32.992213
ℹ Time elapsed: 7
ℹ Saving model...
✔ Model saved!

ℹ 2. Convergence diagnostics...
ℹ *** [Parameter: Beta] ***
ℹ Computation of traceplots, can take some time...
ℹ Traceplots saved!
ℹ -> Effective size:
ℹ 146 (88.48%) are good, 19 (11.52%) are acceptable and 0 (0%) are bad.
ℹ -> Gelman-Rubin convergence diagnostic:
ℹ 164 (99.39%) are good, 1 (0.61%) are acceptable and 0 (0%) are bad.
ℹ -> Autocorrelation:
ℹ [Lag 20]:
ℹ 150 (90.91%) are good and 15 (9.09%) are bad.
ℹ [Lag 50]:
ℹ 165 (100%) are good and 0 (0%) are bad.

ℹ 3. Performance evaluation...
ℹ Computing training scores...
ℹ Computing testing scores...
ℹ Saving scores...
✔ Scores saved!

ℹ 4. Associations...
✔ Model ran without errors!

! ----- Running loop: 198/320 -----
ℹ - Random effect: none
ℹ - Strategy: none
ℹ - New samples: 0
ℹ - Train size: 125
ℹ - N variables: 6
ℹ - K-fold: 7

ℹ 0. Setting up path...

ℹ 1. Fitting model...
ℹ Preparing training set for HMSC...
ℹ Creation of Hmsc object without random effects...
✔ Created Hmsc object!

ℹ Started fitting at: 2026-09-02 18:08:06.255459
! Cannot display fitting progress when running chains in parallel.
! Set `allow_parallel` to `FALSE` to see progress.
ℹ Completed fitting at: 2026-09-02 18:08:13.730434
ℹ Time elapsed: 7.47
ℹ Saving model...
✔ Model saved!

ℹ 2. Convergence diagnostics...
ℹ *** [Parameter: Beta] ***
ℹ Computation of traceplots, can take some time...
ℹ Traceplots saved!
ℹ -> Effective size:
ℹ 141 (85.45%) are good, 24 (14.55%) are acceptable and 0 (0%) are bad.
ℹ -> Gelman-Rubin convergence diagnostic:
ℹ 164 (99.39%) are good, 1 (0.61%) are acceptable and 0 (0%) are bad.
ℹ -> Autocorrelation:
ℹ [Lag 20]:
ℹ 141 (85.45%) are good and 24 (14.55%) are bad.
ℹ [Lag 50]:
ℹ 163 (98.79%) are good and 2 (1.21%) are bad.

ℹ 3. Performance evaluation...
ℹ Computing training scores...
ℹ Computing testing scores...
ℹ Saving scores...
✔ Scores saved!

ℹ 4. Associations...
✔ Model ran without errors!

! ----- Running loop: 199/320 -----
ℹ - Random effect: carres
ℹ - Strategy: none
ℹ - New samples: 0
ℹ - Train size: 125
ℹ - N variables: 6
ℹ - K-fold: 7

ℹ 0. Setting up path...

ℹ 1. Fitting model...
ℹ Preparing training set for HMSC...
ℹ Creation of Hmsc object with 'units' effect...
✔ Created Hmsc object!

ℹ Started fitting at: 2026-09-02 18:08:47.250016
! Cannot display fitting progress when running chains in parallel.
! Set `allow_parallel` to `FALSE` to see progress.
ℹ Completed fitting at: 2026-09-02 18:09:09.813833
ℹ Time elapsed: 22.56
ℹ Saving model...
✔ Model saved!

ℹ 2. Convergence diagnostics...
ℹ *** [Parameter: Beta] ***
ℹ Computation of traceplots, can take some time...
ℹ Traceplots saved!
ℹ -> Effective size:
ℹ 139 (84.24%) are good, 26 (15.76%) are acceptable and 0 (0%) are bad.
ℹ -> Gelman-Rubin convergence diagnostic:
ℹ 159 (96.36%) are good, 5 (3.03%) are acceptable and 1 (0.61%) are bad.
ℹ -> Autocorrelation:
ℹ [Lag 20]:
ℹ 145 (87.88%) are good and 20 (12.12%) are bad.
ℹ [Lag 50]:
ℹ 165 (100%) are good and 0 (0%) are bad.
ℹ *** [Parameter: Omega] ***
ℹ Computation of traceplots, can take some time...
ℹ Traceplots saved!
ℹ -> Effective size:
ℹ 172 (76.44%) are good, 53 (23.56%) are acceptable and 0 (0%) are bad.
ℹ -> Gelman-Rubin convergence diagnostic:
ℹ 194 (86.22%) are good, 26 (11.56%) are acceptable and 5 (2.22%) are bad.
ℹ -> Autocorrelation:
ℹ [Lag 20]:
ℹ 200 (88.89%) are good and 25 (11.11%) are bad.
ℹ [Lag 50]:
ℹ 223 (99.11%) are good and 2 (0.89%) are bad.

ℹ 3. Performance evaluation...
ℹ Computing training scores...
ℹ Computing testing scores...
ℹ Saving scores...
✔ Scores saved!

ℹ 4. Associations...
✔ Model ran without errors!

! ----- Running loop: 200/320 -----
ℹ - Random effect: spatial
ℹ - Strategy: none
ℹ - New samples: 0
ℹ - Train size: 125
ℹ - N variables: 6
ℹ - K-fold: 7

ℹ 0. Setting up path...

ℹ 1. Fitting model...
ℹ Preparing training set for HMSC...
ℹ Creation of Hmsc object with 'spatial' effect...
✔ Created Hmsc object!

ℹ Started fitting at: 2026-09-02 18:10:10.10426
! Cannot display fitting progress when running chains in parallel.
! Set `allow_parallel` to `FALSE` to see progress.
ℹ Completed fitting at: 2026-09-02 18:10:48.16721
ℹ Time elapsed: 38.06
ℹ Saving model...
✔ Model saved!

ℹ 2. Convergence diagnostics...
ℹ *** [Parameter: Beta] ***
ℹ Computation of traceplots, can take some time...
ℹ Traceplots saved!
ℹ -> Effective size:
ℹ 143 (86.67%) are good, 22 (13.33%) are acceptable and 0 (0%) are bad.
ℹ -> Gelman-Rubin convergence diagnostic:
ℹ 165 (100%) are good, 0 (0%) are acceptable and 0 (0%) are bad.
ℹ -> Autocorrelation:
ℹ [Lag 20]:
ℹ 150 (90.91%) are good and 15 (9.09%) are bad.
ℹ [Lag 50]:
ℹ 165 (100%) are good and 0 (0%) are bad.
ℹ *** [Parameter: Omega] ***
ℹ Computation of traceplots, can take some time...
ℹ Traceplots saved!
ℹ -> Effective size:
ℹ 144 (64%) are good, 81 (36%) are acceptable and 0 (0%) are bad.
ℹ -> Gelman-Rubin convergence diagnostic:
ℹ 179 (79.56%) are good, 36 (16%) are acceptable and 10 (4.44%) are bad.
ℹ -> Autocorrelation:
ℹ [Lag 20]:
ℹ 146 (64.89%) are good and 79 (35.11%) are bad.
ℹ [Lag 50]:
ℹ 216 (96%) are good and 9 (4%) are bad.

ℹ 3. Performance evaluation...
ℹ Computing training scores...
ℹ Computing testing scores...
ℹ Saving scores...
✔ Scores saved!

ℹ 4. Associations...
✔ Model ran without errors!

! ----- Running loop: 201/320 -----
ℹ - Random effect: none
ℹ - Strategy: none
ℹ - New samples: 0
ℹ - Train size: 125
ℹ - N variables: 4
ℹ - K-fold: 7

ℹ 0. Setting up path...

ℹ 1. Fitting model...
ℹ Preparing training set for HMSC...
ℹ Creation of Hmsc object without random effects...
✔ Created Hmsc object!

ℹ Started fitting at: 2026-09-02 18:12:55.812573
! Cannot display fitting progress when running chains in parallel.
! Set `allow_parallel` to `FALSE` to see progress.
ℹ Completed fitting at: 2026-09-02 18:13:07.528413
ℹ Time elapsed: 11.72
ℹ Saving model...
✔ Model saved!

ℹ 2. Convergence diagnostics...
ℹ *** [Parameter: Beta] ***
ℹ Computation of traceplots, can take some time...
ℹ Traceplots saved!
ℹ -> Effective size:
ℹ 117 (86.67%) are good, 18 (13.33%) are acceptable and 0 (0%) are bad.
ℹ -> Gelman-Rubin convergence diagnostic:
ℹ 133 (98.52%) are good, 2 (1.48%) are acceptable and 0 (0%) are bad.
ℹ -> Autocorrelation:
ℹ [Lag 20]:
ℹ 122 (90.37%) are good and 13 (9.63%) are bad.
ℹ [Lag 50]:
ℹ 130 (96.3%) are good and 5 (3.7%) are bad.

ℹ 3. Performance evaluation...
ℹ Computing training scores...
ℹ Computing testing scores...
ℹ Saving scores...
✔ Scores saved!

ℹ 4. Associations...
✔ Model ran without errors!

! ----- Running loop: 202/320 -----
ℹ - Random effect: none
ℹ - Strategy: none
ℹ - New samples: 0
ℹ - Train size: 125
ℹ - N variables: 3
ℹ - K-fold: 7

ℹ 0. Setting up path...

ℹ 1. Fitting model...
ℹ Preparing training set for HMSC...
ℹ Creation of Hmsc object without random effects...
✔ Created Hmsc object!

ℹ Started fitting at: 2026-09-02 18:13:35.371059
! Cannot display fitting progress when running chains in parallel.
! Set `allow_parallel` to `FALSE` to see progress.
ℹ Completed fitting at: 2026-09-02 18:13:42.322631
ℹ Time elapsed: 6.95
ℹ Saving model...
✔ Model saved!

ℹ 2. Convergence diagnostics...
ℹ *** [Parameter: Beta] ***
ℹ Computation of traceplots, can take some time...
ℹ Traceplots saved!
ℹ -> Effective size:
ℹ 107 (89.17%) are good, 13 (10.83%) are acceptable and 0 (0%) are bad.
ℹ -> Gelman-Rubin convergence diagnostic:
ℹ 117 (97.5%) are good, 3 (2.5%) are acceptable and 0 (0%) are bad.
ℹ -> Autocorrelation:
ℹ [Lag 20]:
ℹ 107 (89.17%) are good and 13 (10.83%) are bad.
ℹ [Lag 50]:
ℹ 119 (99.17%) are good and 1 (0.83%) are bad.

ℹ 3. Performance evaluation...
ℹ Computing training scores...
ℹ Computing testing scores...
ℹ Saving scores...
✔ Scores saved!

ℹ 4. Associations...
✔ Model ran without errors!

! ----- Running loop: 203/320 -----
ℹ - Random effect: none
ℹ - Strategy: none
ℹ - New samples: 0
ℹ - Train size: 125
ℹ - N variables: 2
ℹ - K-fold: 7

ℹ 0. Setting up path...

ℹ 1. Fitting model...
ℹ Preparing training set for HMSC...
ℹ Creation of Hmsc object without random effects...
✔ Created Hmsc object!

ℹ Started fitting at: 2026-09-02 18:14:08.152972
! Cannot display fitting progress when running chains in parallel.
! Set `allow_parallel` to `FALSE` to see progress.
ℹ Completed fitting at: 2026-09-02 18:14:20.199177
ℹ Time elapsed: 12.05
ℹ Saving model...
✔ Model saved!

ℹ 2. Convergence diagnostics...
ℹ *** [Parameter: Beta] ***
ℹ Computation of traceplots, can take some time...
ℹ Traceplots saved!
ℹ -> Effective size:
ℹ 93 (88.57%) are good, 12 (11.43%) are acceptable and 0 (0%) are bad.
ℹ -> Gelman-Rubin convergence diagnostic:
ℹ 105 (100%) are good, 0 (0%) are acceptable and 0 (0%) are bad.
ℹ -> Autocorrelation:
ℹ [Lag 20]:
ℹ 96 (91.43%) are good and 9 (8.57%) are bad.
ℹ [Lag 50]:
ℹ 105 (100%) are good and 0 (0%) are bad.

ℹ 3. Performance evaluation...
ℹ Computing training scores...
ℹ Computing testing scores...
ℹ Saving scores...
✔ Scores saved!

ℹ 4. Associations...
✔ Model ran without errors!

! ----- Running loop: 204/320 -----
ℹ - Random effect: none
ℹ - Strategy: none
ℹ - New samples: 50
ℹ - Train size: 125
ℹ - N variables: 6
ℹ - K-fold: 7

ℹ 0. Setting up path...
! Strategy is 'none' but n_new_samples is '50'. Overwriting with n_new_samples = '0' to avoid errors.
ℹ Model already fitted! Skipping...

! ----- Running loop: 205/320 -----
ℹ - Random effect: none
ℹ - Strategy: business-as-usual
ℹ - New samples: 50
ℹ - Train size: 125
ℹ - N variables: 6
ℹ - K-fold: 7

ℹ 0. Setting up path...
ℹ Pulling 50 new random samples...

ℹ 1. Fitting model...
ℹ Preparing training set for HMSC...
ℹ Creation of Hmsc object without random effects...
✔ Created Hmsc object!

ℹ Started fitting at: 2026-09-02 18:14:43.438313
! Cannot display fitting progress when running chains in parallel.
! Set `allow_parallel` to `FALSE` to see progress.
ℹ Completed fitting at: 2026-09-02 18:14:56.565491
ℹ Time elapsed: 13.13
ℹ Saving model...
✔ Model saved!

ℹ 2. Convergence diagnostics...
ℹ *** [Parameter: Beta] ***
ℹ Computation of traceplots, can take some time...
ℹ Traceplots saved!
ℹ -> Effective size:
ℹ 145 (87.88%) are good, 20 (12.12%) are acceptable and 0 (0%) are bad.
ℹ -> Gelman-Rubin convergence diagnostic:
ℹ 161 (97.58%) are good, 1 (0.61%) are acceptable and 3 (1.82%) are bad.
ℹ -> Autocorrelation:
ℹ [Lag 20]:
ℹ 147 (89.09%) are good and 18 (10.91%) are bad.
ℹ [Lag 50]:
ℹ 160 (96.97%) are good and 5 (3.03%) are bad.

ℹ 3. Performance evaluation...
ℹ Computing training scores...
ℹ Computing testing scores...
ℹ Saving scores...
✔ Scores saved!

ℹ 4. Associations...
✔ Model ran without errors!

! ----- Running loop: 206/320 -----
ℹ - Random effect: none
ℹ - Strategy: gap-filling
ℹ - New samples: 50
ℹ - Train size: 125
ℹ - N variables: 6
ℹ - K-fold: 7

ℹ 0. Setting up path...
ℹ Searching for the most distant points...

ℹ 1. Fitting model...
ℹ Preparing training set for HMSC...
ℹ Creation of Hmsc object without random effects...
✔ Created Hmsc object!

ℹ Started fitting at: 2026-09-02 18:15:56.110124
! Cannot display fitting progress when running chains in parallel.
! Set `allow_parallel` to `FALSE` to see progress.
ℹ Completed fitting at: 2026-09-02 18:16:09.051619
ℹ Time elapsed: 12.94
ℹ Saving model...
✔ Model saved!

ℹ 2. Convergence diagnostics...
ℹ *** [Parameter: Beta] ***
ℹ Computation of traceplots, can take some time...
ℹ Traceplots saved!
ℹ -> Effective size:
ℹ 140 (84.85%) are good, 25 (15.15%) are acceptable and 0 (0%) are bad.
ℹ -> Gelman-Rubin convergence diagnostic:
ℹ 160 (96.97%) are good, 3 (1.82%) are acceptable and 2 (1.21%) are bad.
ℹ -> Autocorrelation:
ℹ [Lag 20]:
ℹ 142 (86.06%) are good and 23 (13.94%) are bad.
ℹ [Lag 50]:
ℹ 163 (98.79%) are good and 2 (1.21%) are bad.

ℹ 3. Performance evaluation...
ℹ Computing training scores...
ℹ Computing testing scores...
ℹ Saving scores...
✔ Scores saved!

ℹ 4. Associations...
✔ Model ran without errors!

! ----- Running loop: 207/320 -----
ℹ - Random effect: none
ℹ - Strategy: simplified-uncertainty
ℹ - New samples: 50
ℹ - Train size: 125
ℹ - N variables: 6
ℹ - K-fold: 7

ℹ 0. Setting up path...
! Running simplified-uncertainty...

ℹ 1. Fitting model...
ℹ Preparing training set for HMSC...
ℹ Creation of Hmsc object without random effects...
✔ Created Hmsc object!

ℹ Started fitting at: 2026-09-02 18:17:06.196693
! Cannot display fitting progress when running chains in parallel.
! Set `allow_parallel` to `FALSE` to see progress.
ℹ Completed fitting at: 2026-09-02 18:17:13.802319
ℹ Time elapsed: 7.61
ℹ Saving model...
✔ Model saved!

ℹ 2. Convergence diagnostics...
ℹ *** [Parameter: Beta] ***
ℹ Computation of traceplots, can take some time...
ℹ Traceplots saved!
ℹ -> Effective size:
ℹ 149 (90.3%) are good, 16 (9.7%) are acceptable and 0 (0%) are bad.
ℹ -> Gelman-Rubin convergence diagnostic:
ℹ 164 (99.39%) are good, 1 (0.61%) are acceptable and 0 (0%) are bad.
ℹ -> Autocorrelation:
ℹ [Lag 20]:
ℹ 153 (92.73%) are good and 12 (7.27%) are bad.
ℹ [Lag 50]:
ℹ 163 (98.79%) are good and 2 (1.21%) are bad.

ℹ 3. Performance evaluation...
ℹ Computing training scores...
ℹ Computing testing scores...
ℹ Saving scores...
✔ Scores saved!

ℹ 4. Associations...
✔ Model ran without errors!

! ----- Running loop: 208/320 -----
ℹ - Random effect: none
ℹ - Strategy: 2-part-simplified-uncertainty
ℹ - New samples: 50
ℹ - Train size: 125
ℹ - N variables: 6
ℹ - K-fold: 7

ℹ 0. Setting up path...
! Running simplified-uncertainty...

ℹ 1. Fitting model...
ℹ Preparing training set for HMSC...
ℹ Creation of Hmsc object without random effects...
✔ Created Hmsc object!

ℹ Started fitting at: 2026-09-02 18:18:11.6291
! Cannot display fitting progress when running chains in parallel.
! Set `allow_parallel` to `FALSE` to see progress.
ℹ Completed fitting at: 2026-09-02 18:18:24.332052
ℹ Time elapsed: 12.7
ℹ Saving model...
✔ Model saved!

! Running simplified-uncertainty...

ℹ 1. Fitting model...
ℹ Preparing training set for HMSC...
ℹ Creation of Hmsc object without random effects...
✔ Created Hmsc object!

ℹ Started fitting at: 2026-09-02 18:18:27.8521
! Cannot display fitting progress when running chains in parallel.
! Set `allow_parallel` to `FALSE` to see progress.
ℹ Completed fitting at: 2026-09-02 18:18:40.564376
ℹ Time elapsed: 12.71
ℹ Saving model...
✔ Model saved!

ℹ 2. Convergence diagnostics...
ℹ *** [Parameter: Beta] ***
ℹ Computation of traceplots, can take some time...
ℹ Traceplots saved!
ℹ -> Effective size:
ℹ 134 (81.21%) are good, 31 (18.79%) are acceptable and 0 (0%) are bad.
ℹ -> Gelman-Rubin convergence diagnostic:
ℹ 162 (98.18%) are good, 3 (1.82%) are acceptable and 0 (0%) are bad.
ℹ -> Autocorrelation:
ℹ [Lag 20]:
ℹ 141 (85.45%) are good and 24 (14.55%) are bad.
ℹ [Lag 50]:
ℹ 158 (95.76%) are good and 7 (4.24%) are bad.

ℹ 3. Performance evaluation...
ℹ Computing training scores...
ℹ Computing testing scores...
ℹ Saving scores...
✔ Scores saved!

ℹ 4. Associations...
✔ Model ran without errors!

! ----- Running loop: 209/320 -----
ℹ - Random effect: none
ℹ - Strategy: 3-part-simplified-uncertainty
ℹ - New samples: 50
ℹ - Train size: 125
ℹ - N variables: 6
ℹ - K-fold: 7

ℹ 0. Setting up path...
! Running simplified-uncertainty...

ℹ 1. Fitting model...
ℹ Preparing training set for HMSC...
ℹ Creation of Hmsc object without random effects...
✔ Created Hmsc object!

ℹ Started fitting at: 2026-09-02 18:19:37.595692
! Cannot display fitting progress when running chains in parallel.
! Set `allow_parallel` to `FALSE` to see progress.
ℹ Completed fitting at: 2026-09-02 18:19:50.415487
ℹ Time elapsed: 12.82
ℹ Saving model...
✔ Model saved!

! Running simplified-uncertainty...

ℹ 1. Fitting model...
ℹ Preparing training set for HMSC...
ℹ Creation of Hmsc object without random effects...
✔ Created Hmsc object!

ℹ Started fitting at: 2026-09-02 18:19:53.863914
! Cannot display fitting progress when running chains in parallel.
! Set `allow_parallel` to `FALSE` to see progress.
ℹ Completed fitting at: 2026-09-02 18:20:01.28638
ℹ Time elapsed: 7.42
ℹ Saving model...
✔ Model saved!

! Running simplified-uncertainty...

ℹ 1. Fitting model...
ℹ Preparing training set for HMSC...
ℹ Creation of Hmsc object without random effects...
✔ Created Hmsc object!

ℹ Started fitting at: 2026-09-02 18:20:04.657516
! Cannot display fitting progress when running chains in parallel.
! Set `allow_parallel` to `FALSE` to see progress.
ℹ Completed fitting at: 2026-09-02 18:20:17.45873
ℹ Time elapsed: 12.8
ℹ Saving model...
✔ Model saved!

ℹ 2. Convergence diagnostics...
ℹ *** [Parameter: Beta] ***
ℹ Computation of traceplots, can take some time...
ℹ Traceplots saved!
ℹ -> Effective size:
ℹ 131 (79.39%) are good, 32 (19.39%) are acceptable and 2 (1.21%) are bad.
ℹ -> Gelman-Rubin convergence diagnostic:
ℹ 162 (98.18%) are good, 2 (1.21%) are acceptable and 1 (0.61%) are bad.
ℹ -> Autocorrelation:
ℹ [Lag 20]:
ℹ 140 (84.85%) are good and 25 (15.15%) are bad.
ℹ [Lag 50]:
ℹ 159 (96.36%) are good and 6 (3.64%) are bad.

ℹ 3. Performance evaluation...
ℹ Computing training scores...
ℹ Computing testing scores...
ℹ Saving scores...
✔ Scores saved!

ℹ 4. Associations...
✔ Model ran without errors!

! ----- Running loop: 210/320 -----
ℹ - Random effect: none
ℹ - Strategy: simplified-uncertainty
ℹ - New samples: 0
ℹ - Train size: 125
ℹ - N variables: 6
ℹ - K-fold: 7

ℹ 0. Setting up path...
! n_new_samples is '0' but strategy is 'simplified-uncertainty'. Overwriting with strategy = 'none' to avoid errors.
ℹ Model already fitted! Skipping...

! ----- Running loop: 211/320 -----
ℹ - Random effect: none
ℹ - Strategy: simplified-uncertainty
ℹ - New samples: 10
ℹ - Train size: 125
ℹ - N variables: 6
ℹ - K-fold: 7

ℹ 0. Setting up path...
! Running simplified-uncertainty...

ℹ 1. Fitting model...
ℹ Preparing training set for HMSC...
ℹ Creation of Hmsc object without random effects...
✔ Created Hmsc object!

ℹ Started fitting at: 2026-09-02 18:21:15.080432
! Cannot display fitting progress when running chains in parallel.
! Set `allow_parallel` to `FALSE` to see progress.
ℹ Completed fitting at: 2026-09-02 18:21:32.952139
ℹ Time elapsed: 17.87
ℹ Saving model...
✔ Model saved!

ℹ 2. Convergence diagnostics...
ℹ *** [Parameter: Beta] ***
ℹ Computation of traceplots, can take some time...
ℹ Traceplots saved!
ℹ -> Effective size:
ℹ 142 (86.06%) are good, 23 (13.94%) are acceptable and 0 (0%) are bad.
ℹ -> Gelman-Rubin convergence diagnostic:
ℹ 164 (99.39%) are good, 1 (0.61%) are acceptable and 0 (0%) are bad.
ℹ -> Autocorrelation:
ℹ [Lag 20]:
ℹ 149 (90.3%) are good and 16 (9.7%) are bad.
ℹ [Lag 50]:
ℹ 162 (98.18%) are good and 3 (1.82%) are bad.

ℹ 3. Performance evaluation...
ℹ Computing training scores...
ℹ Computing testing scores...
ℹ Saving scores...
✔ Scores saved!

ℹ 4. Associations...
✔ Model ran without errors!

! ----- Running loop: 212/320 -----
ℹ - Random effect: none
ℹ - Strategy: simplified-uncertainty
ℹ - New samples: 25
ℹ - Train size: 125
ℹ - N variables: 6
ℹ - K-fold: 7

ℹ 0. Setting up path...
! Running simplified-uncertainty...

ℹ 1. Fitting model...
ℹ Preparing training set for HMSC...
ℹ Creation of Hmsc object without random effects...
✔ Created Hmsc object!

ℹ Started fitting at: 2026-09-02 18:22:31.229209
! Cannot display fitting progress when running chains in parallel.
! Set `allow_parallel` to `FALSE` to see progress.
ℹ Completed fitting at: 2026-09-02 18:22:38.911546
ℹ Time elapsed: 7.68
ℹ Saving model...
✔ Model saved!

ℹ 2. Convergence diagnostics...
ℹ *** [Parameter: Beta] ***
ℹ Computation of traceplots, can take some time...
ℹ Traceplots saved!
ℹ -> Effective size:
ℹ 138 (83.64%) are good, 27 (16.36%) are acceptable and 0 (0%) are bad.
ℹ -> Gelman-Rubin convergence diagnostic:
ℹ 164 (99.39%) are good, 1 (0.61%) are acceptable and 0 (0%) are bad.
ℹ -> Autocorrelation:
ℹ [Lag 20]:
ℹ 146 (88.48%) are good and 19 (11.52%) are bad.
ℹ [Lag 50]:
ℹ 162 (98.18%) are good and 3 (1.82%) are bad.

ℹ 3. Performance evaluation...
ℹ Computing training scores...
ℹ Computing testing scores...
ℹ Saving scores...
✔ Scores saved!

ℹ 4. Associations...
✔ Model ran without errors!

! ----- Running loop: 213/320 -----
ℹ - Random effect: none
ℹ - Strategy: simplified-uncertainty
ℹ - New samples: 100
ℹ - Train size: 125
ℹ - N variables: 6
ℹ - K-fold: 7

ℹ 0. Setting up path...
! Running simplified-uncertainty...

ℹ 1. Fitting model...
ℹ Preparing training set for HMSC...
ℹ Creation of Hmsc object without random effects...
✔ Created Hmsc object!

ℹ Started fitting at: 2026-09-02 18:23:36.407763
! Cannot display fitting progress when running chains in parallel.
! Set `allow_parallel` to `FALSE` to see progress.
ℹ Completed fitting at: 2026-09-02 18:23:44.589478
ℹ Time elapsed: 8.18
ℹ Saving model...
✔ Model saved!

ℹ 2. Convergence diagnostics...
ℹ *** [Parameter: Beta] ***
ℹ Computation of traceplots, can take some time...
ℹ Traceplots saved!
ℹ -> Effective size:
ℹ 146 (88.48%) are good, 19 (11.52%) are acceptable and 0 (0%) are bad.
ℹ -> Gelman-Rubin convergence diagnostic:
ℹ 163 (98.79%) are good, 2 (1.21%) are acceptable and 0 (0%) are bad.
ℹ -> Autocorrelation:
ℹ [Lag 20]:
ℹ 153 (92.73%) are good and 12 (7.27%) are bad.
ℹ [Lag 50]:
ℹ 163 (98.79%) are good and 2 (1.21%) are bad.

ℹ 3. Performance evaluation...
ℹ Computing training scores...
ℹ Computing testing scores...
ℹ Saving scores...
✔ Scores saved!

ℹ 4. Associations...
✔ Model ran without errors!

! ----- Running loop: 214/320 -----
ℹ - Random effect: none
ℹ - Strategy: simplified-uncertainty
ℹ - New samples: 150
ℹ - Train size: 125
ℹ - N variables: 6
ℹ - K-fold: 7

ℹ 0. Setting up path...
! Running simplified-uncertainty...

ℹ 1. Fitting model...
ℹ Preparing training set for HMSC...
ℹ Creation of Hmsc object without random effects...
✔ Created Hmsc object!

ℹ Started fitting at: 2026-09-02 18:24:43.438739
! Cannot display fitting progress when running chains in parallel.
! Set `allow_parallel` to `FALSE` to see progress.
ℹ Completed fitting at: 2026-09-02 18:24:56.790134
ℹ Time elapsed: 13.35
ℹ Saving model...
✔ Model saved!

ℹ 2. Convergence diagnostics...
ℹ *** [Parameter: Beta] ***
ℹ Computation of traceplots, can take some time...
ℹ Traceplots saved!
ℹ -> Effective size:
ℹ 141 (85.45%) are good, 24 (14.55%) are acceptable and 0 (0%) are bad.
ℹ -> Gelman-Rubin convergence diagnostic:
ℹ 165 (100%) are good, 0 (0%) are acceptable and 0 (0%) are bad.
ℹ -> Autocorrelation:
ℹ [Lag 20]:
ℹ 154 (93.33%) are good and 11 (6.67%) are bad.
ℹ [Lag 50]:
ℹ 162 (98.18%) are good and 3 (1.82%) are bad.

ℹ 3. Performance evaluation...
ℹ Computing training scores...
ℹ Computing testing scores...
ℹ Saving scores...
✔ Scores saved!

ℹ 4. Associations...
✔ Model ran without errors!

! ----- Running loop: 215/320 -----
ℹ - Random effect: none
ℹ - Strategy: gap-filling
ℹ - New samples: 0
ℹ - Train size: 125
ℹ - N variables: 6
ℹ - K-fold: 7

ℹ 0. Setting up path...
! n_new_samples is '0' but strategy is 'gap-filling'. Overwriting with strategy = 'none' to avoid errors.
ℹ Model already fitted! Skipping...

! ----- Running loop: 216/320 -----
ℹ - Random effect: none
ℹ - Strategy: gap-filling
ℹ - New samples: 10
ℹ - Train size: 125
ℹ - N variables: 6
ℹ - K-fold: 7

ℹ 0. Setting up path...
ℹ Searching for the most distant points...

ℹ 1. Fitting model...
ℹ Preparing training set for HMSC...
ℹ Creation of Hmsc object without random effects...
✔ Created Hmsc object!

ℹ Started fitting at: 2026-09-02 18:25:52.584927
! Cannot display fitting progress when running chains in parallel.
! Set `allow_parallel` to `FALSE` to see progress.
ℹ Completed fitting at: 2026-09-02 18:26:05.350114
ℹ Time elapsed: 12.77
ℹ Saving model...
✔ Model saved!

ℹ 2. Convergence diagnostics...
ℹ *** [Parameter: Beta] ***
ℹ Computation of traceplots, can take some time...
ℹ Traceplots saved!
ℹ -> Effective size:
ℹ 145 (87.88%) are good, 20 (12.12%) are acceptable and 0 (0%) are bad.
ℹ -> Gelman-Rubin convergence diagnostic:
ℹ 161 (97.58%) are good, 4 (2.42%) are acceptable and 0 (0%) are bad.
ℹ -> Autocorrelation:
ℹ [Lag 20]:
ℹ 147 (89.09%) are good and 18 (10.91%) are bad.
ℹ [Lag 50]:
ℹ 164 (99.39%) are good and 1 (0.61%) are bad.

ℹ 3. Performance evaluation...
ℹ Computing training scores...
ℹ Computing testing scores...
ℹ Saving scores...
✔ Scores saved!

ℹ 4. Associations...
✔ Model ran without errors!

! ----- Running loop: 217/320 -----
ℹ - Random effect: none
ℹ - Strategy: gap-filling
ℹ - New samples: 25
ℹ - Train size: 125
ℹ - N variables: 6
ℹ - K-fold: 7

ℹ 0. Setting up path...
ℹ Searching for the most distant points...

ℹ 1. Fitting model...
ℹ Preparing training set for HMSC...
ℹ Creation of Hmsc object without random effects...
✔ Created Hmsc object!

ℹ Started fitting at: 2026-09-02 18:27:00.606243
! Cannot display fitting progress when running chains in parallel.
! Set `allow_parallel` to `FALSE` to see progress.
ℹ Completed fitting at: 2026-09-02 18:27:13.038755
ℹ Time elapsed: 12.43
ℹ Saving model...
✔ Model saved!

ℹ 2. Convergence diagnostics...
ℹ *** [Parameter: Beta] ***
ℹ Computation of traceplots, can take some time...
ℹ Traceplots saved!
ℹ -> Effective size:
ℹ 141 (85.45%) are good, 24 (14.55%) are acceptable and 0 (0%) are bad.
ℹ -> Gelman-Rubin convergence diagnostic:
ℹ 164 (99.39%) are good, 1 (0.61%) are acceptable and 0 (0%) are bad.
ℹ -> Autocorrelation:
ℹ [Lag 20]:
ℹ 141 (85.45%) are good and 24 (14.55%) are bad.
ℹ [Lag 50]:
ℹ 164 (99.39%) are good and 1 (0.61%) are bad.

ℹ 3. Performance evaluation...
ℹ Computing training scores...
ℹ Computing testing scores...
ℹ Saving scores...
✔ Scores saved!

ℹ 4. Associations...
✔ Model ran without errors!

! ----- Running loop: 218/320 -----
ℹ - Random effect: none
ℹ - Strategy: gap-filling
ℹ - New samples: 100
ℹ - Train size: 125
ℹ - N variables: 6
ℹ - K-fold: 7

ℹ 0. Setting up path...
ℹ Searching for the most distant points...

ℹ 1. Fitting model...
ℹ Preparing training set for HMSC...
ℹ Creation of Hmsc object without random effects...
✔ Created Hmsc object!

ℹ Started fitting at: 2026-09-02 18:28:14.920897
! Cannot display fitting progress when running chains in parallel.
! Set `allow_parallel` to `FALSE` to see progress.
ℹ Completed fitting at: 2026-09-02 18:28:22.775198
ℹ Time elapsed: 7.85
ℹ Saving model...
✔ Model saved!

ℹ 2. Convergence diagnostics...
ℹ *** [Parameter: Beta] ***
ℹ Computation of traceplots, can take some time...
ℹ Traceplots saved!
ℹ -> Effective size:
ℹ 146 (88.48%) are good, 18 (10.91%) are acceptable and 1 (0.61%) are bad.
ℹ -> Gelman-Rubin convergence diagnostic:
ℹ 160 (96.97%) are good, 3 (1.82%) are acceptable and 2 (1.21%) are bad.
ℹ -> Autocorrelation:
ℹ [Lag 20]:
ℹ 153 (92.73%) are good and 12 (7.27%) are bad.
ℹ [Lag 50]:
ℹ 163 (98.79%) are good and 2 (1.21%) are bad.

ℹ 3. Performance evaluation...
ℹ Computing training scores...
ℹ Computing testing scores...
ℹ Saving scores...
✔ Scores saved!

ℹ 4. Associations...
✔ Model ran without errors!

! ----- Running loop: 219/320 -----
ℹ - Random effect: none
ℹ - Strategy: gap-filling
ℹ - New samples: 150
ℹ - Train size: 125
ℹ - N variables: 6
ℹ - K-fold: 7

ℹ 0. Setting up path...
ℹ Searching for the most distant points...

ℹ 1. Fitting model...
ℹ Preparing training set for HMSC...
ℹ Creation of Hmsc object without random effects...
✔ Created Hmsc object!

ℹ Started fitting at: 2026-09-02 18:29:31.627307
! Cannot display fitting progress when running chains in parallel.
! Set `allow_parallel` to `FALSE` to see progress.
ℹ Completed fitting at: 2026-09-02 18:29:39.563812
ℹ Time elapsed: 7.94
ℹ Saving model...
✔ Model saved!

ℹ 2. Convergence diagnostics...
ℹ *** [Parameter: Beta] ***
ℹ Computation of traceplots, can take some time...
ℹ Traceplots saved!
ℹ -> Effective size:
ℹ 152 (92.12%) are good, 13 (7.88%) are acceptable and 0 (0%) are bad.
ℹ -> Gelman-Rubin convergence diagnostic:
ℹ 164 (99.39%) are good, 1 (0.61%) are acceptable and 0 (0%) are bad.
ℹ -> Autocorrelation:
ℹ [Lag 20]:
ℹ 154 (93.33%) are good and 11 (6.67%) are bad.
ℹ [Lag 50]:
ℹ 164 (99.39%) are good and 1 (0.61%) are bad.

ℹ 3. Performance evaluation...
ℹ Computing training scores...
ℹ Computing testing scores...
ℹ Saving scores...
✔ Scores saved!

ℹ 4. Associations...
✔ Model ran without errors!

! ----- Running loop: 220/320 -----
ℹ - Random effect: none
ℹ - Strategy: 3-part-simplified-uncertainty
ℹ - New samples: 0
ℹ - Train size: 125
ℹ - N variables: 6
ℹ - K-fold: 7

ℹ 0. Setting up path...
! n_new_samples is '0' but strategy is '3-part-simplified-uncertainty'. Overwriting with strategy = 'none' to avoid errors.
ℹ Model already fitted! Skipping...

! ----- Running loop: 221/320 -----
ℹ - Random effect: none
ℹ - Strategy: 3-part-simplified-uncertainty
ℹ - New samples: 10
ℹ - Train size: 125
ℹ - N variables: 6
ℹ - K-fold: 7

ℹ 0. Setting up path...
! Running simplified-uncertainty...

ℹ 1. Fitting model...
ℹ Preparing training set for HMSC...
ℹ Creation of Hmsc object without random effects...
✔ Created Hmsc object!

ℹ Started fitting at: 2026-09-02 18:30:36.878996
! Cannot display fitting progress when running chains in parallel.
! Set `allow_parallel` to `FALSE` to see progress.
ℹ Completed fitting at: 2026-09-02 18:30:44.181277
ℹ Time elapsed: 7.3
ℹ Saving model...
✔ Model saved!

! Running simplified-uncertainty...

ℹ 1. Fitting model...
ℹ Preparing training set for HMSC...
ℹ Creation of Hmsc object without random effects...
✔ Created Hmsc object!

ℹ Started fitting at: 2026-09-02 18:30:47.540242
! Cannot display fitting progress when running chains in parallel.
! Set `allow_parallel` to `FALSE` to see progress.
ℹ Completed fitting at: 2026-09-02 18:31:00.714085
ℹ Time elapsed: 13.17
ℹ Saving model...
✔ Model saved!

! Running simplified-uncertainty...

ℹ 1. Fitting model...
ℹ Preparing training set for HMSC...
ℹ Creation of Hmsc object without random effects...
✔ Created Hmsc object!

ℹ Started fitting at: 2026-09-02 18:31:04.044901
! Cannot display fitting progress when running chains in parallel.
! Set `allow_parallel` to `FALSE` to see progress.
ℹ Completed fitting at: 2026-09-02 18:31:11.646055
ℹ Time elapsed: 7.6
ℹ Saving model...
✔ Model saved!

ℹ 2. Convergence diagnostics...
ℹ *** [Parameter: Beta] ***
ℹ Computation of traceplots, can take some time...
ℹ Traceplots saved!
ℹ -> Effective size:
ℹ 138 (83.64%) are good, 27 (16.36%) are acceptable and 0 (0%) are bad.
ℹ -> Gelman-Rubin convergence diagnostic:
ℹ 145 (87.88%) are good, 1 (0.61%) are acceptable and 19 (11.52%) are bad.
ℹ -> Autocorrelation:
ℹ [Lag 20]:
ℹ 142 (86.06%) are good and 23 (13.94%) are bad.
ℹ [Lag 50]:
ℹ 150 (90.91%) are good and 15 (9.09%) are bad.

ℹ 3. Performance evaluation...
ℹ Computing training scores...
ℹ Computing testing scores...
ℹ Saving scores...
✔ Scores saved!

ℹ 4. Associations...
✔ Model ran without errors!

! ----- Running loop: 222/320 -----
ℹ - Random effect: none
ℹ - Strategy: 3-part-simplified-uncertainty
ℹ - New samples: 25
ℹ - Train size: 125
ℹ - N variables: 6
ℹ - K-fold: 7

ℹ 0. Setting up path...
! Running simplified-uncertainty...

ℹ 1. Fitting model...
ℹ Preparing training set for HMSC...
ℹ Creation of Hmsc object without random effects...
✔ Created Hmsc object!

ℹ Started fitting at: 2026-09-02 18:32:07.774901
! Cannot display fitting progress when running chains in parallel.
! Set `allow_parallel` to `FALSE` to see progress.
ℹ Completed fitting at: 2026-09-02 18:32:20.250175
ℹ Time elapsed: 12.48
ℹ Saving model...
✔ Model saved!

! Running simplified-uncertainty...

ℹ 1. Fitting model...
ℹ Preparing training set for HMSC...
ℹ Creation of Hmsc object without random effects...
✔ Created Hmsc object!

ℹ Started fitting at: 2026-09-02 18:32:23.665354
! Cannot display fitting progress when running chains in parallel.
! Set `allow_parallel` to `FALSE` to see progress.
ℹ Completed fitting at: 2026-09-02 18:32:36.036605
ℹ Time elapsed: 12.37
ℹ Saving model...
✔ Model saved!

! Running simplified-uncertainty...

ℹ 1. Fitting model...
ℹ Preparing training set for HMSC...
ℹ Creation of Hmsc object without random effects...
✔ Created Hmsc object!

ℹ Started fitting at: 2026-09-02 18:32:39.393758
! Cannot display fitting progress when running chains in parallel.
! Set `allow_parallel` to `FALSE` to see progress.
ℹ Completed fitting at: 2026-09-02 18:32:52.44134
ℹ Time elapsed: 13.05
ℹ Saving model...
✔ Model saved!

ℹ 2. Convergence diagnostics...
ℹ *** [Parameter: Beta] ***
ℹ Computation of traceplots, can take some time...
ℹ Traceplots saved!
ℹ -> Effective size:
ℹ 137 (83.03%) are good, 27 (16.36%) are acceptable and 1 (0.61%) are bad.
ℹ -> Gelman-Rubin convergence diagnostic:
ℹ 163 (98.79%) are good, 1 (0.61%) are acceptable and 1 (0.61%) are bad.
ℹ -> Autocorrelation:
ℹ [Lag 20]:
ℹ 139 (84.24%) are good and 26 (15.76%) are bad.
ℹ [Lag 50]:
ℹ 160 (96.97%) are good and 5 (3.03%) are bad.

ℹ 3. Performance evaluation...
ℹ Computing training scores...
ℹ Computing testing scores...
ℹ Saving scores...
✔ Scores saved!

ℹ 4. Associations...
✔ Model ran without errors!

! ----- Running loop: 223/320 -----
ℹ - Random effect: none
ℹ - Strategy: 3-part-simplified-uncertainty
ℹ - New samples: 100
ℹ - Train size: 125
ℹ - N variables: 6
ℹ - K-fold: 7

ℹ 0. Setting up path...
! Running simplified-uncertainty...

ℹ 1. Fitting model...
ℹ Preparing training set for HMSC...
ℹ Creation of Hmsc object without random effects...
✔ Created Hmsc object!

ℹ Started fitting at: 2026-09-02 18:33:49.785859
! Cannot display fitting progress when running chains in parallel.
! Set `allow_parallel` to `FALSE` to see progress.
ℹ Completed fitting at: 2026-09-02 18:33:58.148245
ℹ Time elapsed: 8.36
ℹ Saving model...
✔ Model saved!

! Running simplified-uncertainty...

ℹ 1. Fitting model...
ℹ Preparing training set for HMSC...
ℹ Creation of Hmsc object without random effects...
✔ Created Hmsc object!

ℹ Started fitting at: 2026-09-02 18:34:01.545308
! Cannot display fitting progress when running chains in parallel.
! Set `allow_parallel` to `FALSE` to see progress.
ℹ Completed fitting at: 2026-09-02 18:34:09.175374
ℹ Time elapsed: 7.63
ℹ Saving model...
✔ Model saved!

! Running simplified-uncertainty...

ℹ 1. Fitting model...
ℹ Preparing training set for HMSC...
ℹ Creation of Hmsc object without random effects...
✔ Created Hmsc object!

ℹ Started fitting at: 2026-09-02 18:34:12.517872
! Cannot display fitting progress when running chains in parallel.
! Set `allow_parallel` to `FALSE` to see progress.
ℹ Completed fitting at: 2026-09-02 18:34:25.174922
ℹ Time elapsed: 12.66
ℹ Saving model...
✔ Model saved!

ℹ 2. Convergence diagnostics...
ℹ *** [Parameter: Beta] ***
ℹ Computation of traceplots, can take some time...
ℹ Traceplots saved!
ℹ -> Effective size:
ℹ 130 (78.79%) are good, 34 (20.61%) are acceptable and 1 (0.61%) are bad.
ℹ -> Gelman-Rubin convergence diagnostic:
ℹ 161 (97.58%) are good, 4 (2.42%) are acceptable and 0 (0%) are bad.
ℹ -> Autocorrelation:
ℹ [Lag 20]:
ℹ 136 (82.42%) are good and 29 (17.58%) are bad.
ℹ [Lag 50]:
ℹ 160 (96.97%) are good and 5 (3.03%) are bad.

ℹ 3. Performance evaluation...
ℹ Computing training scores...
ℹ Computing testing scores...
ℹ Saving scores...
✔ Scores saved!

ℹ 4. Associations...
✔ Model ran without errors!

! ----- Running loop: 224/320 -----
ℹ - Random effect: none
ℹ - Strategy: 3-part-simplified-uncertainty
ℹ - New samples: 150
ℹ - Train size: 125
ℹ - N variables: 6
ℹ - K-fold: 7

ℹ 0. Setting up path...
! Running simplified-uncertainty...

ℹ 1. Fitting model...
ℹ Preparing training set for HMSC...
ℹ Creation of Hmsc object without random effects...
✔ Created Hmsc object!

ℹ Started fitting at: 2026-09-02 18:35:22.054349
! Cannot display fitting progress when running chains in parallel.
! Set `allow_parallel` to `FALSE` to see progress.
ℹ Completed fitting at: 2026-09-02 18:35:29.722255
ℹ Time elapsed: 7.67
ℹ Saving model...
✔ Model saved!

! Running simplified-uncertainty...

ℹ 1. Fitting model...
ℹ Preparing training set for HMSC...
ℹ Creation of Hmsc object without random effects...
✔ Created Hmsc object!

ℹ Started fitting at: 2026-09-02 18:35:33.083242
! Cannot display fitting progress when running chains in parallel.
! Set `allow_parallel` to `FALSE` to see progress.
ℹ Completed fitting at: 2026-09-02 18:35:45.91338
ℹ Time elapsed: 12.83
ℹ Saving model...
✔ Model saved!

! Running simplified-uncertainty...

ℹ 1. Fitting model...
ℹ Preparing training set for HMSC...
ℹ Creation of Hmsc object without random effects...
✔ Created Hmsc object!

ℹ Started fitting at: 2026-09-02 18:35:49.268435
! Cannot display fitting progress when running chains in parallel.
! Set `allow_parallel` to `FALSE` to see progress.
ℹ Completed fitting at: 2026-09-02 18:35:57.257661
ℹ Time elapsed: 7.99
ℹ Saving model...
✔ Model saved!

ℹ 2. Convergence diagnostics...
ℹ *** [Parameter: Beta] ***
ℹ Computation of traceplots, can take some time...
ℹ Traceplots saved!
ℹ -> Effective size:
ℹ 134 (81.21%) are good, 30 (18.18%) are acceptable and 1 (0.61%) are bad.
ℹ -> Gelman-Rubin convergence diagnostic:
ℹ 161 (97.58%) are good, 3 (1.82%) are acceptable and 1 (0.61%) are bad.
ℹ -> Autocorrelation:
ℹ [Lag 20]:
ℹ 139 (84.24%) are good and 26 (15.76%) are bad.
ℹ [Lag 50]:
ℹ 159 (96.36%) are good and 6 (3.64%) are bad.

ℹ 3. Performance evaluation...
ℹ Computing training scores...
ℹ Computing testing scores...
ℹ Saving scores...
✔ Scores saved!

ℹ 4. Associations...
✔ Model ran without errors!

! ----- Running loop: 225/320 -----
ℹ - Random effect: none
ℹ - Strategy: none
ℹ - New samples: 0
ℹ - Train size: 15
ℹ - N variables: 6
ℹ - K-fold: 8

ℹ 0. Setting up path...

ℹ 1. Fitting model...
ℹ Preparing training set for HMSC...
ℹ Creation of Hmsc object without random effects...
✔ Created Hmsc object!

ℹ Started fitting at: 2026-09-02 18:36:51.225897
! Cannot display fitting progress when running chains in parallel.
! Set `allow_parallel` to `FALSE` to see progress.
ℹ Completed fitting at: 2026-09-02 18:36:58.001888
ℹ Time elapsed: 6.78
ℹ Saving model...
✔ Model saved!

ℹ 2. Convergence diagnostics...
ℹ *** [Parameter: Beta] ***
ℹ Computation of traceplots, can take some time...
ℹ Traceplots saved!
ℹ -> Effective size:
ℹ 66 (40%) are good, 99 (60%) are acceptable and 0 (0%) are bad.
ℹ -> Gelman-Rubin convergence diagnostic:
ℹ 142 (86.06%) are good, 22 (13.33%) are acceptable and 1 (0.61%) are bad.
ℹ -> Autocorrelation:
ℹ [Lag 20]:
ℹ 52 (31.52%) are good and 113 (68.48%) are bad.
ℹ [Lag 50]:
ℹ 143 (86.67%) are good and 22 (13.33%) are bad.

ℹ 3. Performance evaluation...
ℹ Computing training scores...
ℹ Computing testing scores...
ℹ Saving scores...
✔ Scores saved!

ℹ 4. Associations...
✔ Model ran without errors!

! ----- Running loop: 226/320 -----
ℹ - Random effect: none
ℹ - Strategy: none
ℹ - New samples: 0
ℹ - Train size: 25
ℹ - N variables: 6
ℹ - K-fold: 8

ℹ 0. Setting up path...

ℹ 1. Fitting model...
ℹ Preparing training set for HMSC...
ℹ Creation of Hmsc object without random effects...
✔ Created Hmsc object!

ℹ Started fitting at: 2026-09-02 18:37:31.309086
! Cannot display fitting progress when running chains in parallel.
! Set `allow_parallel` to `FALSE` to see progress.
ℹ Completed fitting at: 2026-09-02 18:37:43.123991
ℹ Time elapsed: 11.81
ℹ Saving model...
✔ Model saved!

ℹ 2. Convergence diagnostics...
ℹ *** [Parameter: Beta] ***
ℹ Computation of traceplots, can take some time...
ℹ Traceplots saved!
ℹ -> Effective size:
ℹ 54 (32.73%) are good, 104 (63.03%) are acceptable and 7 (4.24%) are bad.
ℹ -> Gelman-Rubin convergence diagnostic:
ℹ 131 (79.39%) are good, 31 (18.79%) are acceptable and 3 (1.82%) are bad.
ℹ -> Autocorrelation:
ℹ [Lag 20]:
ℹ 47 (28.48%) are good and 118 (71.52%) are bad.
ℹ [Lag 50]:
ℹ 117 (70.91%) are good and 48 (29.09%) are bad.

ℹ 3. Performance evaluation...
ℹ Computing training scores...
ℹ Computing testing scores...
ℹ Saving scores...
✔ Scores saved!

ℹ 4. Associations...
✔ Model ran without errors!

! ----- Running loop: 227/320 -----
ℹ - Random effect: none
ℹ - Strategy: none
ℹ - New samples: 0
ℹ - Train size: 50
ℹ - N variables: 6
ℹ - K-fold: 8

ℹ 0. Setting up path...

ℹ 1. Fitting model...
ℹ Preparing training set for HMSC...
ℹ Creation of Hmsc object without random effects...
✔ Created Hmsc object!

ℹ Started fitting at: 2026-09-02 18:38:16.483485
! Cannot display fitting progress when running chains in parallel.
! Set `allow_parallel` to `FALSE` to see progress.
ℹ Completed fitting at: 2026-09-02 18:38:28.321328
ℹ Time elapsed: 11.84
ℹ Saving model...
✔ Model saved!

ℹ 2. Convergence diagnostics...
ℹ *** [Parameter: Beta] ***
ℹ Computation of traceplots, can take some time...
ℹ Traceplots saved!
ℹ -> Effective size:
ℹ 121 (73.33%) are good, 44 (26.67%) are acceptable and 0 (0%) are bad.
ℹ -> Gelman-Rubin convergence diagnostic:
ℹ 160 (96.97%) are good, 3 (1.82%) are acceptable and 2 (1.21%) are bad.
ℹ -> Autocorrelation:
ℹ [Lag 20]:
ℹ 114 (69.09%) are good and 51 (30.91%) are bad.
ℹ [Lag 50]:
ℹ 162 (98.18%) are good and 3 (1.82%) are bad.

ℹ 3. Performance evaluation...
ℹ Computing training scores...
ℹ Computing testing scores...
ℹ Saving scores...
✔ Scores saved!

ℹ 4. Associations...
✔ Model ran without errors!

! ----- Running loop: 228/320 -----
ℹ - Random effect: none
ℹ - Strategy: none
ℹ - New samples: 0
ℹ - Train size: 75
ℹ - N variables: 6
ℹ - K-fold: 8

ℹ 0. Setting up path...

ℹ 1. Fitting model...
ℹ Preparing training set for HMSC...
ℹ Creation of Hmsc object without random effects...
✔ Created Hmsc object!

ℹ Started fitting at: 2026-09-02 18:39:01.947288
! Cannot display fitting progress when running chains in parallel.
! Set `allow_parallel` to `FALSE` to see progress.
ℹ Completed fitting at: 2026-09-02 18:39:09.191999
ℹ Time elapsed: 7.24
ℹ Saving model...
✔ Model saved!

ℹ 2. Convergence diagnostics...
ℹ *** [Parameter: Beta] ***
ℹ Computation of traceplots, can take some time...
ℹ Traceplots saved!
ℹ -> Effective size:
ℹ 133 (80.61%) are good, 32 (19.39%) are acceptable and 0 (0%) are bad.
ℹ -> Gelman-Rubin convergence diagnostic:
ℹ 161 (97.58%) are good, 1 (0.61%) are acceptable and 3 (1.82%) are bad.
ℹ -> Autocorrelation:
ℹ [Lag 20]:
ℹ 134 (81.21%) are good and 31 (18.79%) are bad.
ℹ [Lag 50]:
ℹ 162 (98.18%) are good and 3 (1.82%) are bad.

ℹ 3. Performance evaluation...
ℹ Computing training scores...
ℹ Computing testing scores...
ℹ Saving scores...
✔ Scores saved!

ℹ 4. Associations...
✔ Model ran without errors!

! ----- Running loop: 229/320 -----
ℹ - Random effect: none
ℹ - Strategy: none
ℹ - New samples: 0
ℹ - Train size: 100
ℹ - N variables: 6
ℹ - K-fold: 8

ℹ 0. Setting up path...

ℹ 1. Fitting model...
ℹ Preparing training set for HMSC...
ℹ Creation of Hmsc object without random effects...
✔ Created Hmsc object!

ℹ Started fitting at: 2026-09-02 18:39:41.775176
! Cannot display fitting progress when running chains in parallel.
! Set `allow_parallel` to `FALSE` to see progress.
ℹ Completed fitting at: 2026-09-02 18:39:54.042603
ℹ Time elapsed: 12.27
ℹ Saving model...
✔ Model saved!

ℹ 2. Convergence diagnostics...
ℹ *** [Parameter: Beta] ***
ℹ Computation of traceplots, can take some time...
ℹ Traceplots saved!
ℹ -> Effective size:
ℹ 151 (91.52%) are good, 14 (8.48%) are acceptable and 0 (0%) are bad.
ℹ -> Gelman-Rubin convergence diagnostic:
ℹ 164 (99.39%) are good, 1 (0.61%) are acceptable and 0 (0%) are bad.
ℹ -> Autocorrelation:
ℹ [Lag 20]:
ℹ 157 (95.15%) are good and 8 (4.85%) are bad.
ℹ [Lag 50]:
ℹ 162 (98.18%) are good and 3 (1.82%) are bad.

ℹ 3. Performance evaluation...
ℹ Computing training scores...
ℹ Computing testing scores...
ℹ Saving scores...
✔ Scores saved!

ℹ 4. Associations...
✔ Model ran without errors!

! ----- Running loop: 230/320 -----
ℹ - Random effect: none
ℹ - Strategy: none
ℹ - New samples: 0
ℹ - Train size: 125
ℹ - N variables: 6
ℹ - K-fold: 8

ℹ 0. Setting up path...

ℹ 1. Fitting model...
ℹ Preparing training set for HMSC...
ℹ Creation of Hmsc object without random effects...
✔ Created Hmsc object!

ℹ Started fitting at: 2026-09-02 18:40:26.892787
! Cannot display fitting progress when running chains in parallel.
! Set `allow_parallel` to `FALSE` to see progress.
ℹ Completed fitting at: 2026-09-02 18:40:39.498286
ℹ Time elapsed: 12.61
ℹ Saving model...
✔ Model saved!

ℹ 2. Convergence diagnostics...
ℹ *** [Parameter: Beta] ***
ℹ Computation of traceplots, can take some time...
ℹ Traceplots saved!
ℹ -> Effective size:
ℹ 149 (90.3%) are good, 16 (9.7%) are acceptable and 0 (0%) are bad.
ℹ -> Gelman-Rubin convergence diagnostic:
ℹ 163 (98.79%) are good, 1 (0.61%) are acceptable and 1 (0.61%) are bad.
ℹ -> Autocorrelation:
ℹ [Lag 20]:
ℹ 150 (90.91%) are good and 15 (9.09%) are bad.
ℹ [Lag 50]:
ℹ 162 (98.18%) are good and 3 (1.82%) are bad.

ℹ 3. Performance evaluation...
ℹ Computing training scores...
ℹ Computing testing scores...
ℹ Saving scores...
✔ Scores saved!

ℹ 4. Associations...
✔ Model ran without errors!

! ----- Running loop: 231/320 -----
ℹ - Random effect: carres
ℹ - Strategy: none
ℹ - New samples: 0
ℹ - Train size: 125
ℹ - N variables: 6
ℹ - K-fold: 8

ℹ 0. Setting up path...

ℹ 1. Fitting model...
ℹ Preparing training set for HMSC...
ℹ Creation of Hmsc object with 'units' effect...
✔ Created Hmsc object!

ℹ Started fitting at: 2026-09-02 18:41:12.763482
! Cannot display fitting progress when running chains in parallel.
! Set `allow_parallel` to `FALSE` to see progress.
ℹ Completed fitting at: 2026-09-02 18:41:45.816996
ℹ Time elapsed: 33.05
ℹ Saving model...
✔ Model saved!

ℹ 2. Convergence diagnostics...
ℹ *** [Parameter: Beta] ***
ℹ Computation of traceplots, can take some time...
ℹ Traceplots saved!
ℹ -> Effective size:
ℹ 145 (87.88%) are good, 19 (11.52%) are acceptable and 1 (0.61%) are bad.
ℹ -> Gelman-Rubin convergence diagnostic:
ℹ 163 (98.79%) are good, 0 (0%) are acceptable and 2 (1.21%) are bad.
ℹ -> Autocorrelation:
ℹ [Lag 20]:
ℹ 151 (91.52%) are good and 14 (8.48%) are bad.
ℹ [Lag 50]:
ℹ 162 (98.18%) are good and 3 (1.82%) are bad.
ℹ *** [Parameter: Omega] ***
ℹ Computation of traceplots, can take some time...
ℹ Traceplots saved!
ℹ -> Effective size:
ℹ 173 (76.89%) are good, 52 (23.11%) are acceptable and 0 (0%) are bad.
ℹ -> Gelman-Rubin convergence diagnostic:
ℹ 211 (93.78%) are good, 8 (3.56%) are acceptable and 6 (2.67%) are bad.
ℹ -> Autocorrelation:
ℹ [Lag 20]:
ℹ 182 (80.89%) are good and 43 (19.11%) are bad.
ℹ [Lag 50]:
ℹ 225 (100%) are good and 0 (0%) are bad.

ℹ 3. Performance evaluation...
ℹ Computing training scores...
ℹ Computing testing scores...
ℹ Saving scores...
✔ Scores saved!

ℹ 4. Associations...
✔ Model ran without errors!

! ----- Running loop: 232/320 -----
ℹ - Random effect: spatial
ℹ - Strategy: none
ℹ - New samples: 0
ℹ - Train size: 125
ℹ - N variables: 6
ℹ - K-fold: 8

ℹ 0. Setting up path...

ℹ 1. Fitting model...
ℹ Preparing training set for HMSC...
ℹ Creation of Hmsc object with 'spatial' effect...
✔ Created Hmsc object!

ℹ Started fitting at: 2026-09-02 18:42:45.944494
! Cannot display fitting progress when running chains in parallel.
! Set `allow_parallel` to `FALSE` to see progress.
ℹ Completed fitting at: 2026-09-02 18:43:19.341841
ℹ Time elapsed: 33.4
ℹ Saving model...
✔ Model saved!

ℹ 2. Convergence diagnostics...
ℹ *** [Parameter: Beta] ***
ℹ Computation of traceplots, can take some time...
ℹ Traceplots saved!
ℹ -> Effective size:
ℹ 141 (85.45%) are good, 23 (13.94%) are acceptable and 1 (0.61%) are bad.
ℹ -> Gelman-Rubin convergence diagnostic:
ℹ 161 (97.58%) are good, 4 (2.42%) are acceptable and 0 (0%) are bad.
ℹ -> Autocorrelation:
ℹ [Lag 20]:
ℹ 147 (89.09%) are good and 18 (10.91%) are bad.
ℹ [Lag 50]:
ℹ 161 (97.58%) are good and 4 (2.42%) are bad.
ℹ *** [Parameter: Omega] ***
ℹ Computation of traceplots, can take some time...
ℹ Traceplots saved!
ℹ -> Effective size:
ℹ 188 (83.56%) are good, 35 (15.56%) are acceptable and 2 (0.89%) are bad.
ℹ -> Gelman-Rubin convergence diagnostic:
ℹ 203 (90.22%) are good, 16 (7.11%) are acceptable and 6 (2.67%) are bad.
ℹ -> Autocorrelation:
ℹ [Lag 20]:
ℹ 197 (87.56%) are good and 28 (12.44%) are bad.
ℹ [Lag 50]:
ℹ 215 (95.56%) are good and 10 (4.44%) are bad.

ℹ 3. Performance evaluation...
ℹ Computing training scores...
ℹ Computing testing scores...
ℹ Saving scores...
✔ Scores saved!

ℹ 4. Associations...
✔ Model ran without errors!

! ----- Running loop: 233/320 -----
ℹ - Random effect: none
ℹ - Strategy: none
ℹ - New samples: 0
ℹ - Train size: 125
ℹ - N variables: 4
ℹ - K-fold: 8

ℹ 0. Setting up path...

ℹ 1. Fitting model...
ℹ Preparing training set for HMSC...
ℹ Creation of Hmsc object without random effects...
✔ Created Hmsc object!

ℹ Started fitting at: 2026-09-02 18:45:29.127957
! Cannot display fitting progress when running chains in parallel.
! Set `allow_parallel` to `FALSE` to see progress.
ℹ Completed fitting at: 2026-09-02 18:45:36.21237
ℹ Time elapsed: 7.08
ℹ Saving model...
✔ Model saved!

ℹ 2. Convergence diagnostics...
ℹ *** [Parameter: Beta] ***
ℹ Computation of traceplots, can take some time...
ℹ Traceplots saved!
ℹ -> Effective size:
ℹ 123 (91.11%) are good, 11 (8.15%) are acceptable and 1 (0.74%) are bad.
ℹ -> Gelman-Rubin convergence diagnostic:
ℹ 135 (100%) are good, 0 (0%) are acceptable and 0 (0%) are bad.
ℹ -> Autocorrelation:
ℹ [Lag 20]:
ℹ 122 (90.37%) are good and 13 (9.63%) are bad.
ℹ [Lag 50]:
ℹ 132 (97.78%) are good and 3 (2.22%) are bad.

ℹ 3. Performance evaluation...
ℹ Computing training scores...
ℹ Computing testing scores...
ℹ Saving scores...
✔ Scores saved!

ℹ 4. Associations...
✔ Model ran without errors!

! ----- Running loop: 234/320 -----
ℹ - Random effect: none
ℹ - Strategy: none
ℹ - New samples: 0
ℹ - Train size: 125
ℹ - N variables: 3
ℹ - K-fold: 8

ℹ 0. Setting up path...

ℹ 1. Fitting model...
ℹ Preparing training set for HMSC...
ℹ Creation of Hmsc object without random effects...
✔ Created Hmsc object!

ℹ Started fitting at: 2026-09-02 18:46:04.034853
! Cannot display fitting progress when running chains in parallel.
! Set `allow_parallel` to `FALSE` to see progress.
ℹ Completed fitting at: 2026-09-02 18:46:11.233377
ℹ Time elapsed: 7.2
ℹ Saving model...
✔ Model saved!

ℹ 2. Convergence diagnostics...
ℹ *** [Parameter: Beta] ***
ℹ Computation of traceplots, can take some time...
ℹ Traceplots saved!
ℹ -> Effective size:
ℹ 102 (85%) are good, 18 (15%) are acceptable and 0 (0%) are bad.
ℹ -> Gelman-Rubin convergence diagnostic:
ℹ 120 (100%) are good, 0 (0%) are acceptable and 0 (0%) are bad.
ℹ -> Autocorrelation:
ℹ [Lag 20]:
ℹ 102 (85%) are good and 18 (15%) are bad.
ℹ [Lag 50]:
ℹ 118 (98.33%) are good and 2 (1.67%) are bad.

ℹ 3. Performance evaluation...
ℹ Computing training scores...
ℹ Computing testing scores...
ℹ Saving scores...
✔ Scores saved!

ℹ 4. Associations...
✔ Model ran without errors!

! ----- Running loop: 235/320 -----
ℹ - Random effect: none
ℹ - Strategy: none
ℹ - New samples: 0
ℹ - Train size: 125
ℹ - N variables: 2
ℹ - K-fold: 8

ℹ 0. Setting up path...

ℹ 1. Fitting model...
ℹ Preparing training set for HMSC...
ℹ Creation of Hmsc object without random effects...
✔ Created Hmsc object!

ℹ Started fitting at: 2026-09-02 18:46:36.401194
! Cannot display fitting progress when running chains in parallel.
! Set `allow_parallel` to `FALSE` to see progress.
ℹ Completed fitting at: 2026-09-02 18:46:48.45804
ℹ Time elapsed: 12.06
ℹ Saving model...
✔ Model saved!

ℹ 2. Convergence diagnostics...
ℹ *** [Parameter: Beta] ***
ℹ Computation of traceplots, can take some time...
ℹ Traceplots saved!
ℹ -> Effective size:
ℹ 96 (91.43%) are good, 9 (8.57%) are acceptable and 0 (0%) are bad.
ℹ -> Gelman-Rubin convergence diagnostic:
ℹ 104 (99.05%) are good, 0 (0%) are acceptable and 1 (0.95%) are bad.
ℹ -> Autocorrelation:
ℹ [Lag 20]:
ℹ 95 (90.48%) are good and 10 (9.52%) are bad.
ℹ [Lag 50]:
ℹ 102 (97.14%) are good and 3 (2.86%) are bad.

ℹ 3. Performance evaluation...
ℹ Computing training scores...
ℹ Computing testing scores...
ℹ Saving scores...
✔ Scores saved!

ℹ 4. Associations...
✔ Model ran without errors!

! ----- Running loop: 236/320 -----
ℹ - Random effect: none
ℹ - Strategy: none
ℹ - New samples: 50
ℹ - Train size: 125
ℹ - N variables: 6
ℹ - K-fold: 8

ℹ 0. Setting up path...
! Strategy is 'none' but n_new_samples is '50'. Overwriting with n_new_samples = '0' to avoid errors.
ℹ Model already fitted! Skipping...

! ----- Running loop: 237/320 -----
ℹ - Random effect: none
ℹ - Strategy: business-as-usual
ℹ - New samples: 50
ℹ - Train size: 125
ℹ - N variables: 6
ℹ - K-fold: 8

ℹ 0. Setting up path...
ℹ Pulling 50 new random samples...

ℹ 1. Fitting model...
ℹ Preparing training set for HMSC...
ℹ Creation of Hmsc object without random effects...
✔ Created Hmsc object!

ℹ Started fitting at: 2026-09-02 18:47:11.718077
! Cannot display fitting progress when running chains in parallel.
! Set `allow_parallel` to `FALSE` to see progress.
ℹ Completed fitting at: 2026-09-02 18:47:19.940109
ℹ Time elapsed: 8.22
ℹ Saving model...
✔ Model saved!

ℹ 2. Convergence diagnostics...
ℹ *** [Parameter: Beta] ***
ℹ Computation of traceplots, can take some time...
ℹ Traceplots saved!
ℹ -> Effective size:
ℹ 145 (87.88%) are good, 20 (12.12%) are acceptable and 0 (0%) are bad.
ℹ -> Gelman-Rubin convergence diagnostic:
ℹ 165 (100%) are good, 0 (0%) are acceptable and 0 (0%) are bad.
ℹ -> Autocorrelation:
ℹ [Lag 20]:
ℹ 155 (93.94%) are good and 10 (6.06%) are bad.
ℹ [Lag 50]:
ℹ 162 (98.18%) are good and 3 (1.82%) are bad.

ℹ 3. Performance evaluation...
ℹ Computing training scores...
ℹ Computing testing scores...
ℹ Saving scores...
✔ Scores saved!

ℹ 4. Associations...
✔ Model ran without errors!

! ----- Running loop: 238/320 -----
ℹ - Random effect: none
ℹ - Strategy: gap-filling
ℹ - New samples: 50
ℹ - Train size: 125
ℹ - N variables: 6
ℹ - K-fold: 8

ℹ 0. Setting up path...
ℹ Searching for the most distant points...

ℹ 1. Fitting model...
ℹ Preparing training set for HMSC...
ℹ Creation of Hmsc object without random effects...
✔ Created Hmsc object!

ℹ Started fitting at: 2026-09-02 18:48:17.73162
! Cannot display fitting progress when running chains in parallel.
! Set `allow_parallel` to `FALSE` to see progress.
ℹ Completed fitting at: 2026-09-02 18:48:31.205221
ℹ Time elapsed: 13.47
ℹ Saving model...
✔ Model saved!

ℹ 2. Convergence diagnostics...
ℹ *** [Parameter: Beta] ***
ℹ Computation of traceplots, can take some time...
ℹ Traceplots saved!
ℹ -> Effective size:
ℹ 160 (96.97%) are good, 5 (3.03%) are acceptable and 0 (0%) are bad.
ℹ -> Gelman-Rubin convergence diagnostic:
ℹ 164 (99.39%) are good, 1 (0.61%) are acceptable and 0 (0%) are bad.
ℹ -> Autocorrelation:
ℹ [Lag 20]:
ℹ 161 (97.58%) are good and 4 (2.42%) are bad.
ℹ [Lag 50]:
ℹ 165 (100%) are good and 0 (0%) are bad.

ℹ 3. Performance evaluation...
ℹ Computing training scores...
ℹ Computing testing scores...
ℹ Saving scores...
✔ Scores saved!

ℹ 4. Associations...
✔ Model ran without errors!

! ----- Running loop: 239/320 -----
ℹ - Random effect: none
ℹ - Strategy: simplified-uncertainty
ℹ - New samples: 50
ℹ - Train size: 125
ℹ - N variables: 6
ℹ - K-fold: 8

ℹ 0. Setting up path...
! Running simplified-uncertainty...

ℹ 1. Fitting model...
ℹ Preparing training set for HMSC...
ℹ Creation of Hmsc object without random effects...
✔ Created Hmsc object!

ℹ Started fitting at: 2026-09-02 18:49:29.02066
! Cannot display fitting progress when running chains in parallel.
! Set `allow_parallel` to `FALSE` to see progress.
ℹ Completed fitting at: 2026-09-02 18:49:41.237433
ℹ Time elapsed: 12.22
ℹ Saving model...
✔ Model saved!

ℹ 2. Convergence diagnostics...
ℹ *** [Parameter: Beta] ***
ℹ Computation of traceplots, can take some time...
ℹ Traceplots saved!
ℹ -> Effective size:
ℹ 155 (93.94%) are good, 9 (5.45%) are acceptable and 1 (0.61%) are bad.
ℹ -> Gelman-Rubin convergence diagnostic:
ℹ 163 (98.79%) are good, 1 (0.61%) are acceptable and 1 (0.61%) are bad.
ℹ -> Autocorrelation:
ℹ [Lag 20]:
ℹ 158 (95.76%) are good and 7 (4.24%) are bad.
ℹ [Lag 50]:
ℹ 164 (99.39%) are good and 1 (0.61%) are bad.

ℹ 3. Performance evaluation...
ℹ Computing training scores...
ℹ Computing testing scores...
ℹ Saving scores...
✔ Scores saved!

ℹ 4. Associations...
✔ Model ran without errors!

! ----- Running loop: 240/320 -----
ℹ - Random effect: none
ℹ - Strategy: 2-part-simplified-uncertainty
ℹ - New samples: 50
ℹ - Train size: 125
ℹ - N variables: 6
ℹ - K-fold: 8

ℹ 0. Setting up path...
! Running simplified-uncertainty...

ℹ 1. Fitting model...
ℹ Preparing training set for HMSC...
ℹ Creation of Hmsc object without random effects...
✔ Created Hmsc object!

ℹ Started fitting at: 2026-09-02 18:50:37.877834
! Cannot display fitting progress when running chains in parallel.
! Set `allow_parallel` to `FALSE` to see progress.
ℹ Completed fitting at: 2026-09-02 18:50:50.55027
ℹ Time elapsed: 12.67
ℹ Saving model...
✔ Model saved!

! Running simplified-uncertainty...

ℹ 1. Fitting model...
ℹ Preparing training set for HMSC...
ℹ Creation of Hmsc object without random effects...
✔ Created Hmsc object!

ℹ Started fitting at: 2026-09-02 18:50:53.89793
! Cannot display fitting progress when running chains in parallel.
! Set `allow_parallel` to `FALSE` to see progress.
ℹ Completed fitting at: 2026-09-02 18:51:06.641926
ℹ Time elapsed: 12.74
ℹ Saving model...
✔ Model saved!

ℹ 2. Convergence diagnostics...
ℹ *** [Parameter: Beta] ***
ℹ Computation of traceplots, can take some time...
ℹ Traceplots saved!
ℹ -> Effective size:
ℹ 151 (91.52%) are good, 13 (7.88%) are acceptable and 1 (0.61%) are bad.
ℹ -> Gelman-Rubin convergence diagnostic:
ℹ 163 (98.79%) are good, 1 (0.61%) are acceptable and 1 (0.61%) are bad.
ℹ -> Autocorrelation:
ℹ [Lag 20]:
ℹ 155 (93.94%) are good and 10 (6.06%) are bad.
ℹ [Lag 50]:
ℹ 164 (99.39%) are good and 1 (0.61%) are bad.

ℹ 3. Performance evaluation...
ℹ Computing training scores...
ℹ Computing testing scores...
ℹ Saving scores...
✔ Scores saved!

ℹ 4. Associations...
✔ Model ran without errors!

! ----- Running loop: 241/320 -----
ℹ - Random effect: none
ℹ - Strategy: 3-part-simplified-uncertainty
ℹ - New samples: 50
ℹ - Train size: 125
ℹ - N variables: 6
ℹ - K-fold: 8

ℹ 0. Setting up path...
! Running simplified-uncertainty...

ℹ 1. Fitting model...
ℹ Preparing training set for HMSC...
ℹ Creation of Hmsc object without random effects...
✔ Created Hmsc object!

ℹ Started fitting at: 2026-09-02 18:52:03.164874
! Cannot display fitting progress when running chains in parallel.
! Set `allow_parallel` to `FALSE` to see progress.
ℹ Completed fitting at: 2026-09-02 18:52:11.27128
ℹ Time elapsed: 8.11
ℹ Saving model...
✔ Model saved!

! Running simplified-uncertainty...

ℹ 1. Fitting model...
ℹ Preparing training set for HMSC...
ℹ Creation of Hmsc object without random effects...
✔ Created Hmsc object!

ℹ Started fitting at: 2026-09-02 18:52:14.639583
! Cannot display fitting progress when running chains in parallel.
! Set `allow_parallel` to `FALSE` to see progress.
ℹ Completed fitting at: 2026-09-02 18:52:22.272282
ℹ Time elapsed: 7.63
ℹ Saving model...
✔ Model saved!

! Running simplified-uncertainty...

ℹ 1. Fitting model...
ℹ Preparing training set for HMSC...
ℹ Creation of Hmsc object without random effects...
✔ Created Hmsc object!

ℹ Started fitting at: 2026-09-02 18:52:25.63559
! Cannot display fitting progress when running chains in parallel.
! Set `allow_parallel` to `FALSE` to see progress.
ℹ Completed fitting at: 2026-09-02 18:52:38.286864
ℹ Time elapsed: 12.65
ℹ Saving model...
✔ Model saved!

ℹ 2. Convergence diagnostics...
ℹ *** [Parameter: Beta] ***
ℹ Computation of traceplots, can take some time...
ℹ Traceplots saved!
ℹ -> Effective size:
ℹ 149 (90.3%) are good, 16 (9.7%) are acceptable and 0 (0%) are bad.
ℹ -> Gelman-Rubin convergence diagnostic:
ℹ 165 (100%) are good, 0 (0%) are acceptable and 0 (0%) are bad.
ℹ -> Autocorrelation:
ℹ [Lag 20]:
ℹ 150 (90.91%) are good and 15 (9.09%) are bad.
ℹ [Lag 50]:
ℹ 163 (98.79%) are good and 2 (1.21%) are bad.

ℹ 3. Performance evaluation...
ℹ Computing training scores...
ℹ Computing testing scores...
ℹ Saving scores...
✔ Scores saved!

ℹ 4. Associations...
✔ Model ran without errors!

! ----- Running loop: 242/320 -----
ℹ - Random effect: none
ℹ - Strategy: simplified-uncertainty
ℹ - New samples: 0
ℹ - Train size: 125
ℹ - N variables: 6
ℹ - K-fold: 8

ℹ 0. Setting up path...
! n_new_samples is '0' but strategy is 'simplified-uncertainty'. Overwriting with strategy = 'none' to avoid errors.
ℹ Model already fitted! Skipping...

! ----- Running loop: 243/320 -----
ℹ - Random effect: none
ℹ - Strategy: simplified-uncertainty
ℹ - New samples: 10
ℹ - Train size: 125
ℹ - N variables: 6
ℹ - K-fold: 8

ℹ 0. Setting up path...
! Running simplified-uncertainty...

ℹ 1. Fitting model...
ℹ Preparing training set for HMSC...
ℹ Creation of Hmsc object without random effects...
✔ Created Hmsc object!

ℹ Started fitting at: 2026-09-02 18:53:35.453895
! Cannot display fitting progress when running chains in parallel.
! Set `allow_parallel` to `FALSE` to see progress.
ℹ Completed fitting at: 2026-09-02 18:53:43.175314
ℹ Time elapsed: 7.72
ℹ Saving model...
✔ Model saved!

ℹ 2. Convergence diagnostics...
ℹ *** [Parameter: Beta] ***
ℹ Computation of traceplots, can take some time...
ℹ Traceplots saved!
ℹ -> Effective size:
ℹ 154 (93.33%) are good, 10 (6.06%) are acceptable and 1 (0.61%) are bad.
ℹ -> Gelman-Rubin convergence diagnostic:
ℹ 161 (97.58%) are good, 3 (1.82%) are acceptable and 1 (0.61%) are bad.
ℹ -> Autocorrelation:
ℹ [Lag 20]:
ℹ 156 (94.55%) are good and 9 (5.45%) are bad.
ℹ [Lag 50]:
ℹ 163 (98.79%) are good and 2 (1.21%) are bad.

ℹ 3. Performance evaluation...
ℹ Computing training scores...
ℹ Computing testing scores...
ℹ Saving scores...
✔ Scores saved!

ℹ 4. Associations...
✔ Model ran without errors!

! ----- Running loop: 244/320 -----
ℹ - Random effect: none
ℹ - Strategy: simplified-uncertainty
ℹ - New samples: 25
ℹ - Train size: 125
ℹ - N variables: 6
ℹ - K-fold: 8

ℹ 0. Setting up path...
! Running simplified-uncertainty...

ℹ 1. Fitting model...
ℹ Preparing training set for HMSC...
ℹ Creation of Hmsc object without random effects...
✔ Created Hmsc object!

ℹ Started fitting at: 2026-09-02 18:54:39.723236
! Cannot display fitting progress when running chains in parallel.
! Set `allow_parallel` to `FALSE` to see progress.
ℹ Completed fitting at: 2026-09-02 18:54:48.124753
ℹ Time elapsed: 8.4
ℹ Saving model...
✔ Model saved!

ℹ 2. Convergence diagnostics...
ℹ *** [Parameter: Beta] ***
ℹ Computation of traceplots, can take some time...
ℹ Traceplots saved!
ℹ -> Effective size:
ℹ 158 (95.76%) are good, 6 (3.64%) are acceptable and 1 (0.61%) are bad.
ℹ -> Gelman-Rubin convergence diagnostic:
ℹ 164 (99.39%) are good, 1 (0.61%) are acceptable and 0 (0%) are bad.
ℹ -> Autocorrelation:
ℹ [Lag 20]:
ℹ 160 (96.97%) are good and 5 (3.03%) are bad.
ℹ [Lag 50]:
ℹ 164 (99.39%) are good and 1 (0.61%) are bad.

ℹ 3. Performance evaluation...
ℹ Computing training scores...
ℹ Computing testing scores...
ℹ Saving scores...
✔ Scores saved!

ℹ 4. Associations...
✔ Model ran without errors!

! ----- Running loop: 245/320 -----
ℹ - Random effect: none
ℹ - Strategy: simplified-uncertainty
ℹ - New samples: 100
ℹ - Train size: 125
ℹ - N variables: 6
ℹ - K-fold: 8

ℹ 0. Setting up path...
! Running simplified-uncertainty...

ℹ 1. Fitting model...
ℹ Preparing training set for HMSC...
ℹ Creation of Hmsc object without random effects...
✔ Created Hmsc object!

ℹ Started fitting at: 2026-09-02 18:55:44.840096
! Cannot display fitting progress when running chains in parallel.
! Set `allow_parallel` to `FALSE` to see progress.
ℹ Completed fitting at: 2026-09-02 18:55:53.034404
ℹ Time elapsed: 8.19
ℹ Saving model...
✔ Model saved!

ℹ 2. Convergence diagnostics...
ℹ *** [Parameter: Beta] ***
ℹ Computation of traceplots, can take some time...
ℹ Traceplots saved!
ℹ -> Effective size:
ℹ 151 (91.52%) are good, 14 (8.48%) are acceptable and 0 (0%) are bad.
ℹ -> Gelman-Rubin convergence diagnostic:
ℹ 165 (100%) are good, 0 (0%) are acceptable and 0 (0%) are bad.
ℹ -> Autocorrelation:
ℹ [Lag 20]:
ℹ 152 (92.12%) are good and 13 (7.88%) are bad.
ℹ [Lag 50]:
ℹ 164 (99.39%) are good and 1 (0.61%) are bad.

ℹ 3. Performance evaluation...
ℹ Computing training scores...
ℹ Computing testing scores...
ℹ Saving scores...
✔ Scores saved!

ℹ 4. Associations...
✔ Model ran without errors!

! ----- Running loop: 246/320 -----
ℹ - Random effect: none
ℹ - Strategy: simplified-uncertainty
ℹ - New samples: 150
ℹ - Train size: 125
ℹ - N variables: 6
ℹ - K-fold: 8

ℹ 0. Setting up path...
! Running simplified-uncertainty...

ℹ 1. Fitting model...
ℹ Preparing training set for HMSC...
ℹ Creation of Hmsc object without random effects...
✔ Created Hmsc object!

ℹ Started fitting at: 2026-09-02 18:56:50.129158
! Cannot display fitting progress when running chains in parallel.
! Set `allow_parallel` to `FALSE` to see progress.
ℹ Completed fitting at: 2026-09-02 18:57:00.027093
ℹ Time elapsed: 9.9
ℹ Saving model...
✔ Model saved!

ℹ 2. Convergence diagnostics...
ℹ *** [Parameter: Beta] ***
ℹ Computation of traceplots, can take some time...
ℹ Traceplots saved!
ℹ -> Effective size:
ℹ 152 (92.12%) are good, 13 (7.88%) are acceptable and 0 (0%) are bad.
ℹ -> Gelman-Rubin convergence diagnostic:
ℹ 164 (99.39%) are good, 1 (0.61%) are acceptable and 0 (0%) are bad.
ℹ -> Autocorrelation:
ℹ [Lag 20]:
ℹ 158 (95.76%) are good and 7 (4.24%) are bad.
ℹ [Lag 50]:
ℹ 162 (98.18%) are good and 3 (1.82%) are bad.

ℹ 3. Performance evaluation...
ℹ Computing training scores...
ℹ Computing testing scores...
ℹ Saving scores...
✔ Scores saved!

ℹ 4. Associations...
✔ Model ran without errors!

! ----- Running loop: 247/320 -----
ℹ - Random effect: none
ℹ - Strategy: gap-filling
ℹ - New samples: 0
ℹ - Train size: 125
ℹ - N variables: 6
ℹ - K-fold: 8

ℹ 0. Setting up path...
! n_new_samples is '0' but strategy is 'gap-filling'. Overwriting with strategy = 'none' to avoid errors.
ℹ Model already fitted! Skipping...

! ----- Running loop: 248/320 -----
ℹ - Random effect: none
ℹ - Strategy: gap-filling
ℹ - New samples: 10
ℹ - Train size: 125
ℹ - N variables: 6
ℹ - K-fold: 8

ℹ 0. Setting up path...
ℹ Searching for the most distant points...

ℹ 1. Fitting model...
ℹ Preparing training set for HMSC...
ℹ Creation of Hmsc object without random effects...
✔ Created Hmsc object!

ℹ Started fitting at: 2026-09-02 18:57:54.188098
! Cannot display fitting progress when running chains in parallel.
! Set `allow_parallel` to `FALSE` to see progress.
ℹ Completed fitting at: 2026-09-02 18:58:07.120955
ℹ Time elapsed: 12.93
ℹ Saving model...
✔ Model saved!

ℹ 2. Convergence diagnostics...
ℹ *** [Parameter: Beta] ***
ℹ Computation of traceplots, can take some time...
ℹ Traceplots saved!
ℹ -> Effective size:
ℹ 156 (94.55%) are good, 9 (5.45%) are acceptable and 0 (0%) are bad.
ℹ -> Gelman-Rubin convergence diagnostic:
ℹ 164 (99.39%) are good, 1 (0.61%) are acceptable and 0 (0%) are bad.
ℹ -> Autocorrelation:
ℹ [Lag 20]:
ℹ 158 (95.76%) are good and 7 (4.24%) are bad.
ℹ [Lag 50]:
ℹ 164 (99.39%) are good and 1 (0.61%) are bad.

ℹ 3. Performance evaluation...
ℹ Computing training scores...
ℹ Computing testing scores...
ℹ Saving scores...
✔ Scores saved!

ℹ 4. Associations...
✔ Model ran without errors!

! ----- Running loop: 249/320 -----
ℹ - Random effect: none
ℹ - Strategy: gap-filling
ℹ - New samples: 25
ℹ - Train size: 125
ℹ - N variables: 6
ℹ - K-fold: 8

ℹ 0. Setting up path...
ℹ Searching for the most distant points...

ℹ 1. Fitting model...
ℹ Preparing training set for HMSC...
ℹ Creation of Hmsc object without random effects...
✔ Created Hmsc object!

ℹ Started fitting at: 2026-09-02 18:59:02.914052
! Cannot display fitting progress when running chains in parallel.
! Set `allow_parallel` to `FALSE` to see progress.
ℹ Completed fitting at: 2026-09-02 18:59:15.811392
ℹ Time elapsed: 12.9
ℹ Saving model...
✔ Model saved!

ℹ 2. Convergence diagnostics...
ℹ *** [Parameter: Beta] ***
ℹ Computation of traceplots, can take some time...
ℹ Traceplots saved!
ℹ -> Effective size:
ℹ 157 (95.15%) are good, 8 (4.85%) are acceptable and 0 (0%) are bad.
ℹ -> Gelman-Rubin convergence diagnostic:
ℹ 164 (99.39%) are good, 1 (0.61%) are acceptable and 0 (0%) are bad.
ℹ -> Autocorrelation:
ℹ [Lag 20]:
ℹ 161 (97.58%) are good and 4 (2.42%) are bad.
ℹ [Lag 50]:
ℹ 165 (100%) are good and 0 (0%) are bad.

ℹ 3. Performance evaluation...
ℹ Computing training scores...
ℹ Computing testing scores...
ℹ Saving scores...
✔ Scores saved!

ℹ 4. Associations...
✔ Model ran without errors!

! ----- Running loop: 250/320 -----
ℹ - Random effect: none
ℹ - Strategy: gap-filling
ℹ - New samples: 100
ℹ - Train size: 125
ℹ - N variables: 6
ℹ - K-fold: 8

ℹ 0. Setting up path...
ℹ Searching for the most distant points...

ℹ 1. Fitting model...
ℹ Preparing training set for HMSC...
ℹ Creation of Hmsc object without random effects...
✔ Created Hmsc object!

ℹ Started fitting at: 2026-09-02 19:00:21.249977
! Cannot display fitting progress when running chains in parallel.
! Set `allow_parallel` to `FALSE` to see progress.
ℹ Completed fitting at: 2026-09-02 19:00:29.330596
ℹ Time elapsed: 8.08
ℹ Saving model...
✔ Model saved!

ℹ 2. Convergence diagnostics...
ℹ *** [Parameter: Beta] ***
ℹ Computation of traceplots, can take some time...
ℹ Traceplots saved!
ℹ -> Effective size:
ℹ 156 (94.55%) are good, 9 (5.45%) are acceptable and 0 (0%) are bad.
ℹ -> Gelman-Rubin convergence diagnostic:
ℹ 164 (99.39%) are good, 1 (0.61%) are acceptable and 0 (0%) are bad.
ℹ -> Autocorrelation:
ℹ [Lag 20]:
ℹ 158 (95.76%) are good and 7 (4.24%) are bad.
ℹ [Lag 50]:
ℹ 163 (98.79%) are good and 2 (1.21%) are bad.

ℹ 3. Performance evaluation...
ℹ Computing training scores...
ℹ Computing testing scores...
ℹ Saving scores...
✔ Scores saved!

ℹ 4. Associations...
✔ Model ran without errors!

! ----- Running loop: 251/320 -----
ℹ - Random effect: none
ℹ - Strategy: gap-filling
ℹ - New samples: 150
ℹ - Train size: 125
ℹ - N variables: 6
ℹ - K-fold: 8

ℹ 0. Setting up path...
ℹ Searching for the most distant points...

ℹ 1. Fitting model...
ℹ Preparing training set for HMSC...
ℹ Creation of Hmsc object without random effects...
✔ Created Hmsc object!

ℹ Started fitting at: 2026-09-02 19:01:37.560628
! Cannot display fitting progress when running chains in parallel.
! Set `allow_parallel` to `FALSE` to see progress.
ℹ Completed fitting at: 2026-09-02 19:01:45.628331
ℹ Time elapsed: 8.07
ℹ Saving model...
✔ Model saved!

ℹ 2. Convergence diagnostics...
ℹ *** [Parameter: Beta] ***
ℹ Computation of traceplots, can take some time...
ℹ Traceplots saved!
ℹ -> Effective size:
ℹ 151 (91.52%) are good, 14 (8.48%) are acceptable and 0 (0%) are bad.
ℹ -> Gelman-Rubin convergence diagnostic:
ℹ 165 (100%) are good, 0 (0%) are acceptable and 0 (0%) are bad.
ℹ -> Autocorrelation:
ℹ [Lag 20]:
ℹ 158 (95.76%) are good and 7 (4.24%) are bad.
ℹ [Lag 50]:
ℹ 164 (99.39%) are good and 1 (0.61%) are bad.

ℹ 3. Performance evaluation...
ℹ Computing training scores...
ℹ Computing testing scores...
ℹ Saving scores...
✔ Scores saved!

ℹ 4. Associations...
✔ Model ran without errors!

! ----- Running loop: 252/320 -----
ℹ - Random effect: none
ℹ - Strategy: 3-part-simplified-uncertainty
ℹ - New samples: 0
ℹ - Train size: 125
ℹ - N variables: 6
ℹ - K-fold: 8

ℹ 0. Setting up path...
! n_new_samples is '0' but strategy is '3-part-simplified-uncertainty'. Overwriting with strategy = 'none' to avoid errors.
ℹ Model already fitted! Skipping...

! ----- Running loop: 253/320 -----
ℹ - Random effect: none
ℹ - Strategy: 3-part-simplified-uncertainty
ℹ - New samples: 10
ℹ - Train size: 125
ℹ - N variables: 6
ℹ - K-fold: 8

ℹ 0. Setting up path...
! Running simplified-uncertainty...

ℹ 1. Fitting model...
ℹ Preparing training set for HMSC...
ℹ Creation of Hmsc object without random effects...
✔ Created Hmsc object!

ℹ Started fitting at: 2026-09-02 19:02:42.962253
! Cannot display fitting progress when running chains in parallel.
! Set `allow_parallel` to `FALSE` to see progress.
ℹ Completed fitting at: 2026-09-02 19:02:50.298847
ℹ Time elapsed: 7.34
ℹ Saving model...
✔ Model saved!

! Running simplified-uncertainty...

ℹ 1. Fitting model...
ℹ Preparing training set for HMSC...
ℹ Creation of Hmsc object without random effects...
✔ Created Hmsc object!

ℹ Started fitting at: 2026-09-02 19:02:53.691883
! Cannot display fitting progress when running chains in parallel.
! Set `allow_parallel` to `FALSE` to see progress.
ℹ Completed fitting at: 2026-09-02 19:03:00.964568
ℹ Time elapsed: 7.27
ℹ Saving model...
✔ Model saved!

! Running simplified-uncertainty...

ℹ 1. Fitting model...
ℹ Preparing training set for HMSC...
ℹ Creation of Hmsc object without random effects...
✔ Created Hmsc object!

ℹ Started fitting at: 2026-09-02 19:03:04.348264
! Cannot display fitting progress when running chains in parallel.
! Set `allow_parallel` to `FALSE` to see progress.
ℹ Completed fitting at: 2026-09-02 19:03:16.869721
ℹ Time elapsed: 12.52
ℹ Saving model...
✔ Model saved!

ℹ 2. Convergence diagnostics...
ℹ *** [Parameter: Beta] ***
ℹ Computation of traceplots, can take some time...
ℹ Traceplots saved!
ℹ -> Effective size:
ℹ 151 (91.52%) are good, 13 (7.88%) are acceptable and 1 (0.61%) are bad.
ℹ -> Gelman-Rubin convergence diagnostic:
ℹ 164 (99.39%) are good, 0 (0%) are acceptable and 1 (0.61%) are bad.
ℹ -> Autocorrelation:
ℹ [Lag 20]:
ℹ 152 (92.12%) are good and 13 (7.88%) are bad.
ℹ [Lag 50]:
ℹ 161 (97.58%) are good and 4 (2.42%) are bad.

ℹ 3. Performance evaluation...
ℹ Computing training scores...
ℹ Computing testing scores...
ℹ Saving scores...
✔ Scores saved!

ℹ 4. Associations...
✔ Model ran without errors!

! ----- Running loop: 254/320 -----
ℹ - Random effect: none
ℹ - Strategy: 3-part-simplified-uncertainty
ℹ - New samples: 25
ℹ - Train size: 125
ℹ - N variables: 6
ℹ - K-fold: 8

ℹ 0. Setting up path...
! Running simplified-uncertainty...

ℹ 1. Fitting model...
ℹ Preparing training set for HMSC...
ℹ Creation of Hmsc object without random effects...
✔ Created Hmsc object!

ℹ Started fitting at: 2026-09-02 19:04:17.827266
! Cannot display fitting progress when running chains in parallel.
! Set `allow_parallel` to `FALSE` to see progress.
ℹ Completed fitting at: 2026-09-02 19:04:25.184964
ℹ Time elapsed: 7.36
ℹ Saving model...
✔ Model saved!

! Running simplified-uncertainty...

ℹ 1. Fitting model...
ℹ Preparing training set for HMSC...
ℹ Creation of Hmsc object without random effects...
✔ Created Hmsc object!

ℹ Started fitting at: 2026-09-02 19:04:28.594611
! Cannot display fitting progress when running chains in parallel.
! Set `allow_parallel` to `FALSE` to see progress.
ℹ Completed fitting at: 2026-09-02 19:04:36.541022
ℹ Time elapsed: 7.95
ℹ Saving model...
✔ Model saved!

! Running simplified-uncertainty...

ℹ 1. Fitting model...
ℹ Preparing training set for HMSC...
ℹ Creation of Hmsc object without random effects...
✔ Created Hmsc object!

ℹ Started fitting at: 2026-09-02 19:04:39.928487
! Cannot display fitting progress when running chains in parallel.
! Set `allow_parallel` to `FALSE` to see progress.
ℹ Completed fitting at: 2026-09-02 19:04:52.915312
ℹ Time elapsed: 12.99
ℹ Saving model...
✔ Model saved!

ℹ 2. Convergence diagnostics...
ℹ *** [Parameter: Beta] ***
ℹ Computation of traceplots, can take some time...
ℹ Traceplots saved!
ℹ -> Effective size:
ℹ 152 (92.12%) are good, 12 (7.27%) are acceptable and 1 (0.61%) are bad.
ℹ -> Gelman-Rubin convergence diagnostic:
ℹ 161 (97.58%) are good, 4 (2.42%) are acceptable and 0 (0%) are bad.
ℹ -> Autocorrelation:
ℹ [Lag 20]:
ℹ 154 (93.33%) are good and 11 (6.67%) are bad.
ℹ [Lag 50]:
ℹ 162 (98.18%) are good and 3 (1.82%) are bad.

ℹ 3. Performance evaluation...
ℹ Computing training scores...
ℹ Computing testing scores...
ℹ Saving scores...
✔ Scores saved!

ℹ 4. Associations...
✔ Model ran without errors!

! ----- Running loop: 255/320 -----
ℹ - Random effect: none
ℹ - Strategy: 3-part-simplified-uncertainty
ℹ - New samples: 100
ℹ - Train size: 125
ℹ - N variables: 6
ℹ - K-fold: 8

ℹ 0. Setting up path...
! Running simplified-uncertainty...

ℹ 1. Fitting model...
ℹ Preparing training set for HMSC...
ℹ Creation of Hmsc object without random effects...
✔ Created Hmsc object!

ℹ Started fitting at: 2026-09-02 19:05:49.994253
! Cannot display fitting progress when running chains in parallel.
! Set `allow_parallel` to `FALSE` to see progress.
ℹ Completed fitting at: 2026-09-02 19:05:57.510267
ℹ Time elapsed: 7.52
ℹ Saving model...
✔ Model saved!

! Running simplified-uncertainty...

ℹ 1. Fitting model...
ℹ Preparing training set for HMSC...
ℹ Creation of Hmsc object without random effects...
✔ Created Hmsc object!

ℹ Started fitting at: 2026-09-02 19:06:00.896914
! Cannot display fitting progress when running chains in parallel.
! Set `allow_parallel` to `FALSE` to see progress.
ℹ Completed fitting at: 2026-09-02 19:06:08.75897
ℹ Time elapsed: 7.86
ℹ Saving model...
✔ Model saved!

! Running simplified-uncertainty...

ℹ 1. Fitting model...
ℹ Preparing training set for HMSC...
ℹ Creation of Hmsc object without random effects...
✔ Created Hmsc object!

ℹ Started fitting at: 2026-09-02 19:06:12.117324
! Cannot display fitting progress when running chains in parallel.
! Set `allow_parallel` to `FALSE` to see progress.
ℹ Completed fitting at: 2026-09-02 19:06:24.641026
ℹ Time elapsed: 12.52
ℹ Saving model...
✔ Model saved!

ℹ 2. Convergence diagnostics...
ℹ *** [Parameter: Beta] ***
ℹ Computation of traceplots, can take some time...
ℹ Traceplots saved!
ℹ -> Effective size:
ℹ 140 (84.85%) are good, 25 (15.15%) are acceptable and 0 (0%) are bad.
ℹ -> Gelman-Rubin convergence diagnostic:
ℹ 161 (97.58%) are good, 3 (1.82%) are acceptable and 1 (0.61%) are bad.
ℹ -> Autocorrelation:
ℹ [Lag 20]:
ℹ 146 (88.48%) are good and 19 (11.52%) are bad.
ℹ [Lag 50]:
ℹ 161 (97.58%) are good and 4 (2.42%) are bad.

ℹ 3. Performance evaluation...
ℹ Computing training scores...
ℹ Computing testing scores...
ℹ Saving scores...
✔ Scores saved!

ℹ 4. Associations...
✔ Model ran without errors!

! ----- Running loop: 256/320 -----
ℹ - Random effect: none
ℹ - Strategy: 3-part-simplified-uncertainty
ℹ - New samples: 150
ℹ - Train size: 125
ℹ - N variables: 6
ℹ - K-fold: 8

ℹ 0. Setting up path...
! Running simplified-uncertainty...

ℹ 1. Fitting model...
ℹ Preparing training set for HMSC...
ℹ Creation of Hmsc object without random effects...
✔ Created Hmsc object!

ℹ Started fitting at: 2026-09-02 19:07:21.646942
! Cannot display fitting progress when running chains in parallel.
! Set `allow_parallel` to `FALSE` to see progress.
ℹ Completed fitting at: 2026-09-02 19:07:34.524187
ℹ Time elapsed: 12.88
ℹ Saving model...
✔ Model saved!

! Running simplified-uncertainty...

ℹ 1. Fitting model...
ℹ Preparing training set for HMSC...
ℹ Creation of Hmsc object without random effects...
✔ Created Hmsc object!

ℹ Started fitting at: 2026-09-02 19:07:37.893891
! Cannot display fitting progress when running chains in parallel.
! Set `allow_parallel` to `FALSE` to see progress.
ℹ Completed fitting at: 2026-09-02 19:07:50.843427
ℹ Time elapsed: 12.95
ℹ Saving model...
✔ Model saved!

! Running simplified-uncertainty...

ℹ 1. Fitting model...
ℹ Preparing training set for HMSC...
ℹ Creation of Hmsc object without random effects...
✔ Created Hmsc object!

ℹ Started fitting at: 2026-09-02 19:07:54.169581
! Cannot display fitting progress when running chains in parallel.
! Set `allow_parallel` to `FALSE` to see progress.
ℹ Completed fitting at: 2026-09-02 19:08:06.955217
ℹ Time elapsed: 12.79
ℹ Saving model...
✔ Model saved!

ℹ 2. Convergence diagnostics...
ℹ *** [Parameter: Beta] ***
ℹ Computation of traceplots, can take some time...
ℹ Traceplots saved!
ℹ -> Effective size:
ℹ 139 (84.24%) are good, 25 (15.15%) are acceptable and 1 (0.61%) are bad.
ℹ -> Gelman-Rubin convergence diagnostic:
ℹ 165 (100%) are good, 0 (0%) are acceptable and 0 (0%) are bad.
ℹ -> Autocorrelation:
ℹ [Lag 20]:
ℹ 143 (86.67%) are good and 22 (13.33%) are bad.
ℹ [Lag 50]:
ℹ 159 (96.36%) are good and 6 (3.64%) are bad.

ℹ 3. Performance evaluation...
ℹ Computing training scores...
ℹ Computing testing scores...
ℹ Saving scores...
✔ Scores saved!

ℹ 4. Associations...
✔ Model ran without errors!

! ----- Running loop: 257/320 -----
ℹ - Random effect: none
ℹ - Strategy: none
ℹ - New samples: 0
ℹ - Train size: 15
ℹ - N variables: 6
ℹ - K-fold: 9

ℹ 0. Setting up path...

ℹ 1. Fitting model...
ℹ Preparing training set for HMSC...
ℹ Creation of Hmsc object without random effects...
✔ Created Hmsc object!

ℹ Started fitting at: 2026-09-02 19:09:00.595837
! Cannot display fitting progress when running chains in parallel.
! Set `allow_parallel` to `FALSE` to see progress.
ℹ Completed fitting at: 2026-09-02 19:09:12.674481
ℹ Time elapsed: 12.08
ℹ Saving model...
✔ Model saved!

ℹ 2. Convergence diagnostics...
ℹ *** [Parameter: Beta] ***
ℹ Computation of traceplots, can take some time...
ℹ Traceplots saved!
ℹ -> Effective size:
ℹ 132 (80%) are good, 33 (20%) are acceptable and 0 (0%) are bad.
ℹ -> Gelman-Rubin convergence diagnostic:
ℹ 159 (96.36%) are good, 6 (3.64%) are acceptable and 0 (0%) are bad.
ℹ -> Autocorrelation:
ℹ [Lag 20]:
ℹ 125 (75.76%) are good and 40 (24.24%) are bad.
ℹ [Lag 50]:
ℹ 165 (100%) are good and 0 (0%) are bad.

ℹ 3. Performance evaluation...
ℹ Computing training scores...
ℹ Computing testing scores...
ℹ Saving scores...
✔ Scores saved!

ℹ 4. Associations...
✔ Model ran without errors!

! ----- Running loop: 258/320 -----
ℹ - Random effect: none
ℹ - Strategy: none
ℹ - New samples: 0
ℹ - Train size: 25
ℹ - N variables: 6
ℹ - K-fold: 9

ℹ 0. Setting up path...

ℹ 1. Fitting model...
ℹ Preparing training set for HMSC...
ℹ Creation of Hmsc object without random effects...
✔ Created Hmsc object!

ℹ Started fitting at: 2026-09-02 19:09:45.733659
! Cannot display fitting progress when running chains in parallel.
! Set `allow_parallel` to `FALSE` to see progress.
ℹ Completed fitting at: 2026-09-02 19:09:57.457615
ℹ Time elapsed: 11.72
ℹ Saving model...
✔ Model saved!

ℹ 2. Convergence diagnostics...
ℹ *** [Parameter: Beta] ***
ℹ Computation of traceplots, can take some time...
ℹ Traceplots saved!
ℹ -> Effective size:
ℹ 104 (63.03%) are good, 61 (36.97%) are acceptable and 0 (0%) are bad.
ℹ -> Gelman-Rubin convergence diagnostic:
ℹ 158 (95.76%) are good, 7 (4.24%) are acceptable and 0 (0%) are bad.
ℹ -> Autocorrelation:
ℹ [Lag 20]:
ℹ 99 (60%) are good and 66 (40%) are bad.
ℹ [Lag 50]:
ℹ 153 (92.73%) are good and 12 (7.27%) are bad.

ℹ 3. Performance evaluation...
ℹ Computing training scores...
ℹ Computing testing scores...
ℹ Saving scores...
✔ Scores saved!

ℹ 4. Associations...
✔ Model ran without errors!

! ----- Running loop: 259/320 -----
ℹ - Random effect: none
ℹ - Strategy: none
ℹ - New samples: 0
ℹ - Train size: 50
ℹ - N variables: 6
ℹ - K-fold: 9

ℹ 0. Setting up path...

ℹ 1. Fitting model...
ℹ Preparing training set for HMSC...
ℹ Creation of Hmsc object without random effects...
✔ Created Hmsc object!

ℹ Started fitting at: 2026-09-02 19:10:30.543504
! Cannot display fitting progress when running chains in parallel.
! Set `allow_parallel` to `FALSE` to see progress.
ℹ Completed fitting at: 2026-09-02 19:10:42.647384
ℹ Time elapsed: 12.1
ℹ Saving model...
✔ Model saved!

ℹ 2. Convergence diagnostics...
ℹ *** [Parameter: Beta] ***
ℹ Computation of traceplots, can take some time...
ℹ Traceplots saved!
ℹ -> Effective size:
ℹ 131 (79.39%) are good, 34 (20.61%) are acceptable and 0 (0%) are bad.
ℹ -> Gelman-Rubin convergence diagnostic:
ℹ 162 (98.18%) are good, 3 (1.82%) are acceptable and 0 (0%) are bad.
ℹ -> Autocorrelation:
ℹ [Lag 20]:
ℹ 129 (78.18%) are good and 36 (21.82%) are bad.
ℹ [Lag 50]:
ℹ 164 (99.39%) are good and 1 (0.61%) are bad.

ℹ 3. Performance evaluation...
ℹ Computing training scores...
ℹ Computing testing scores...
ℹ Saving scores...
✔ Scores saved!

ℹ 4. Associations...
✔ Model ran without errors!

! ----- Running loop: 260/320 -----
ℹ - Random effect: none
ℹ - Strategy: none
ℹ - New samples: 0
ℹ - Train size: 75
ℹ - N variables: 6
ℹ - K-fold: 9

ℹ 0. Setting up path...

ℹ 1. Fitting model...
ℹ Preparing training set for HMSC...
ℹ Creation of Hmsc object without random effects...
✔ Created Hmsc object!

ℹ Started fitting at: 2026-09-02 19:11:15.661591
! Cannot display fitting progress when running chains in parallel.
! Set `allow_parallel` to `FALSE` to see progress.
ℹ Completed fitting at: 2026-09-02 19:11:27.683068
ℹ Time elapsed: 12.02
ℹ Saving model...
✔ Model saved!

ℹ 2. Convergence diagnostics...
ℹ *** [Parameter: Beta] ***
ℹ Computation of traceplots, can take some time...
ℹ Traceplots saved!
ℹ -> Effective size:
ℹ 135 (81.82%) are good, 30 (18.18%) are acceptable and 0 (0%) are bad.
ℹ -> Gelman-Rubin convergence diagnostic:
ℹ 164 (99.39%) are good, 1 (0.61%) are acceptable and 0 (0%) are bad.
ℹ -> Autocorrelation:
ℹ [Lag 20]:
ℹ 134 (81.21%) are good and 31 (18.79%) are bad.
ℹ [Lag 50]:
ℹ 165 (100%) are good and 0 (0%) are bad.

ℹ 3. Performance evaluation...
ℹ Computing training scores...
ℹ Computing testing scores...
ℹ Saving scores...
✔ Scores saved!

ℹ 4. Associations...
✔ Model ran without errors!

! ----- Running loop: 261/320 -----
ℹ - Random effect: none
ℹ - Strategy: none
ℹ - New samples: 0
ℹ - Train size: 100
ℹ - N variables: 6
ℹ - K-fold: 9

ℹ 0. Setting up path...

ℹ 1. Fitting model...
ℹ Preparing training set for HMSC...
ℹ Creation of Hmsc object without random effects...
✔ Created Hmsc object!

ℹ Started fitting at: 2026-09-02 19:12:01.623868
! Cannot display fitting progress when running chains in parallel.
! Set `allow_parallel` to `FALSE` to see progress.
ℹ Completed fitting at: 2026-09-02 19:12:08.868913
ℹ Time elapsed: 7.25
ℹ Saving model...
✔ Model saved!

ℹ 2. Convergence diagnostics...
ℹ *** [Parameter: Beta] ***
ℹ Computation of traceplots, can take some time...
ℹ Traceplots saved!
ℹ -> Effective size:
ℹ 140 (84.85%) are good, 25 (15.15%) are acceptable and 0 (0%) are bad.
ℹ -> Gelman-Rubin convergence diagnostic:
ℹ 165 (100%) are good, 0 (0%) are acceptable and 0 (0%) are bad.
ℹ -> Autocorrelation:
ℹ [Lag 20]:
ℹ 141 (85.45%) are good and 24 (14.55%) are bad.
ℹ [Lag 50]:
ℹ 165 (100%) are good and 0 (0%) are bad.

ℹ 3. Performance evaluation...
ℹ Computing training scores...
ℹ Computing testing scores...
ℹ Saving scores...
✔ Scores saved!

ℹ 4. Associations...
✔ Model ran without errors!

! ----- Running loop: 262/320 -----
ℹ - Random effect: none
ℹ - Strategy: none
ℹ - New samples: 0
ℹ - Train size: 125
ℹ - N variables: 6
ℹ - K-fold: 9

ℹ 0. Setting up path...

ℹ 1. Fitting model...
ℹ Preparing training set for HMSC...
ℹ Creation of Hmsc object without random effects...
✔ Created Hmsc object!

ℹ Started fitting at: 2026-09-02 19:12:41.336863
! Cannot display fitting progress when running chains in parallel.
! Set `allow_parallel` to `FALSE` to see progress.
ℹ Completed fitting at: 2026-09-02 19:12:48.86859
ℹ Time elapsed: 7.53
ℹ Saving model...
✔ Model saved!

ℹ 2. Convergence diagnostics...
ℹ *** [Parameter: Beta] ***
ℹ Computation of traceplots, can take some time...
ℹ Traceplots saved!
ℹ -> Effective size:
ℹ 142 (86.06%) are good, 23 (13.94%) are acceptable and 0 (0%) are bad.
ℹ -> Gelman-Rubin convergence diagnostic:
ℹ 164 (99.39%) are good, 0 (0%) are acceptable and 1 (0.61%) are bad.
ℹ -> Autocorrelation:
ℹ [Lag 20]:
ℹ 146 (88.48%) are good and 19 (11.52%) are bad.
ℹ [Lag 50]:
ℹ 162 (98.18%) are good and 3 (1.82%) are bad.

ℹ 3. Performance evaluation...
ℹ Computing training scores...
ℹ Computing testing scores...
ℹ Saving scores...
✔ Scores saved!

ℹ 4. Associations...
✔ Model ran without errors!

! ----- Running loop: 263/320 -----
ℹ - Random effect: carres
ℹ - Strategy: none
ℹ - New samples: 0
ℹ - Train size: 125
ℹ - N variables: 6
ℹ - K-fold: 9

ℹ 0. Setting up path...

ℹ 1. Fitting model...
ℹ Preparing training set for HMSC...
ℹ Creation of Hmsc object with 'units' effect...
✔ Created Hmsc object!

ℹ Started fitting at: 2026-09-02 19:13:22.055132
! Cannot display fitting progress when running chains in parallel.
! Set `allow_parallel` to `FALSE` to see progress.
ℹ Completed fitting at: 2026-09-02 19:13:45.38634
ℹ Time elapsed: 23.33
ℹ Saving model...
✔ Model saved!

ℹ 2. Convergence diagnostics...
ℹ *** [Parameter: Beta] ***
ℹ Computation of traceplots, can take some time...
ℹ Traceplots saved!
ℹ -> Effective size:
ℹ 135 (81.82%) are good, 30 (18.18%) are acceptable and 0 (0%) are bad.
ℹ -> Gelman-Rubin convergence diagnostic:
ℹ 157 (95.15%) are good, 7 (4.24%) are acceptable and 1 (0.61%) are bad.
ℹ -> Autocorrelation:
ℹ [Lag 20]:
ℹ 137 (83.03%) are good and 28 (16.97%) are bad.
ℹ [Lag 50]:
ℹ 162 (98.18%) are good and 3 (1.82%) are bad.
ℹ *** [Parameter: Omega] ***
ℹ Computation of traceplots, can take some time...
ℹ Traceplots saved!
ℹ -> Effective size:
ℹ 182 (80.89%) are good, 42 (18.67%) are acceptable and 1 (0.44%) are bad.
ℹ -> Gelman-Rubin convergence diagnostic:
ℹ 208 (92.44%) are good, 13 (5.78%) are acceptable and 4 (1.78%) are bad.
ℹ -> Autocorrelation:
ℹ [Lag 20]:
ℹ 190 (84.44%) are good and 35 (15.56%) are bad.
ℹ [Lag 50]:
ℹ 225 (100%) are good and 0 (0%) are bad.

ℹ 3. Performance evaluation...
ℹ Computing training scores...
ℹ Computing testing scores...
ℹ Saving scores...
✔ Scores saved!

ℹ 4. Associations...
✔ Model ran without errors!

! ----- Running loop: 264/320 -----
ℹ - Random effect: spatial
ℹ - Strategy: none
ℹ - New samples: 0
ℹ - Train size: 125
ℹ - N variables: 6
ℹ - K-fold: 9

ℹ 0. Setting up path...

ℹ 1. Fitting model...
ℹ Preparing training set for HMSC...
ℹ Creation of Hmsc object with 'spatial' effect...
✔ Created Hmsc object!

ℹ Started fitting at: 2026-09-02 19:14:45.295067
! Cannot display fitting progress when running chains in parallel.
! Set `allow_parallel` to `FALSE` to see progress.
ℹ Completed fitting at: 2026-09-02 19:15:19.023522
ℹ Time elapsed: 33.73
ℹ Saving model...
✔ Model saved!

ℹ 2. Convergence diagnostics...
ℹ *** [Parameter: Beta] ***
ℹ Computation of traceplots, can take some time...
ℹ Traceplots saved!
ℹ -> Effective size:
ℹ 125 (75.76%) are good, 40 (24.24%) are acceptable and 0 (0%) are bad.
ℹ -> Gelman-Rubin convergence diagnostic:
ℹ 165 (100%) are good, 0 (0%) are acceptable and 0 (0%) are bad.
ℹ -> Autocorrelation:
ℹ [Lag 20]:
ℹ 127 (76.97%) are good and 38 (23.03%) are bad.
ℹ [Lag 50]:
ℹ 164 (99.39%) are good and 1 (0.61%) are bad.
ℹ *** [Parameter: Omega] ***
ℹ Computation of traceplots, can take some time...
ℹ Traceplots saved!
ℹ -> Effective size:
ℹ 179 (79.56%) are good, 41 (18.22%) are acceptable and 5 (2.22%) are bad.
ℹ -> Gelman-Rubin convergence diagnostic:
ℹ 210 (93.33%) are good, 12 (5.33%) are acceptable and 3 (1.33%) are bad.
ℹ -> Autocorrelation:
ℹ [Lag 20]:
ℹ 189 (84%) are good and 36 (16%) are bad.
ℹ [Lag 50]:
ℹ 219 (97.33%) are good and 6 (2.67%) are bad.

ℹ 3. Performance evaluation...
ℹ Computing training scores...
ℹ Computing testing scores...
ℹ Saving scores...
✔ Scores saved!

ℹ 4. Associations...
✔ Model ran without errors!

! ----- Running loop: 265/320 -----
ℹ - Random effect: none
ℹ - Strategy: none
ℹ - New samples: 0
ℹ - Train size: 125
ℹ - N variables: 4
ℹ - K-fold: 9

ℹ 0. Setting up path...

ℹ 1. Fitting model...
ℹ Preparing training set for HMSC...
ℹ Creation of Hmsc object without random effects...
✔ Created Hmsc object!

ℹ Started fitting at: 2026-09-02 19:17:29.74866
! Cannot display fitting progress when running chains in parallel.
! Set `allow_parallel` to `FALSE` to see progress.
ℹ Completed fitting at: 2026-09-02 19:17:42.193509
ℹ Time elapsed: 12.44
ℹ Saving model...
✔ Model saved!

ℹ 2. Convergence diagnostics...
ℹ *** [Parameter: Beta] ***
ℹ Computation of traceplots, can take some time...
ℹ Traceplots saved!
ℹ -> Effective size:
ℹ 120 (88.89%) are good, 15 (11.11%) are acceptable and 0 (0%) are bad.
ℹ -> Gelman-Rubin convergence diagnostic:
ℹ 134 (99.26%) are good, 1 (0.74%) are acceptable and 0 (0%) are bad.
ℹ -> Autocorrelation:
ℹ [Lag 20]:
ℹ 119 (88.15%) are good and 16 (11.85%) are bad.
ℹ [Lag 50]:
ℹ 135 (100%) are good and 0 (0%) are bad.

ℹ 3. Performance evaluation...
ℹ Computing training scores...
ℹ Computing testing scores...
ℹ Saving scores...
✔ Scores saved!

ℹ 4. Associations...
✔ Model ran without errors!

! ----- Running loop: 266/320 -----
ℹ - Random effect: none
ℹ - Strategy: none
ℹ - New samples: 0
ℹ - Train size: 125
ℹ - N variables: 3
ℹ - K-fold: 9

ℹ 0. Setting up path...

ℹ 1. Fitting model...
ℹ Preparing training set for HMSC...
ℹ Creation of Hmsc object without random effects...
✔ Created Hmsc object!

ℹ Started fitting at: 2026-09-02 19:18:10.631537
! Cannot display fitting progress when running chains in parallel.
! Set `allow_parallel` to `FALSE` to see progress.
ℹ Completed fitting at: 2026-09-02 19:18:17.577255
ℹ Time elapsed: 6.95
ℹ Saving model...
✔ Model saved!

ℹ 2. Convergence diagnostics...
ℹ *** [Parameter: Beta] ***
ℹ Computation of traceplots, can take some time...
ℹ Traceplots saved!
ℹ -> Effective size:
ℹ 101 (84.17%) are good, 18 (15%) are acceptable and 1 (0.83%) are bad.
ℹ -> Gelman-Rubin convergence diagnostic:
ℹ 117 (97.5%) are good, 2 (1.67%) are acceptable and 1 (0.83%) are bad.
ℹ -> Autocorrelation:
ℹ [Lag 20]:
ℹ 101 (84.17%) are good and 19 (15.83%) are bad.
ℹ [Lag 50]:
ℹ 115 (95.83%) are good and 5 (4.17%) are bad.

ℹ 3. Performance evaluation...
ℹ Computing training scores...
ℹ Computing testing scores...
ℹ Saving scores...
✔ Scores saved!

ℹ 4. Associations...
✔ Model ran without errors!

! ----- Running loop: 267/320 -----
ℹ - Random effect: none
ℹ - Strategy: none
ℹ - New samples: 0
ℹ - Train size: 125
ℹ - N variables: 2
ℹ - K-fold: 9

ℹ 0. Setting up path...

ℹ 1. Fitting model...
ℹ Preparing training set for HMSC...
ℹ Creation of Hmsc object without random effects...
✔ Created Hmsc object!

ℹ Started fitting at: 2026-09-02 19:18:42.63505
! Cannot display fitting progress when running chains in parallel.
! Set `allow_parallel` to `FALSE` to see progress.
ℹ Completed fitting at: 2026-09-02 19:18:54.584543
ℹ Time elapsed: 11.95
ℹ Saving model...
✔ Model saved!

ℹ 2. Convergence diagnostics...
ℹ *** [Parameter: Beta] ***
ℹ Computation of traceplots, can take some time...
ℹ Traceplots saved!
ℹ -> Effective size:
ℹ 88 (83.81%) are good, 17 (16.19%) are acceptable and 0 (0%) are bad.
ℹ -> Gelman-Rubin convergence diagnostic:
ℹ 105 (100%) are good, 0 (0%) are acceptable and 0 (0%) are bad.
ℹ -> Autocorrelation:
ℹ [Lag 20]:
ℹ 89 (84.76%) are good and 16 (15.24%) are bad.
ℹ [Lag 50]:
ℹ 105 (100%) are good and 0 (0%) are bad.

ℹ 3. Performance evaluation...
ℹ Computing training scores...
ℹ Computing testing scores...
ℹ Saving scores...
✔ Scores saved!

ℹ 4. Associations...
✔ Model ran without errors!

! ----- Running loop: 268/320 -----
ℹ - Random effect: none
ℹ - Strategy: none
ℹ - New samples: 50
ℹ - Train size: 125
ℹ - N variables: 6
ℹ - K-fold: 9

ℹ 0. Setting up path...
! Strategy is 'none' but n_new_samples is '50'. Overwriting with n_new_samples = '0' to avoid errors.
ℹ Model already fitted! Skipping...

! ----- Running loop: 269/320 -----
ℹ - Random effect: none
ℹ - Strategy: business-as-usual
ℹ - New samples: 50
ℹ - Train size: 125
ℹ - N variables: 6
ℹ - K-fold: 9

ℹ 0. Setting up path...
ℹ Pulling 50 new random samples...

ℹ 1. Fitting model...
ℹ Preparing training set for HMSC...
ℹ Creation of Hmsc object without random effects...
✔ Created Hmsc object!

ℹ Started fitting at: 2026-09-02 19:19:17.479459
! Cannot display fitting progress when running chains in parallel.
! Set `allow_parallel` to `FALSE` to see progress.
ℹ Completed fitting at: 2026-09-02 19:19:25.574016
ℹ Time elapsed: 8.09
ℹ Saving model...
✔ Model saved!

ℹ 2. Convergence diagnostics...
ℹ *** [Parameter: Beta] ***
ℹ Computation of traceplots, can take some time...
ℹ Traceplots saved!
ℹ -> Effective size:
ℹ 144 (87.27%) are good, 21 (12.73%) are acceptable and 0 (0%) are bad.
ℹ -> Gelman-Rubin convergence diagnostic:
ℹ 164 (99.39%) are good, 1 (0.61%) are acceptable and 0 (0%) are bad.
ℹ -> Autocorrelation:
ℹ [Lag 20]:
ℹ 150 (90.91%) are good and 15 (9.09%) are bad.
ℹ [Lag 50]:
ℹ 164 (99.39%) are good and 1 (0.61%) are bad.

ℹ 3. Performance evaluation...
ℹ Computing training scores...
ℹ Computing testing scores...
ℹ Saving scores...
✔ Scores saved!

ℹ 4. Associations...
✔ Model ran without errors!

! ----- Running loop: 270/320 -----
ℹ - Random effect: none
ℹ - Strategy: gap-filling
ℹ - New samples: 50
ℹ - Train size: 125
ℹ - N variables: 6
ℹ - K-fold: 9

ℹ 0. Setting up path...
ℹ Searching for the most distant points...

ℹ 1. Fitting model...
ℹ Preparing training set for HMSC...
ℹ Creation of Hmsc object without random effects...
✔ Created Hmsc object!

ℹ Started fitting at: 2026-09-02 19:20:23.39793
! Cannot display fitting progress when running chains in parallel.
! Set `allow_parallel` to `FALSE` to see progress.
ℹ Completed fitting at: 2026-09-02 19:20:31.110335
ℹ Time elapsed: 7.71
ℹ Saving model...
✔ Model saved!

ℹ 2. Convergence diagnostics...
ℹ *** [Parameter: Beta] ***
ℹ Computation of traceplots, can take some time...
ℹ Traceplots saved!
ℹ -> Effective size:
ℹ 153 (92.73%) are good, 12 (7.27%) are acceptable and 0 (0%) are bad.
ℹ -> Gelman-Rubin convergence diagnostic:
ℹ 165 (100%) are good, 0 (0%) are acceptable and 0 (0%) are bad.
ℹ -> Autocorrelation:
ℹ [Lag 20]:
ℹ 153 (92.73%) are good and 12 (7.27%) are bad.
ℹ [Lag 50]:
ℹ 164 (99.39%) are good and 1 (0.61%) are bad.

ℹ 3. Performance evaluation...
ℹ Computing training scores...
ℹ Computing testing scores...
ℹ Saving scores...
✔ Scores saved!

ℹ 4. Associations...
✔ Model ran without errors!

! ----- Running loop: 271/320 -----
ℹ - Random effect: none
ℹ - Strategy: simplified-uncertainty
ℹ - New samples: 50
ℹ - Train size: 125
ℹ - N variables: 6
ℹ - K-fold: 9

ℹ 0. Setting up path...
! Running simplified-uncertainty...

ℹ 1. Fitting model...
ℹ Preparing training set for HMSC...
ℹ Creation of Hmsc object without random effects...
✔ Created Hmsc object!

ℹ Started fitting at: 2026-09-02 19:21:27.689478
! Cannot display fitting progress when running chains in parallel.
! Set `allow_parallel` to `FALSE` to see progress.
ℹ Completed fitting at: 2026-09-02 19:21:35.369039
ℹ Time elapsed: 7.68
ℹ Saving model...
✔ Model saved!

ℹ 2. Convergence diagnostics...
ℹ *** [Parameter: Beta] ***
ℹ Computation of traceplots, can take some time...
ℹ Traceplots saved!
ℹ -> Effective size:
ℹ 149 (90.3%) are good, 16 (9.7%) are acceptable and 0 (0%) are bad.
ℹ -> Gelman-Rubin convergence diagnostic:
ℹ 163 (98.79%) are good, 2 (1.21%) are acceptable and 0 (0%) are bad.
ℹ -> Autocorrelation:
ℹ [Lag 20]:
ℹ 153 (92.73%) are good and 12 (7.27%) are bad.
ℹ [Lag 50]:
ℹ 165 (100%) are good and 0 (0%) are bad.

ℹ 3. Performance evaluation...
ℹ Computing training scores...
ℹ Computing testing scores...
ℹ Saving scores...
✔ Scores saved!

ℹ 4. Associations...
✔ Model ran without errors!

! ----- Running loop: 272/320 -----
ℹ - Random effect: none
ℹ - Strategy: 2-part-simplified-uncertainty
ℹ - New samples: 50
ℹ - Train size: 125
ℹ - N variables: 6
ℹ - K-fold: 9

ℹ 0. Setting up path...
! Running simplified-uncertainty...

ℹ 1. Fitting model...
ℹ Preparing training set for HMSC...
ℹ Creation of Hmsc object without random effects...
✔ Created Hmsc object!

ℹ Started fitting at: 2026-09-02 19:22:33.085466
! Cannot display fitting progress when running chains in parallel.
! Set `allow_parallel` to `FALSE` to see progress.
ℹ Completed fitting at: 2026-09-02 19:22:40.567194
ℹ Time elapsed: 7.48
ℹ Saving model...
✔ Model saved!

! Running simplified-uncertainty...

ℹ 1. Fitting model...
ℹ Preparing training set for HMSC...
ℹ Creation of Hmsc object without random effects...
✔ Created Hmsc object!

ℹ Started fitting at: 2026-09-02 19:22:43.95281
! Cannot display fitting progress when running chains in parallel.
! Set `allow_parallel` to `FALSE` to see progress.
ℹ Completed fitting at: 2026-09-02 19:22:51.44234
ℹ Time elapsed: 7.49
ℹ Saving model...
✔ Model saved!

ℹ 2. Convergence diagnostics...
ℹ *** [Parameter: Beta] ***
ℹ Computation of traceplots, can take some time...
ℹ Traceplots saved!
ℹ -> Effective size:
ℹ 145 (87.88%) are good, 20 (12.12%) are acceptable and 0 (0%) are bad.
ℹ -> Gelman-Rubin convergence diagnostic:
ℹ 165 (100%) are good, 0 (0%) are acceptable and 0 (0%) are bad.
ℹ -> Autocorrelation:
ℹ [Lag 20]:
ℹ 149 (90.3%) are good and 16 (9.7%) are bad.
ℹ [Lag 50]:
ℹ 164 (99.39%) are good and 1 (0.61%) are bad.

ℹ 3. Performance evaluation...
ℹ Computing training scores...
ℹ Computing testing scores...
ℹ Saving scores...
✔ Scores saved!

ℹ 4. Associations...
✔ Model ran without errors!

! ----- Running loop: 273/320 -----
ℹ - Random effect: none
ℹ - Strategy: 3-part-simplified-uncertainty
ℹ - New samples: 50
ℹ - Train size: 125
ℹ - N variables: 6
ℹ - K-fold: 9

ℹ 0. Setting up path...
! Running simplified-uncertainty...

ℹ 1. Fitting model...
ℹ Preparing training set for HMSC...
ℹ Creation of Hmsc object without random effects...
✔ Created Hmsc object!

ℹ Started fitting at: 2026-09-02 19:23:49.253954
! Cannot display fitting progress when running chains in parallel.
! Set `allow_parallel` to `FALSE` to see progress.
ℹ Completed fitting at: 2026-09-02 19:23:56.911309
ℹ Time elapsed: 7.66
ℹ Saving model...
✔ Model saved!

! Running simplified-uncertainty...

ℹ 1. Fitting model...
ℹ Preparing training set for HMSC...
ℹ Creation of Hmsc object without random effects...
✔ Created Hmsc object!

ℹ Started fitting at: 2026-09-02 19:24:00.267548
! Cannot display fitting progress when running chains in parallel.
! Set `allow_parallel` to `FALSE` to see progress.
ℹ Completed fitting at: 2026-09-02 19:24:12.850758
ℹ Time elapsed: 12.58
ℹ Saving model...
✔ Model saved!

! Running simplified-uncertainty...

ℹ 1. Fitting model...
ℹ Preparing training set for HMSC...
ℹ Creation of Hmsc object without random effects...
✔ Created Hmsc object!

ℹ Started fitting at: 2026-09-02 19:24:16.255543
! Cannot display fitting progress when running chains in parallel.
! Set `allow_parallel` to `FALSE` to see progress.
ℹ Completed fitting at: 2026-09-02 19:24:28.837095
ℹ Time elapsed: 12.58
ℹ Saving model...
✔ Model saved!

ℹ 2. Convergence diagnostics...
ℹ *** [Parameter: Beta] ***
ℹ Computation of traceplots, can take some time...
ℹ Traceplots saved!
ℹ -> Effective size:
ℹ 148 (89.7%) are good, 17 (10.3%) are acceptable and 0 (0%) are bad.
ℹ -> Gelman-Rubin convergence diagnostic:
ℹ 162 (98.18%) are good, 2 (1.21%) are acceptable and 1 (0.61%) are bad.
ℹ -> Autocorrelation:
ℹ [Lag 20]:
ℹ 155 (93.94%) are good and 10 (6.06%) are bad.
ℹ [Lag 50]:
ℹ 164 (99.39%) are good and 1 (0.61%) are bad.

ℹ 3. Performance evaluation...
ℹ Computing training scores...
ℹ Computing testing scores...
ℹ Saving scores...
✔ Scores saved!

ℹ 4. Associations...
✔ Model ran without errors!

! ----- Running loop: 274/320 -----
ℹ - Random effect: none
ℹ - Strategy: simplified-uncertainty
ℹ - New samples: 0
ℹ - Train size: 125
ℹ - N variables: 6
ℹ - K-fold: 9

ℹ 0. Setting up path...
! n_new_samples is '0' but strategy is 'simplified-uncertainty'. Overwriting with strategy = 'none' to avoid errors.
ℹ Model already fitted! Skipping...

! ----- Running loop: 275/320 -----
ℹ - Random effect: none
ℹ - Strategy: simplified-uncertainty
ℹ - New samples: 10
ℹ - Train size: 125
ℹ - N variables: 6
ℹ - K-fold: 9

ℹ 0. Setting up path...
! Running simplified-uncertainty...

ℹ 1. Fitting model...
ℹ Preparing training set for HMSC...
ℹ Creation of Hmsc object without random effects...
✔ Created Hmsc object!

ℹ Started fitting at: 2026-09-02 19:25:25.945186
! Cannot display fitting progress when running chains in parallel.
! Set `allow_parallel` to `FALSE` to see progress.
ℹ Completed fitting at: 2026-09-02 19:25:35.638874
ℹ Time elapsed: 9.69
ℹ Saving model...
✔ Model saved!

ℹ 2. Convergence diagnostics...
ℹ *** [Parameter: Beta] ***
ℹ Computation of traceplots, can take some time...
ℹ Traceplots saved!
ℹ -> Effective size:
ℹ 148 (89.7%) are good, 17 (10.3%) are acceptable and 0 (0%) are bad.
ℹ -> Gelman-Rubin convergence diagnostic:
ℹ 163 (98.79%) are good, 2 (1.21%) are acceptable and 0 (0%) are bad.
ℹ -> Autocorrelation:
ℹ [Lag 20]:
ℹ 150 (90.91%) are good and 15 (9.09%) are bad.
ℹ [Lag 50]:
ℹ 161 (97.58%) are good and 4 (2.42%) are bad.

ℹ 3. Performance evaluation...
ℹ Computing training scores...
ℹ Computing testing scores...
ℹ Saving scores...
✔ Scores saved!

ℹ 4. Associations...
✔ Model ran without errors!

! ----- Running loop: 276/320 -----
ℹ - Random effect: none
ℹ - Strategy: simplified-uncertainty
ℹ - New samples: 25
ℹ - Train size: 125
ℹ - N variables: 6
ℹ - K-fold: 9

ℹ 0. Setting up path...
! Running simplified-uncertainty...

ℹ 1. Fitting model...
ℹ Preparing training set for HMSC...
ℹ Creation of Hmsc object without random effects...
✔ Created Hmsc object!

ℹ Started fitting at: 2026-09-02 19:26:31.941306
! Cannot display fitting progress when running chains in parallel.
! Set `allow_parallel` to `FALSE` to see progress.
ℹ Completed fitting at: 2026-09-02 19:26:41.806667
ℹ Time elapsed: 9.87
ℹ Saving model...
✔ Model saved!

ℹ 2. Convergence diagnostics...
ℹ *** [Parameter: Beta] ***
ℹ Computation of traceplots, can take some time...
ℹ Traceplots saved!
ℹ -> Effective size:
ℹ 147 (89.09%) are good, 18 (10.91%) are acceptable and 0 (0%) are bad.
ℹ -> Gelman-Rubin convergence diagnostic:
ℹ 159 (96.36%) are good, 3 (1.82%) are acceptable and 3 (1.82%) are bad.
ℹ -> Autocorrelation:
ℹ [Lag 20]:
ℹ 148 (89.7%) are good and 17 (10.3%) are bad.
ℹ [Lag 50]:
ℹ 162 (98.18%) are good and 3 (1.82%) are bad.

ℹ 3. Performance evaluation...
ℹ Computing training scores...
ℹ Computing testing scores...
ℹ Saving scores...
✔ Scores saved!

ℹ 4. Associations...
✔ Model ran without errors!

! ----- Running loop: 277/320 -----
ℹ - Random effect: none
ℹ - Strategy: simplified-uncertainty
ℹ - New samples: 100
ℹ - Train size: 125
ℹ - N variables: 6
ℹ - K-fold: 9

ℹ 0. Setting up path...
! Running simplified-uncertainty...

ℹ 1. Fitting model...
ℹ Preparing training set for HMSC...
ℹ Creation of Hmsc object without random effects...
✔ Created Hmsc object!

ℹ Started fitting at: 2026-09-02 19:27:39.868271
! Cannot display fitting progress when running chains in parallel.
! Set `allow_parallel` to `FALSE` to see progress.
ℹ Completed fitting at: 2026-09-02 19:27:50.882041
ℹ Time elapsed: 11.01
ℹ Saving model...
✔ Model saved!

ℹ 2. Convergence diagnostics...
ℹ *** [Parameter: Beta] ***
ℹ Computation of traceplots, can take some time...
ℹ Traceplots saved!
ℹ -> Effective size:
ℹ 147 (89.09%) are good, 18 (10.91%) are acceptable and 0 (0%) are bad.
ℹ -> Gelman-Rubin convergence diagnostic:
ℹ 163 (98.79%) are good, 1 (0.61%) are acceptable and 1 (0.61%) are bad.
ℹ -> Autocorrelation:
ℹ [Lag 20]:
ℹ 152 (92.12%) are good and 13 (7.88%) are bad.
ℹ [Lag 50]:
ℹ 162 (98.18%) are good and 3 (1.82%) are bad.

ℹ 3. Performance evaluation...
ℹ Computing training scores...
ℹ Computing testing scores...
ℹ Saving scores...
✔ Scores saved!

ℹ 4. Associations...
✔ Model ran without errors!

! ----- Running loop: 278/320 -----
ℹ - Random effect: none
ℹ - Strategy: simplified-uncertainty
ℹ - New samples: 150
ℹ - Train size: 125
ℹ - N variables: 6
ℹ - K-fold: 9

ℹ 0. Setting up path...
! Running simplified-uncertainty...

ℹ 1. Fitting model...
ℹ Preparing training set for HMSC...
ℹ Creation of Hmsc object without random effects...
✔ Created Hmsc object!

ℹ Started fitting at: 2026-09-02 19:28:48.611371
! Cannot display fitting progress when running chains in parallel.
! Set `allow_parallel` to `FALSE` to see progress.
ℹ Completed fitting at: 2026-09-02 19:28:58.912938
ℹ Time elapsed: 10.3
ℹ Saving model...
✔ Model saved!

ℹ 2. Convergence diagnostics...
ℹ *** [Parameter: Beta] ***
ℹ Computation of traceplots, can take some time...
ℹ Traceplots saved!
ℹ -> Effective size:
ℹ 152 (92.12%) are good, 13 (7.88%) are acceptable and 0 (0%) are bad.
ℹ -> Gelman-Rubin convergence diagnostic:
ℹ 165 (100%) are good, 0 (0%) are acceptable and 0 (0%) are bad.
ℹ -> Autocorrelation:
ℹ [Lag 20]:
ℹ 154 (93.33%) are good and 11 (6.67%) are bad.
ℹ [Lag 50]:
ℹ 165 (100%) are good and 0 (0%) are bad.

ℹ 3. Performance evaluation...
ℹ Computing training scores...
ℹ Computing testing scores...
ℹ Saving scores...
✔ Scores saved!

ℹ 4. Associations...
✔ Model ran without errors!

! ----- Running loop: 279/320 -----
ℹ - Random effect: none
ℹ - Strategy: gap-filling
ℹ - New samples: 0
ℹ - Train size: 125
ℹ - N variables: 6
ℹ - K-fold: 9

ℹ 0. Setting up path...
! n_new_samples is '0' but strategy is 'gap-filling'. Overwriting with strategy = 'none' to avoid errors.
ℹ Model already fitted! Skipping...

! ----- Running loop: 280/320 -----
ℹ - Random effect: none
ℹ - Strategy: gap-filling
ℹ - New samples: 10
ℹ - Train size: 125
ℹ - N variables: 6
ℹ - K-fold: 9

ℹ 0. Setting up path...
ℹ Searching for the most distant points...

ℹ 1. Fitting model...
ℹ Preparing training set for HMSC...
ℹ Creation of Hmsc object without random effects...
✔ Created Hmsc object!

ℹ Started fitting at: 2026-09-02 19:29:53.657609
! Cannot display fitting progress when running chains in parallel.
! Set `allow_parallel` to `FALSE` to see progress.
ℹ Completed fitting at: 2026-09-02 19:30:02.853733
ℹ Time elapsed: 9.2
ℹ Saving model...
✔ Model saved!

ℹ 2. Convergence diagnostics...
ℹ *** [Parameter: Beta] ***
ℹ Computation of traceplots, can take some time...
ℹ Traceplots saved!
ℹ -> Effective size:
ℹ 145 (87.88%) are good, 20 (12.12%) are acceptable and 0 (0%) are bad.
ℹ -> Gelman-Rubin convergence diagnostic:
ℹ 164 (99.39%) are good, 1 (0.61%) are acceptable and 0 (0%) are bad.
ℹ -> Autocorrelation:
ℹ [Lag 20]:
ℹ 148 (89.7%) are good and 17 (10.3%) are bad.
ℹ [Lag 50]:
ℹ 165 (100%) are good and 0 (0%) are bad.

ℹ 3. Performance evaluation...
ℹ Computing training scores...
ℹ Computing testing scores...
ℹ Saving scores...
✔ Scores saved!

ℹ 4. Associations...
✔ Model ran without errors!

! ----- Running loop: 281/320 -----
ℹ - Random effect: none
ℹ - Strategy: gap-filling
ℹ - New samples: 25
ℹ - Train size: 125
ℹ - N variables: 6
ℹ - K-fold: 9

ℹ 0. Setting up path...
ℹ Searching for the most distant points...

ℹ 1. Fitting model...
ℹ Preparing training set for HMSC...
ℹ Creation of Hmsc object without random effects...
✔ Created Hmsc object!

ℹ Started fitting at: 2026-09-02 19:30:58.021497
! Cannot display fitting progress when running chains in parallel.
! Set `allow_parallel` to `FALSE` to see progress.
ℹ Completed fitting at: 2026-09-02 19:31:06.318655
ℹ Time elapsed: 8.3
ℹ Saving model...
✔ Model saved!

ℹ 2. Convergence diagnostics...
ℹ *** [Parameter: Beta] ***
ℹ Computation of traceplots, can take some time...
ℹ Traceplots saved!
ℹ -> Effective size:
ℹ 149 (90.3%) are good, 16 (9.7%) are acceptable and 0 (0%) are bad.
ℹ -> Gelman-Rubin convergence diagnostic:
ℹ 162 (98.18%) are good, 2 (1.21%) are acceptable and 1 (0.61%) are bad.
ℹ -> Autocorrelation:
ℹ [Lag 20]:
ℹ 153 (92.73%) are good and 12 (7.27%) are bad.
ℹ [Lag 50]:
ℹ 164 (99.39%) are good and 1 (0.61%) are bad.

ℹ 3. Performance evaluation...
ℹ Computing training scores...
ℹ Computing testing scores...
ℹ Saving scores...
✔ Scores saved!

ℹ 4. Associations...
✔ Model ran without errors!

! ----- Running loop: 282/320 -----
ℹ - Random effect: none
ℹ - Strategy: gap-filling
ℹ - New samples: 100
ℹ - Train size: 125
ℹ - N variables: 6
ℹ - K-fold: 9

ℹ 0. Setting up path...
ℹ Searching for the most distant points...

ℹ 1. Fitting model...
ℹ Preparing training set for HMSC...
ℹ Creation of Hmsc object without random effects...
✔ Created Hmsc object!

ℹ Started fitting at: 2026-09-02 19:32:08.72393
! Cannot display fitting progress when running chains in parallel.
! Set `allow_parallel` to `FALSE` to see progress.
ℹ Completed fitting at: 2026-09-02 19:32:21.636289
ℹ Time elapsed: 12.91
ℹ Saving model...
✔ Model saved!

ℹ 2. Convergence diagnostics...
ℹ *** [Parameter: Beta] ***
ℹ Computation of traceplots, can take some time...
ℹ Traceplots saved!
ℹ -> Effective size:
ℹ 153 (92.73%) are good, 12 (7.27%) are acceptable and 0 (0%) are bad.
ℹ -> Gelman-Rubin convergence diagnostic:
ℹ 165 (100%) are good, 0 (0%) are acceptable and 0 (0%) are bad.
ℹ -> Autocorrelation:
ℹ [Lag 20]:
ℹ 154 (93.33%) are good and 11 (6.67%) are bad.
ℹ [Lag 50]:
ℹ 165 (100%) are good and 0 (0%) are bad.

ℹ 3. Performance evaluation...
ℹ Computing training scores...
ℹ Computing testing scores...
ℹ Saving scores...
✔ Scores saved!

ℹ 4. Associations...
✔ Model ran without errors!

! ----- Running loop: 283/320 -----
ℹ - Random effect: none
ℹ - Strategy: gap-filling
ℹ - New samples: 150
ℹ - Train size: 125
ℹ - N variables: 6
ℹ - K-fold: 9

ℹ 0. Setting up path...
ℹ Searching for the most distant points...

ℹ 1. Fitting model...
ℹ Preparing training set for HMSC...
ℹ Creation of Hmsc object without random effects...
✔ Created Hmsc object!

ℹ Started fitting at: 2026-09-02 19:33:30.110918
! Cannot display fitting progress when running chains in parallel.
! Set `allow_parallel` to `FALSE` to see progress.
ℹ Completed fitting at: 2026-09-02 19:33:38.445158
ℹ Time elapsed: 8.33
ℹ Saving model...
✔ Model saved!

ℹ 2. Convergence diagnostics...
ℹ *** [Parameter: Beta] ***
ℹ Computation of traceplots, can take some time...
ℹ Traceplots saved!
ℹ -> Effective size:
ℹ 149 (90.3%) are good, 16 (9.7%) are acceptable and 0 (0%) are bad.
ℹ -> Gelman-Rubin convergence diagnostic:
ℹ 165 (100%) are good, 0 (0%) are acceptable and 0 (0%) are bad.
ℹ -> Autocorrelation:
ℹ [Lag 20]:
ℹ 153 (92.73%) are good and 12 (7.27%) are bad.
ℹ [Lag 50]:
ℹ 164 (99.39%) are good and 1 (0.61%) are bad.

ℹ 3. Performance evaluation...
ℹ Computing training scores...
ℹ Computing testing scores...
ℹ Saving scores...
✔ Scores saved!

ℹ 4. Associations...
✔ Model ran without errors!

! ----- Running loop: 284/320 -----
ℹ - Random effect: none
ℹ - Strategy: 3-part-simplified-uncertainty
ℹ - New samples: 0
ℹ - Train size: 125
ℹ - N variables: 6
ℹ - K-fold: 9

ℹ 0. Setting up path...
! n_new_samples is '0' but strategy is '3-part-simplified-uncertainty'. Overwriting with strategy = 'none' to avoid errors.
ℹ Model already fitted! Skipping...

! ----- Running loop: 285/320 -----
ℹ - Random effect: none
ℹ - Strategy: 3-part-simplified-uncertainty
ℹ - New samples: 10
ℹ - Train size: 125
ℹ - N variables: 6
ℹ - K-fold: 9

ℹ 0. Setting up path...
! Running simplified-uncertainty...

ℹ 1. Fitting model...
ℹ Preparing training set for HMSC...
ℹ Creation of Hmsc object without random effects...
✔ Created Hmsc object!

ℹ Started fitting at: 2026-09-02 19:34:35.642509
! Cannot display fitting progress when running chains in parallel.
! Set `allow_parallel` to `FALSE` to see progress.
ℹ Completed fitting at: 2026-09-02 19:34:43.048041
ℹ Time elapsed: 7.41
ℹ Saving model...
✔ Model saved!

! Running simplified-uncertainty...

ℹ 1. Fitting model...
ℹ Preparing training set for HMSC...
ℹ Creation of Hmsc object without random effects...
✔ Created Hmsc object!

ℹ Started fitting at: 2026-09-02 19:34:47.117801
! Cannot display fitting progress when running chains in parallel.
! Set `allow_parallel` to `FALSE` to see progress.
ℹ Completed fitting at: 2026-09-02 19:34:54.499089
ℹ Time elapsed: 7.38
ℹ Saving model...
✔ Model saved!

! Running simplified-uncertainty...

ℹ 1. Fitting model...
ℹ Preparing training set for HMSC...
ℹ Creation of Hmsc object without random effects...
✔ Created Hmsc object!

ℹ Started fitting at: 2026-09-02 19:34:57.887257
! Cannot display fitting progress when running chains in parallel.
! Set `allow_parallel` to `FALSE` to see progress.
ℹ Completed fitting at: 2026-09-02 19:35:05.316951
ℹ Time elapsed: 7.43
ℹ Saving model...
✔ Model saved!

ℹ 2. Convergence diagnostics...
ℹ *** [Parameter: Beta] ***
ℹ Computation of traceplots, can take some time...
ℹ Traceplots saved!
ℹ -> Effective size:
ℹ 147 (89.09%) are good, 18 (10.91%) are acceptable and 0 (0%) are bad.
ℹ -> Gelman-Rubin convergence diagnostic:
ℹ 164 (99.39%) are good, 1 (0.61%) are acceptable and 0 (0%) are bad.
ℹ -> Autocorrelation:
ℹ [Lag 20]:
ℹ 151 (91.52%) are good and 14 (8.48%) are bad.
ℹ [Lag 50]:
ℹ 165 (100%) are good and 0 (0%) are bad.

ℹ 3. Performance evaluation...
ℹ Computing training scores...
ℹ Computing testing scores...
ℹ Saving scores...
✔ Scores saved!

ℹ 4. Associations...
✔ Model ran without errors!

! ----- Running loop: 286/320 -----
ℹ - Random effect: none
ℹ - Strategy: 3-part-simplified-uncertainty
ℹ - New samples: 25
ℹ - Train size: 125
ℹ - N variables: 6
ℹ - K-fold: 9

ℹ 0. Setting up path...
! Running simplified-uncertainty...

ℹ 1. Fitting model...
ℹ Preparing training set for HMSC...
ℹ Creation of Hmsc object without random effects...
✔ Created Hmsc object!

ℹ Started fitting at: 2026-09-02 19:36:02.01465
! Cannot display fitting progress when running chains in parallel.
! Set `allow_parallel` to `FALSE` to see progress.
ℹ Completed fitting at: 2026-09-02 19:36:09.366391
ℹ Time elapsed: 7.35
ℹ Saving model...
✔ Model saved!

! Running simplified-uncertainty...

ℹ 1. Fitting model...
ℹ Preparing training set for HMSC...
ℹ Creation of Hmsc object without random effects...
✔ Created Hmsc object!

ℹ Started fitting at: 2026-09-02 19:36:12.744101
! Cannot display fitting progress when running chains in parallel.
! Set `allow_parallel` to `FALSE` to see progress.
ℹ Completed fitting at: 2026-09-02 19:36:25.15381
ℹ Time elapsed: 12.41
ℹ Saving model...
✔ Model saved!

! Running simplified-uncertainty...

ℹ 1. Fitting model...
ℹ Preparing training set for HMSC...
ℹ Creation of Hmsc object without random effects...
✔ Created Hmsc object!

ℹ Started fitting at: 2026-09-02 19:36:28.582027
! Cannot display fitting progress when running chains in parallel.
! Set `allow_parallel` to `FALSE` to see progress.
ℹ Completed fitting at: 2026-09-02 19:36:36.218284
ℹ Time elapsed: 7.64
ℹ Saving model...
✔ Model saved!

ℹ 2. Convergence diagnostics...
ℹ *** [Parameter: Beta] ***
ℹ Computation of traceplots, can take some time...
ℹ Traceplots saved!
ℹ -> Effective size:
ℹ 143 (86.67%) are good, 22 (13.33%) are acceptable and 0 (0%) are bad.
ℹ -> Gelman-Rubin convergence diagnostic:
ℹ 164 (99.39%) are good, 1 (0.61%) are acceptable and 0 (0%) are bad.
ℹ -> Autocorrelation:
ℹ [Lag 20]:
ℹ 149 (90.3%) are good and 16 (9.7%) are bad.
ℹ [Lag 50]:
ℹ 164 (99.39%) are good and 1 (0.61%) are bad.

ℹ 3. Performance evaluation...
ℹ Computing training scores...
ℹ Computing testing scores...
ℹ Saving scores...
✔ Scores saved!

ℹ 4. Associations...
✔ Model ran without errors!

! ----- Running loop: 287/320 -----
ℹ - Random effect: none
ℹ - Strategy: 3-part-simplified-uncertainty
ℹ - New samples: 100
ℹ - Train size: 125
ℹ - N variables: 6
ℹ - K-fold: 9

ℹ 0. Setting up path...
! Running simplified-uncertainty...

ℹ 1. Fitting model...
ℹ Preparing training set for HMSC...
ℹ Creation of Hmsc object without random effects...
✔ Created Hmsc object!

ℹ Started fitting at: 2026-09-02 19:37:33.857775
! Cannot display fitting progress when running chains in parallel.
! Set `allow_parallel` to `FALSE` to see progress.
ℹ Completed fitting at: 2026-09-02 19:37:41.383707
ℹ Time elapsed: 7.53
ℹ Saving model...
✔ Model saved!

! Running simplified-uncertainty...

ℹ 1. Fitting model...
ℹ Preparing training set for HMSC...
ℹ Creation of Hmsc object without random effects...
✔ Created Hmsc object!

ℹ Started fitting at: 2026-09-02 19:37:45.18483
! Cannot display fitting progress when running chains in parallel.
! Set `allow_parallel` to `FALSE` to see progress.
ℹ Completed fitting at: 2026-09-02 19:37:52.730281
ℹ Time elapsed: 7.55
ℹ Saving model...
✔ Model saved!

! Running simplified-uncertainty...

ℹ 1. Fitting model...
ℹ Preparing training set for HMSC...
ℹ Creation of Hmsc object without random effects...
✔ Created Hmsc object!

ℹ Started fitting at: 2026-09-02 19:37:56.142559
! Cannot display fitting progress when running chains in parallel.
! Set `allow_parallel` to `FALSE` to see progress.
ℹ Completed fitting at: 2026-09-02 19:38:09.314949
ℹ Time elapsed: 13.17
ℹ Saving model...
✔ Model saved!

ℹ 2. Convergence diagnostics...
ℹ *** [Parameter: Beta] ***
ℹ Computation of traceplots, can take some time...
ℹ Traceplots saved!
ℹ -> Effective size:
ℹ 148 (89.7%) are good, 17 (10.3%) are acceptable and 0 (0%) are bad.
ℹ -> Gelman-Rubin convergence diagnostic:
ℹ 164 (99.39%) are good, 1 (0.61%) are acceptable and 0 (0%) are bad.
ℹ -> Autocorrelation:
ℹ [Lag 20]:
ℹ 154 (93.33%) are good and 11 (6.67%) are bad.
ℹ [Lag 50]:
ℹ 163 (98.79%) are good and 2 (1.21%) are bad.

ℹ 3. Performance evaluation...
ℹ Computing training scores...
ℹ Computing testing scores...
ℹ Saving scores...
✔ Scores saved!

ℹ 4. Associations...
✔ Model ran without errors!

! ----- Running loop: 288/320 -----
ℹ - Random effect: none
ℹ - Strategy: 3-part-simplified-uncertainty
ℹ - New samples: 150
ℹ - Train size: 125
ℹ - N variables: 6
ℹ - K-fold: 9

ℹ 0. Setting up path...
! Running simplified-uncertainty...

ℹ 1. Fitting model...
ℹ Preparing training set for HMSC...
ℹ Creation of Hmsc object without random effects...
✔ Created Hmsc object!

ℹ Started fitting at: 2026-09-02 19:39:06.549373
! Cannot display fitting progress when running chains in parallel.
! Set `allow_parallel` to `FALSE` to see progress.
ℹ Completed fitting at: 2026-09-02 19:39:14.287718
ℹ Time elapsed: 7.74
ℹ Saving model...
✔ Model saved!

! Running simplified-uncertainty...

ℹ 1. Fitting model...
ℹ Preparing training set for HMSC...
ℹ Creation of Hmsc object without random effects...
✔ Created Hmsc object!

ℹ Started fitting at: 2026-09-02 19:39:17.66768
! Cannot display fitting progress when running chains in parallel.
! Set `allow_parallel` to `FALSE` to see progress.
ℹ Completed fitting at: 2026-09-02 19:39:25.430704
ℹ Time elapsed: 7.76
ℹ Saving model...
✔ Model saved!

! Running simplified-uncertainty...

ℹ 1. Fitting model...
ℹ Preparing training set for HMSC...
ℹ Creation of Hmsc object without random effects...
✔ Created Hmsc object!

ℹ Started fitting at: 2026-09-02 19:39:28.772925
! Cannot display fitting progress when running chains in parallel.
! Set `allow_parallel` to `FALSE` to see progress.
ℹ Completed fitting at: 2026-09-02 19:39:36.748261
ℹ Time elapsed: 7.98
ℹ Saving model...
✔ Model saved!

ℹ 2. Convergence diagnostics...
ℹ *** [Parameter: Beta] ***
ℹ Computation of traceplots, can take some time...
ℹ Traceplots saved!
ℹ -> Effective size:
ℹ 144 (87.27%) are good, 19 (11.52%) are acceptable and 2 (1.21%) are bad.
ℹ -> Gelman-Rubin convergence diagnostic:
ℹ 163 (98.79%) are good, 1 (0.61%) are acceptable and 1 (0.61%) are bad.
ℹ -> Autocorrelation:
ℹ [Lag 20]:
ℹ 149 (90.3%) are good and 16 (9.7%) are bad.
ℹ [Lag 50]:
ℹ 156 (94.55%) are good and 9 (5.45%) are bad.

ℹ 3. Performance evaluation...
ℹ Computing training scores...
ℹ Computing testing scores...
ℹ Saving scores...
✔ Scores saved!

ℹ 4. Associations...
✔ Model ran without errors!

! ----- Running loop: 289/320 -----
ℹ - Random effect: none
ℹ - Strategy: none
ℹ - New samples: 0
ℹ - Train size: 15
ℹ - N variables: 6
ℹ - K-fold: 10

ℹ 0. Setting up path...

ℹ 1. Fitting model...
ℹ Preparing training set for HMSC...
ℹ Creation of Hmsc object without random effects...
✔ Created Hmsc object!

ℹ Started fitting at: 2026-09-02 19:40:31.120912
! Cannot display fitting progress when running chains in parallel.
! Set `allow_parallel` to `FALSE` to see progress.
ℹ Completed fitting at: 2026-09-02 19:40:42.445396
ℹ Time elapsed: 11.32
ℹ Saving model...
✔ Model saved!

ℹ 2. Convergence diagnostics...
ℹ *** [Parameter: Beta] ***
ℹ Computation of traceplots, can take some time...
ℹ Traceplots saved!
ℹ -> Effective size:
ℹ 107 (64.85%) are good, 58 (35.15%) are acceptable and 0 (0%) are bad.
ℹ -> Gelman-Rubin convergence diagnostic:
ℹ 150 (90.91%) are good, 15 (9.09%) are acceptable and 0 (0%) are bad.
ℹ -> Autocorrelation:
ℹ [Lag 20]:
ℹ 87 (52.73%) are good and 78 (47.27%) are bad.
ℹ [Lag 50]:
ℹ 150 (90.91%) are good and 15 (9.09%) are bad.

ℹ 3. Performance evaluation...
ℹ Computing training scores...
ℹ Computing testing scores...
ℹ Saving scores...
✔ Scores saved!

ℹ 4. Associations...
✔ Model ran without errors!

! ----- Running loop: 290/320 -----
ℹ - Random effect: none
ℹ - Strategy: none
ℹ - New samples: 0
ℹ - Train size: 25
ℹ - N variables: 6
ℹ - K-fold: 10

ℹ 0. Setting up path...

ℹ 1. Fitting model...
ℹ Preparing training set for HMSC...
ℹ Creation of Hmsc object without random effects...
✔ Created Hmsc object!

ℹ Started fitting at: 2026-09-02 19:41:15.959126
! Cannot display fitting progress when running chains in parallel.
! Set `allow_parallel` to `FALSE` to see progress.
ℹ Completed fitting at: 2026-09-02 19:41:22.860875
ℹ Time elapsed: 6.9
ℹ Saving model...
✔ Model saved!

ℹ 2. Convergence diagnostics...
ℹ *** [Parameter: Beta] ***
ℹ Computation of traceplots, can take some time...
ℹ Traceplots saved!
ℹ -> Effective size:
ℹ 147 (89.09%) are good, 18 (10.91%) are acceptable and 0 (0%) are bad.
ℹ -> Gelman-Rubin convergence diagnostic:
ℹ 165 (100%) are good, 0 (0%) are acceptable and 0 (0%) are bad.
ℹ -> Autocorrelation:
ℹ [Lag 20]:
ℹ 144 (87.27%) are good and 21 (12.73%) are bad.
ℹ [Lag 50]:
ℹ 165 (100%) are good and 0 (0%) are bad.

ℹ 3. Performance evaluation...
ℹ Computing training scores...
ℹ Computing testing scores...
ℹ Saving scores...
✔ Scores saved!

ℹ 4. Associations...
✔ Model ran without errors!

! ----- Running loop: 291/320 -----
ℹ - Random effect: none
ℹ - Strategy: none
ℹ - New samples: 0
ℹ - Train size: 50
ℹ - N variables: 6
ℹ - K-fold: 10

ℹ 0. Setting up path...

ℹ 1. Fitting model...
ℹ Preparing training set for HMSC...
ℹ Creation of Hmsc object without random effects...
✔ Created Hmsc object!

ℹ Started fitting at: 2026-09-02 19:41:56.075587
! Cannot display fitting progress when running chains in parallel.
! Set `allow_parallel` to `FALSE` to see progress.
ℹ Completed fitting at: 2026-09-02 19:42:13.966397
ℹ Time elapsed: 17.89
ℹ Saving model...
✔ Model saved!

ℹ 2. Convergence diagnostics...
ℹ *** [Parameter: Beta] ***
ℹ Computation of traceplots, can take some time...
ℹ Traceplots saved!
ℹ -> Effective size:
ℹ 153 (92.73%) are good, 12 (7.27%) are acceptable and 0 (0%) are bad.
ℹ -> Gelman-Rubin convergence diagnostic:
ℹ 165 (100%) are good, 0 (0%) are acceptable and 0 (0%) are bad.
ℹ -> Autocorrelation:
ℹ [Lag 20]:
ℹ 151 (91.52%) are good and 14 (8.48%) are bad.
ℹ [Lag 50]:
ℹ 165 (100%) are good and 0 (0%) are bad.

ℹ 3. Performance evaluation...
ℹ Computing training scores...
ℹ Computing testing scores...
ℹ Saving scores...
✔ Scores saved!

ℹ 4. Associations...
✔ Model ran without errors!

! ----- Running loop: 292/320 -----
ℹ - Random effect: none
ℹ - Strategy: none
ℹ - New samples: 0
ℹ - Train size: 75
ℹ - N variables: 6
ℹ - K-fold: 10

ℹ 0. Setting up path...

ℹ 1. Fitting model...
ℹ Preparing training set for HMSC...
ℹ Creation of Hmsc object without random effects...
✔ Created Hmsc object!

ℹ Started fitting at: 2026-09-02 19:42:46.504945
! Cannot display fitting progress when running chains in parallel.
! Set `allow_parallel` to `FALSE` to see progress.
ℹ Completed fitting at: 2026-09-02 19:42:58.330462
ℹ Time elapsed: 11.83
ℹ Saving model...
✔ Model saved!

ℹ 2. Convergence diagnostics...
ℹ *** [Parameter: Beta] ***
ℹ Computation of traceplots, can take some time...
ℹ Traceplots saved!
ℹ -> Effective size:
ℹ 152 (92.12%) are good, 13 (7.88%) are acceptable and 0 (0%) are bad.
ℹ -> Gelman-Rubin convergence diagnostic:
ℹ 165 (100%) are good, 0 (0%) are acceptable and 0 (0%) are bad.
ℹ -> Autocorrelation:
ℹ [Lag 20]:
ℹ 153 (92.73%) are good and 12 (7.27%) are bad.
ℹ [Lag 50]:
ℹ 165 (100%) are good and 0 (0%) are bad.

ℹ 3. Performance evaluation...
ℹ Computing training scores...
ℹ Computing testing scores...
ℹ Saving scores...
✔ Scores saved!

ℹ 4. Associations...
✔ Model ran without errors!

! ----- Running loop: 293/320 -----
ℹ - Random effect: none
ℹ - Strategy: none
ℹ - New samples: 0
ℹ - Train size: 100
ℹ - N variables: 6
ℹ - K-fold: 10

ℹ 0. Setting up path...

ℹ 1. Fitting model...
ℹ Preparing training set for HMSC...
ℹ Creation of Hmsc object without random effects...
✔ Created Hmsc object!

ℹ Started fitting at: 2026-09-02 19:43:31.166313
! Cannot display fitting progress when running chains in parallel.
! Set `allow_parallel` to `FALSE` to see progress.
ℹ Completed fitting at: 2026-09-02 19:43:38.221809
ℹ Time elapsed: 7.06
ℹ Saving model...
✔ Model saved!

ℹ 2. Convergence diagnostics...
ℹ *** [Parameter: Beta] ***
ℹ Computation of traceplots, can take some time...
ℹ Traceplots saved!
ℹ -> Effective size:
ℹ 146 (88.48%) are good, 19 (11.52%) are acceptable and 0 (0%) are bad.
ℹ -> Gelman-Rubin convergence diagnostic:
ℹ 164 (99.39%) are good, 1 (0.61%) are acceptable and 0 (0%) are bad.
ℹ -> Autocorrelation:
ℹ [Lag 20]:
ℹ 149 (90.3%) are good and 16 (9.7%) are bad.
ℹ [Lag 50]:
ℹ 165 (100%) are good and 0 (0%) are bad.

ℹ 3. Performance evaluation...
ℹ Computing training scores...
ℹ Computing testing scores...
ℹ Saving scores...
✔ Scores saved!

ℹ 4. Associations...
✔ Model ran without errors!

! ----- Running loop: 294/320 -----
ℹ - Random effect: none
ℹ - Strategy: none
ℹ - New samples: 0
ℹ - Train size: 125
ℹ - N variables: 6
ℹ - K-fold: 10

ℹ 0. Setting up path...

ℹ 1. Fitting model...
ℹ Preparing training set for HMSC...
ℹ Creation of Hmsc object without random effects...
✔ Created Hmsc object!

ℹ Started fitting at: 2026-09-02 19:44:11.417294
! Cannot display fitting progress when running chains in parallel.
! Set `allow_parallel` to `FALSE` to see progress.
ℹ Completed fitting at: 2026-09-02 19:44:23.582038
ℹ Time elapsed: 12.16
ℹ Saving model...
✔ Model saved!

ℹ 2. Convergence diagnostics...
ℹ *** [Parameter: Beta] ***
ℹ Computation of traceplots, can take some time...
ℹ Traceplots saved!
ℹ -> Effective size:
ℹ 149 (90.3%) are good, 16 (9.7%) are acceptable and 0 (0%) are bad.
ℹ -> Gelman-Rubin convergence diagnostic:
ℹ 165 (100%) are good, 0 (0%) are acceptable and 0 (0%) are bad.
ℹ -> Autocorrelation:
ℹ [Lag 20]:
ℹ 159 (96.36%) are good and 6 (3.64%) are bad.
ℹ [Lag 50]:
ℹ 165 (100%) are good and 0 (0%) are bad.

ℹ 3. Performance evaluation...
ℹ Computing training scores...
ℹ Computing testing scores...
ℹ Saving scores...
✔ Scores saved!

ℹ 4. Associations...
✔ Model ran without errors!

! ----- Running loop: 295/320 -----
ℹ - Random effect: carres
ℹ - Strategy: none
ℹ - New samples: 0
ℹ - Train size: 125
ℹ - N variables: 6
ℹ - K-fold: 10

ℹ 0. Setting up path...

ℹ 1. Fitting model...
ℹ Preparing training set for HMSC...
ℹ Creation of Hmsc object with 'units' effect...
✔ Created Hmsc object!

ℹ Started fitting at: 2026-09-02 19:44:57.267877
! Cannot display fitting progress when running chains in parallel.
! Set `allow_parallel` to `FALSE` to see progress.
ℹ Completed fitting at: 2026-09-02 19:45:19.299434
ℹ Time elapsed: 22.03
ℹ Saving model...
✔ Model saved!

ℹ 2. Convergence diagnostics...
ℹ *** [Parameter: Beta] ***
ℹ Computation of traceplots, can take some time...
ℹ Traceplots saved!
ℹ -> Effective size:
ℹ 145 (87.88%) are good, 20 (12.12%) are acceptable and 0 (0%) are bad.
ℹ -> Gelman-Rubin convergence diagnostic:
ℹ 156 (94.55%) are good, 6 (3.64%) are acceptable and 3 (1.82%) are bad.
ℹ -> Autocorrelation:
ℹ [Lag 20]:
ℹ 154 (93.33%) are good and 11 (6.67%) are bad.
ℹ [Lag 50]:
ℹ 165 (100%) are good and 0 (0%) are bad.
ℹ *** [Parameter: Omega] ***
ℹ Computation of traceplots, can take some time...
ℹ Traceplots saved!
ℹ -> Effective size:
ℹ 154 (68.44%) are good, 70 (31.11%) are acceptable and 1 (0.44%) are bad.
ℹ -> Gelman-Rubin convergence diagnostic:
ℹ 54 (24%) are good, 46 (20.44%) are acceptable and 125 (55.56%) are bad.
ℹ -> Autocorrelation:
ℹ [Lag 20]:
ℹ 155 (68.89%) are good and 70 (31.11%) are bad.
ℹ [Lag 50]:
ℹ 200 (88.89%) are good and 25 (11.11%) are bad.

ℹ 3. Performance evaluation...
ℹ Computing training scores...
ℹ Computing testing scores...
ℹ Saving scores...
✔ Scores saved!

ℹ 4. Associations...
✔ Model ran without errors!

! ----- Running loop: 296/320 -----
ℹ - Random effect: spatial
ℹ - Strategy: none
ℹ - New samples: 0
ℹ - Train size: 125
ℹ - N variables: 6
ℹ - K-fold: 10

ℹ 0. Setting up path...

ℹ 1. Fitting model...
ℹ Preparing training set for HMSC...
ℹ Creation of Hmsc object with 'spatial' effect...
✔ Created Hmsc object!

ℹ Started fitting at: 2026-09-02 19:46:19.601217
! Cannot display fitting progress when running chains in parallel.
! Set `allow_parallel` to `FALSE` to see progress.
ℹ Completed fitting at: 2026-09-02 19:46:58.099619
ℹ Time elapsed: 38.5
ℹ Saving model...
✔ Model saved!

ℹ 2. Convergence diagnostics...
ℹ *** [Parameter: Beta] ***
ℹ Computation of traceplots, can take some time...
ℹ Traceplots saved!
ℹ -> Effective size:
ℹ 146 (88.48%) are good, 19 (11.52%) are acceptable and 0 (0%) are bad.
ℹ -> Gelman-Rubin convergence diagnostic:
ℹ 163 (98.79%) are good, 2 (1.21%) are acceptable and 0 (0%) are bad.
ℹ -> Autocorrelation:
ℹ [Lag 20]:
ℹ 151 (91.52%) are good and 14 (8.48%) are bad.
ℹ [Lag 50]:
ℹ 165 (100%) are good and 0 (0%) are bad.
ℹ *** [Parameter: Omega] ***
ℹ Computation of traceplots, can take some time...
ℹ Traceplots saved!
ℹ -> Effective size:
ℹ 195 (86.67%) are good, 27 (12%) are acceptable and 3 (1.33%) are bad.
ℹ -> Gelman-Rubin convergence diagnostic:
ℹ 174 (77.33%) are good, 39 (17.33%) are acceptable and 12 (5.33%) are bad.
ℹ -> Autocorrelation:
ℹ [Lag 20]:
ℹ 197 (87.56%) are good and 28 (12.44%) are bad.
ℹ [Lag 50]:
ℹ 213 (94.67%) are good and 12 (5.33%) are bad.

ℹ 3. Performance evaluation...
ℹ Computing training scores...
ℹ Computing testing scores...
ℹ Saving scores...
✔ Scores saved!

ℹ 4. Associations...
✔ Model ran without errors!

! ----- Running loop: 297/320 -----
ℹ - Random effect: none
ℹ - Strategy: none
ℹ - New samples: 0
ℹ - Train size: 125
ℹ - N variables: 4
ℹ - K-fold: 10

ℹ 0. Setting up path...

ℹ 1. Fitting model...
ℹ Preparing training set for HMSC...
ℹ Creation of Hmsc object without random effects...
✔ Created Hmsc object!

ℹ Started fitting at: 2026-09-02 19:49:07.339876
! Cannot display fitting progress when running chains in parallel.
! Set `allow_parallel` to `FALSE` to see progress.
ℹ Completed fitting at: 2026-09-02 19:49:24.798943
ℹ Time elapsed: 17.46
ℹ Saving model...
✔ Model saved!

ℹ 2. Convergence diagnostics...
ℹ *** [Parameter: Beta] ***
ℹ Computation of traceplots, can take some time...
ℹ Traceplots saved!
ℹ -> Effective size:
ℹ 120 (88.89%) are good, 15 (11.11%) are acceptable and 0 (0%) are bad.
ℹ -> Gelman-Rubin convergence diagnostic:
ℹ 134 (99.26%) are good, 1 (0.74%) are acceptable and 0 (0%) are bad.
ℹ -> Autocorrelation:
ℹ [Lag 20]:
ℹ 122 (90.37%) are good and 13 (9.63%) are bad.
ℹ [Lag 50]:
ℹ 135 (100%) are good and 0 (0%) are bad.

ℹ 3. Performance evaluation...
ℹ Computing training scores...
ℹ Computing testing scores...
ℹ Saving scores...
✔ Scores saved!

ℹ 4. Associations...
✔ Model ran without errors!

! ----- Running loop: 298/320 -----
ℹ - Random effect: none
ℹ - Strategy: none
ℹ - New samples: 0
ℹ - Train size: 125
ℹ - N variables: 3
ℹ - K-fold: 10

ℹ 0. Setting up path...

ℹ 1. Fitting model...
ℹ Preparing training set for HMSC...
ℹ Creation of Hmsc object without random effects...
✔ Created Hmsc object!

ℹ Started fitting at: 2026-09-02 19:49:52.790188
! Cannot display fitting progress when running chains in parallel.
! Set `allow_parallel` to `FALSE` to see progress.
ℹ Completed fitting at: 2026-09-02 19:50:05.229077
ℹ Time elapsed: 12.44
ℹ Saving model...
✔ Model saved!

ℹ 2. Convergence diagnostics...
ℹ *** [Parameter: Beta] ***
ℹ Computation of traceplots, can take some time...
ℹ Traceplots saved!
ℹ -> Effective size:
ℹ 103 (85.83%) are good, 17 (14.17%) are acceptable and 0 (0%) are bad.
ℹ -> Gelman-Rubin convergence diagnostic:
ℹ 116 (96.67%) are good, 4 (3.33%) are acceptable and 0 (0%) are bad.
ℹ -> Autocorrelation:
ℹ [Lag 20]:
ℹ 105 (87.5%) are good and 15 (12.5%) are bad.
ℹ [Lag 50]:
ℹ 119 (99.17%) are good and 1 (0.83%) are bad.

ℹ 3. Performance evaluation...
ℹ Computing training scores...
ℹ Computing testing scores...
ℹ Saving scores...
✔ Scores saved!

ℹ 4. Associations...
✔ Model ran without errors!

! ----- Running loop: 299/320 -----
ℹ - Random effect: none
ℹ - Strategy: none
ℹ - New samples: 0
ℹ - Train size: 125
ℹ - N variables: 2
ℹ - K-fold: 10

ℹ 0. Setting up path...

ℹ 1. Fitting model...
ℹ Preparing training set for HMSC...
ℹ Creation of Hmsc object without random effects...
✔ Created Hmsc object!

ℹ Started fitting at: 2026-09-02 19:50:31.233582
! Cannot display fitting progress when running chains in parallel.
! Set `allow_parallel` to `FALSE` to see progress.
ℹ Completed fitting at: 2026-09-02 19:50:38.311774
ℹ Time elapsed: 7.08
ℹ Saving model...
✔ Model saved!

ℹ 2. Convergence diagnostics...
ℹ *** [Parameter: Beta] ***
ℹ Computation of traceplots, can take some time...
ℹ Traceplots saved!
ℹ -> Effective size:
ℹ 94 (89.52%) are good, 11 (10.48%) are acceptable and 0 (0%) are bad.
ℹ -> Gelman-Rubin convergence diagnostic:
ℹ 105 (100%) are good, 0 (0%) are acceptable and 0 (0%) are bad.
ℹ -> Autocorrelation:
ℹ [Lag 20]:
ℹ 103 (98.1%) are good and 2 (1.9%) are bad.
ℹ [Lag 50]:
ℹ 105 (100%) are good and 0 (0%) are bad.

ℹ 3. Performance evaluation...
ℹ Computing training scores...
ℹ Computing testing scores...
ℹ Saving scores...
✔ Scores saved!

ℹ 4. Associations...
✔ Model ran without errors!

! ----- Running loop: 300/320 -----
ℹ - Random effect: none
ℹ - Strategy: none
ℹ - New samples: 50
ℹ - Train size: 125
ℹ - N variables: 6
ℹ - K-fold: 10

ℹ 0. Setting up path...
! Strategy is 'none' but n_new_samples is '50'. Overwriting with n_new_samples = '0' to avoid errors.
ℹ Model already fitted! Skipping...

! ----- Running loop: 301/320 -----
ℹ - Random effect: none
ℹ - Strategy: business-as-usual
ℹ - New samples: 50
ℹ - Train size: 125
ℹ - N variables: 6
ℹ - K-fold: 10

ℹ 0. Setting up path...
ℹ Pulling 50 new random samples...

ℹ 1. Fitting model...
ℹ Preparing training set for HMSC...
ℹ Creation of Hmsc object without random effects...
✔ Created Hmsc object!

ℹ Started fitting at: 2026-09-02 19:51:01.565223
! Cannot display fitting progress when running chains in parallel.
! Set `allow_parallel` to `FALSE` to see progress.
ℹ Completed fitting at: 2026-09-02 19:51:14.365376
ℹ Time elapsed: 12.8
ℹ Saving model...
✔ Model saved!

ℹ 2. Convergence diagnostics...
ℹ *** [Parameter: Beta] ***
ℹ Computation of traceplots, can take some time...
ℹ Traceplots saved!
ℹ -> Effective size:
ℹ 145 (87.88%) are good, 20 (12.12%) are acceptable and 0 (0%) are bad.
ℹ -> Gelman-Rubin convergence diagnostic:
ℹ 162 (98.18%) are good, 3 (1.82%) are acceptable and 0 (0%) are bad.
ℹ -> Autocorrelation:
ℹ [Lag 20]:
ℹ 146 (88.48%) are good and 19 (11.52%) are bad.
ℹ [Lag 50]:
ℹ 161 (97.58%) are good and 4 (2.42%) are bad.

ℹ 3. Performance evaluation...
ℹ Computing training scores...
ℹ Computing testing scores...
ℹ Saving scores...
✔ Scores saved!

ℹ 4. Associations...
✔ Model ran without errors!

! ----- Running loop: 302/320 -----
ℹ - Random effect: none
ℹ - Strategy: gap-filling
ℹ - New samples: 50
ℹ - Train size: 125
ℹ - N variables: 6
ℹ - K-fold: 10

ℹ 0. Setting up path...
ℹ Searching for the most distant points...

ℹ 1. Fitting model...
ℹ Preparing training set for HMSC...
ℹ Creation of Hmsc object without random effects...
✔ Created Hmsc object!

ℹ Started fitting at: 2026-09-02 19:52:13.793344
! Cannot display fitting progress when running chains in parallel.
! Set `allow_parallel` to `FALSE` to see progress.
ℹ Completed fitting at: 2026-09-02 19:52:22.019625
ℹ Time elapsed: 8.23
ℹ Saving model...
✔ Model saved!

ℹ 2. Convergence diagnostics...
ℹ *** [Parameter: Beta] ***
ℹ Computation of traceplots, can take some time...
ℹ Traceplots saved!
ℹ -> Effective size:
ℹ 153 (92.73%) are good, 12 (7.27%) are acceptable and 0 (0%) are bad.
ℹ -> Gelman-Rubin convergence diagnostic:
ℹ 164 (99.39%) are good, 1 (0.61%) are acceptable and 0 (0%) are bad.
ℹ -> Autocorrelation:
ℹ [Lag 20]:
ℹ 158 (95.76%) are good and 7 (4.24%) are bad.
ℹ [Lag 50]:
ℹ 165 (100%) are good and 0 (0%) are bad.

ℹ 3. Performance evaluation...
ℹ Computing training scores...
ℹ Computing testing scores...
ℹ Saving scores...
✔ Scores saved!

ℹ 4. Associations...
✔ Model ran without errors!

! ----- Running loop: 303/320 -----
ℹ - Random effect: none
ℹ - Strategy: simplified-uncertainty
ℹ - New samples: 50
ℹ - Train size: 125
ℹ - N variables: 6
ℹ - K-fold: 10

ℹ 0. Setting up path...
! Running simplified-uncertainty...

ℹ 1. Fitting model...
ℹ Preparing training set for HMSC...
ℹ Creation of Hmsc object without random effects...
✔ Created Hmsc object!

ℹ Started fitting at: 2026-09-02 19:53:18.524931
! Cannot display fitting progress when running chains in parallel.
! Set `allow_parallel` to `FALSE` to see progress.
ℹ Completed fitting at: 2026-09-02 19:53:26.239736
ℹ Time elapsed: 7.71
ℹ Saving model...
✔ Model saved!

ℹ 2. Convergence diagnostics...
ℹ *** [Parameter: Beta] ***
ℹ Computation of traceplots, can take some time...
ℹ Traceplots saved!
ℹ -> Effective size:
ℹ 149 (90.3%) are good, 16 (9.7%) are acceptable and 0 (0%) are bad.
ℹ -> Gelman-Rubin convergence diagnostic:
ℹ 165 (100%) are good, 0 (0%) are acceptable and 0 (0%) are bad.
ℹ -> Autocorrelation:
ℹ [Lag 20]:
ℹ 156 (94.55%) are good and 9 (5.45%) are bad.
ℹ [Lag 50]:
ℹ 165 (100%) are good and 0 (0%) are bad.

ℹ 3. Performance evaluation...
ℹ Computing training scores...
ℹ Computing testing scores...
ℹ Saving scores...
✔ Scores saved!

ℹ 4. Associations...
✔ Model ran without errors!

! ----- Running loop: 304/320 -----
ℹ - Random effect: none
ℹ - Strategy: 2-part-simplified-uncertainty
ℹ - New samples: 50
ℹ - Train size: 125
ℹ - N variables: 6
ℹ - K-fold: 10

ℹ 0. Setting up path...
! Running simplified-uncertainty...

ℹ 1. Fitting model...
ℹ Preparing training set for HMSC...
ℹ Creation of Hmsc object without random effects...
✔ Created Hmsc object!

ℹ Started fitting at: 2026-09-02 19:54:22.984488
! Cannot display fitting progress when running chains in parallel.
! Set `allow_parallel` to `FALSE` to see progress.
ℹ Completed fitting at: 2026-09-02 19:54:35.672745
ℹ Time elapsed: 12.69
ℹ Saving model...
✔ Model saved!

! Running simplified-uncertainty...

ℹ 1. Fitting model...
ℹ Preparing training set for HMSC...
ℹ Creation of Hmsc object without random effects...
✔ Created Hmsc object!

ℹ Started fitting at: 2026-09-02 19:54:39.04494
! Cannot display fitting progress when running chains in parallel.
! Set `allow_parallel` to `FALSE` to see progress.
ℹ Completed fitting at: 2026-09-02 19:54:46.645056
ℹ Time elapsed: 7.6
ℹ Saving model...
✔ Model saved!

ℹ 2. Convergence diagnostics...
ℹ *** [Parameter: Beta] ***
ℹ Computation of traceplots, can take some time...
ℹ Traceplots saved!
ℹ -> Effective size:
ℹ 142 (86.06%) are good, 23 (13.94%) are acceptable and 0 (0%) are bad.
ℹ -> Gelman-Rubin convergence diagnostic:
ℹ 164 (99.39%) are good, 1 (0.61%) are acceptable and 0 (0%) are bad.
ℹ -> Autocorrelation:
ℹ [Lag 20]:
ℹ 146 (88.48%) are good and 19 (11.52%) are bad.
ℹ [Lag 50]:
ℹ 162 (98.18%) are good and 3 (1.82%) are bad.

ℹ 3. Performance evaluation...
ℹ Computing training scores...
ℹ Computing testing scores...
ℹ Saving scores...
✔ Scores saved!

ℹ 4. Associations...
✔ Model ran without errors!

! ----- Running loop: 305/320 -----
ℹ - Random effect: none
ℹ - Strategy: 3-part-simplified-uncertainty
ℹ - New samples: 50
ℹ - Train size: 125
ℹ - N variables: 6
ℹ - K-fold: 10

ℹ 0. Setting up path...
! Running simplified-uncertainty...

ℹ 1. Fitting model...
ℹ Preparing training set for HMSC...
ℹ Creation of Hmsc object without random effects...
✔ Created Hmsc object!

ℹ Started fitting at: 2026-09-02 19:55:44.896768
! Cannot display fitting progress when running chains in parallel.
! Set `allow_parallel` to `FALSE` to see progress.
ℹ Completed fitting at: 2026-09-02 19:55:53.654078
ℹ Time elapsed: 8.76
ℹ Saving model...
✔ Model saved!

! Running simplified-uncertainty...

ℹ 1. Fitting model...
ℹ Preparing training set for HMSC...
ℹ Creation of Hmsc object without random effects...
✔ Created Hmsc object!

ℹ Started fitting at: 2026-09-02 19:55:57.172962
! Cannot display fitting progress when running chains in parallel.
! Set `allow_parallel` to `FALSE` to see progress.
ℹ Completed fitting at: 2026-09-02 19:56:04.930774
ℹ Time elapsed: 7.76
ℹ Saving model...
✔ Model saved!

! Running simplified-uncertainty...

ℹ 1. Fitting model...
ℹ Preparing training set for HMSC...
ℹ Creation of Hmsc object without random effects...
✔ Created Hmsc object!

ℹ Started fitting at: 2026-09-02 19:56:08.311552
! Cannot display fitting progress when running chains in parallel.
! Set `allow_parallel` to `FALSE` to see progress.
ℹ Completed fitting at: 2026-09-02 19:56:15.95858
ℹ Time elapsed: 7.65
ℹ Saving model...
✔ Model saved!

ℹ 2. Convergence diagnostics...
ℹ *** [Parameter: Beta] ***
ℹ Computation of traceplots, can take some time...
ℹ Traceplots saved!
ℹ -> Effective size:
ℹ 136 (82.42%) are good, 29 (17.58%) are acceptable and 0 (0%) are bad.
ℹ -> Gelman-Rubin convergence diagnostic:
ℹ 163 (98.79%) are good, 1 (0.61%) are acceptable and 1 (0.61%) are bad.
ℹ -> Autocorrelation:
ℹ [Lag 20]:
ℹ 142 (86.06%) are good and 23 (13.94%) are bad.
ℹ [Lag 50]:
ℹ 159 (96.36%) are good and 6 (3.64%) are bad.

ℹ 3. Performance evaluation...
ℹ Computing training scores...
ℹ Computing testing scores...
ℹ Saving scores...
✔ Scores saved!

ℹ 4. Associations...
✔ Model ran without errors!

! ----- Running loop: 306/320 -----
ℹ - Random effect: none
ℹ - Strategy: simplified-uncertainty
ℹ - New samples: 0
ℹ - Train size: 125
ℹ - N variables: 6
ℹ - K-fold: 10

ℹ 0. Setting up path...
! n_new_samples is '0' but strategy is 'simplified-uncertainty'. Overwriting with strategy = 'none' to avoid errors.
ℹ Model already fitted! Skipping...

! ----- Running loop: 307/320 -----
ℹ - Random effect: none
ℹ - Strategy: simplified-uncertainty
ℹ - New samples: 10
ℹ - Train size: 125
ℹ - N variables: 6
ℹ - K-fold: 10

ℹ 0. Setting up path...
! Running simplified-uncertainty...

ℹ 1. Fitting model...
ℹ Preparing training set for HMSC...
ℹ Creation of Hmsc object without random effects...
✔ Created Hmsc object!

ℹ Started fitting at: 2026-09-02 19:57:12.638313
! Cannot display fitting progress when running chains in parallel.
! Set `allow_parallel` to `FALSE` to see progress.
ℹ Completed fitting at: 2026-09-02 19:57:25.100569
ℹ Time elapsed: 12.46
ℹ Saving model...
✔ Model saved!

ℹ 2. Convergence diagnostics...
ℹ *** [Parameter: Beta] ***
ℹ Computation of traceplots, can take some time...
ℹ Traceplots saved!
ℹ -> Effective size:
ℹ 140 (84.85%) are good, 25 (15.15%) are acceptable and 0 (0%) are bad.
ℹ -> Gelman-Rubin convergence diagnostic:
ℹ 160 (96.97%) are good, 5 (3.03%) are acceptable and 0 (0%) are bad.
ℹ -> Autocorrelation:
ℹ [Lag 20]:
ℹ 148 (89.7%) are good and 17 (10.3%) are bad.
ℹ [Lag 50]:
ℹ 165 (100%) are good and 0 (0%) are bad.

ℹ 3. Performance evaluation...
ℹ Computing training scores...
ℹ Computing testing scores...
ℹ Saving scores...
✔ Scores saved!

ℹ 4. Associations...
✔ Model ran without errors!

! ----- Running loop: 308/320 -----
ℹ - Random effect: none
ℹ - Strategy: simplified-uncertainty
ℹ - New samples: 25
ℹ - Train size: 125
ℹ - N variables: 6
ℹ - K-fold: 10

ℹ 0. Setting up path...
! Running simplified-uncertainty...

ℹ 1. Fitting model...
ℹ Preparing training set for HMSC...
ℹ Creation of Hmsc object without random effects...
✔ Created Hmsc object!

ℹ Started fitting at: 2026-09-02 19:58:21.728125
! Cannot display fitting progress when running chains in parallel.
! Set `allow_parallel` to `FALSE` to see progress.
ℹ Completed fitting at: 2026-09-02 19:58:34.531583
ℹ Time elapsed: 12.8
ℹ Saving model...
✔ Model saved!

ℹ 2. Convergence diagnostics...
ℹ *** [Parameter: Beta] ***
ℹ Computation of traceplots, can take some time...
ℹ Traceplots saved!
ℹ -> Effective size:
ℹ 145 (87.88%) are good, 20 (12.12%) are acceptable and 0 (0%) are bad.
ℹ -> Gelman-Rubin convergence diagnostic:
ℹ 164 (99.39%) are good, 1 (0.61%) are acceptable and 0 (0%) are bad.
ℹ -> Autocorrelation:
ℹ [Lag 20]:
ℹ 154 (93.33%) are good and 11 (6.67%) are bad.
ℹ [Lag 50]:
ℹ 164 (99.39%) are good and 1 (0.61%) are bad.

ℹ 3. Performance evaluation...
ℹ Computing training scores...
ℹ Computing testing scores...
ℹ Saving scores...
✔ Scores saved!

ℹ 4. Associations...
✔ Model ran without errors!

! ----- Running loop: 309/320 -----
ℹ - Random effect: none
ℹ - Strategy: simplified-uncertainty
ℹ - New samples: 100
ℹ - Train size: 125
ℹ - N variables: 6
ℹ - K-fold: 10

ℹ 0. Setting up path...
! Running simplified-uncertainty...

ℹ 1. Fitting model...
ℹ Preparing training set for HMSC...
ℹ Creation of Hmsc object without random effects...
✔ Created Hmsc object!

ℹ Started fitting at: 2026-09-02 19:59:31.970425
! Cannot display fitting progress when running chains in parallel.
! Set `allow_parallel` to `FALSE` to see progress.
ℹ Completed fitting at: 2026-09-02 19:59:40.254033
ℹ Time elapsed: 8.28
ℹ Saving model...
✔ Model saved!

ℹ 2. Convergence diagnostics...
ℹ *** [Parameter: Beta] ***
ℹ Computation of traceplots, can take some time...
ℹ Traceplots saved!
ℹ -> Effective size:
ℹ 147 (89.09%) are good, 18 (10.91%) are acceptable and 0 (0%) are bad.
ℹ -> Gelman-Rubin convergence diagnostic:
ℹ 164 (99.39%) are good, 1 (0.61%) are acceptable and 0 (0%) are bad.
ℹ -> Autocorrelation:
ℹ [Lag 20]:
ℹ 153 (92.73%) are good and 12 (7.27%) are bad.
ℹ [Lag 50]:
ℹ 163 (98.79%) are good and 2 (1.21%) are bad.

ℹ 3. Performance evaluation...
ℹ Computing training scores...
ℹ Computing testing scores...
ℹ Saving scores...
✔ Scores saved!

ℹ 4. Associations...
✔ Model ran without errors!

! ----- Running loop: 310/320 -----
ℹ - Random effect: none
ℹ - Strategy: simplified-uncertainty
ℹ - New samples: 150
ℹ - Train size: 125
ℹ - N variables: 6
ℹ - K-fold: 10

ℹ 0. Setting up path...
! Running simplified-uncertainty...

ℹ 1. Fitting model...
ℹ Preparing training set for HMSC...
ℹ Creation of Hmsc object without random effects...
✔ Created Hmsc object!

ℹ Started fitting at: 2026-09-02 20:00:37.48444
! Cannot display fitting progress when running chains in parallel.
! Set `allow_parallel` to `FALSE` to see progress.
ℹ Completed fitting at: 2026-09-02 20:00:45.453611
ℹ Time elapsed: 7.97
ℹ Saving model...
✔ Model saved!

ℹ 2. Convergence diagnostics...
ℹ *** [Parameter: Beta] ***
ℹ Computation of traceplots, can take some time...
ℹ Traceplots saved!
ℹ -> Effective size:
ℹ 151 (91.52%) are good, 14 (8.48%) are acceptable and 0 (0%) are bad.
ℹ -> Gelman-Rubin convergence diagnostic:
ℹ 164 (99.39%) are good, 1 (0.61%) are acceptable and 0 (0%) are bad.
ℹ -> Autocorrelation:
ℹ [Lag 20]:
ℹ 151 (91.52%) are good and 14 (8.48%) are bad.
ℹ [Lag 50]:
ℹ 161 (97.58%) are good and 4 (2.42%) are bad.

ℹ 3. Performance evaluation...
ℹ Computing training scores...
ℹ Computing testing scores...
ℹ Saving scores...
✔ Scores saved!

ℹ 4. Associations...
✔ Model ran without errors!

! ----- Running loop: 311/320 -----
ℹ - Random effect: none
ℹ - Strategy: gap-filling
ℹ - New samples: 0
ℹ - Train size: 125
ℹ - N variables: 6
ℹ - K-fold: 10

ℹ 0. Setting up path...
! n_new_samples is '0' but strategy is 'gap-filling'. Overwriting with strategy = 'none' to avoid errors.
ℹ Model already fitted! Skipping...

! ----- Running loop: 312/320 -----
ℹ - Random effect: none
ℹ - Strategy: gap-filling
ℹ - New samples: 10
ℹ - Train size: 125
ℹ - N variables: 6
ℹ - K-fold: 10

ℹ 0. Setting up path...
ℹ Searching for the most distant points...

ℹ 1. Fitting model...
ℹ Preparing training set for HMSC...
ℹ Creation of Hmsc object without random effects...
✔ Created Hmsc object!

ℹ Started fitting at: 2026-09-02 20:01:40.473938
! Cannot display fitting progress when running chains in parallel.
! Set `allow_parallel` to `FALSE` to see progress.
ℹ Completed fitting at: 2026-09-02 20:01:52.903522
ℹ Time elapsed: 12.43
ℹ Saving model...
✔ Model saved!

ℹ 2. Convergence diagnostics...
ℹ *** [Parameter: Beta] ***
ℹ Computation of traceplots, can take some time...
ℹ Traceplots saved!
ℹ -> Effective size:
ℹ 151 (91.52%) are good, 14 (8.48%) are acceptable and 0 (0%) are bad.
ℹ -> Gelman-Rubin convergence diagnostic:
ℹ 165 (100%) are good, 0 (0%) are acceptable and 0 (0%) are bad.
ℹ -> Autocorrelation:
ℹ [Lag 20]:
ℹ 154 (93.33%) are good and 11 (6.67%) are bad.
ℹ [Lag 50]:
ℹ 165 (100%) are good and 0 (0%) are bad.

ℹ 3. Performance evaluation...
ℹ Computing training scores...
ℹ Computing testing scores...
ℹ Saving scores...
✔ Scores saved!

ℹ 4. Associations...
✔ Model ran without errors!

! ----- Running loop: 313/320 -----
ℹ - Random effect: none
ℹ - Strategy: gap-filling
ℹ - New samples: 25
ℹ - Train size: 125
ℹ - N variables: 6
ℹ - K-fold: 10

ℹ 0. Setting up path...
ℹ Searching for the most distant points...

ℹ 1. Fitting model...
ℹ Preparing training set for HMSC...
ℹ Creation of Hmsc object without random effects...
✔ Created Hmsc object!

ℹ Started fitting at: 2026-09-02 20:02:48.056347
! Cannot display fitting progress when running chains in parallel.
! Set `allow_parallel` to `FALSE` to see progress.
ℹ Completed fitting at: 2026-09-02 20:02:55.54894
ℹ Time elapsed: 7.49
ℹ Saving model...
✔ Model saved!

ℹ 2. Convergence diagnostics...
ℹ *** [Parameter: Beta] ***
ℹ Computation of traceplots, can take some time...
ℹ Traceplots saved!
ℹ -> Effective size:
ℹ 151 (91.52%) are good, 14 (8.48%) are acceptable and 0 (0%) are bad.
ℹ -> Gelman-Rubin convergence diagnostic:
ℹ 164 (99.39%) are good, 1 (0.61%) are acceptable and 0 (0%) are bad.
ℹ -> Autocorrelation:
ℹ [Lag 20]:
ℹ 159 (96.36%) are good and 6 (3.64%) are bad.
ℹ [Lag 50]:
ℹ 165 (100%) are good and 0 (0%) are bad.

ℹ 3. Performance evaluation...
ℹ Computing training scores...
ℹ Computing testing scores...
ℹ Saving scores...
✔ Scores saved!

ℹ 4. Associations...
✔ Model ran without errors!

! ----- Running loop: 314/320 -----
ℹ - Random effect: none
ℹ - Strategy: gap-filling
ℹ - New samples: 100
ℹ - Train size: 125
ℹ - N variables: 6
ℹ - K-fold: 10

ℹ 0. Setting up path...
ℹ Searching for the most distant points...

ℹ 1. Fitting model...
ℹ Preparing training set for HMSC...
ℹ Creation of Hmsc object without random effects...
✔ Created Hmsc object!

ℹ Started fitting at: 2026-09-02 20:03:57.809604
! Cannot display fitting progress when running chains in parallel.
! Set `allow_parallel` to `FALSE` to see progress.
ℹ Completed fitting at: 2026-09-02 20:04:05.843122
ℹ Time elapsed: 8.03
ℹ Saving model...
✔ Model saved!

ℹ 2. Convergence diagnostics...
ℹ *** [Parameter: Beta] ***
ℹ Computation of traceplots, can take some time...
ℹ Traceplots saved!
ℹ -> Effective size:
ℹ 149 (90.3%) are good, 16 (9.7%) are acceptable and 0 (0%) are bad.
ℹ -> Gelman-Rubin convergence diagnostic:
ℹ 161 (97.58%) are good, 3 (1.82%) are acceptable and 1 (0.61%) are bad.
ℹ -> Autocorrelation:
ℹ [Lag 20]:
ℹ 152 (92.12%) are good and 13 (7.88%) are bad.
ℹ [Lag 50]:
ℹ 164 (99.39%) are good and 1 (0.61%) are bad.

ℹ 3. Performance evaluation...
ℹ Computing training scores...
ℹ Computing testing scores...
ℹ Saving scores...
✔ Scores saved!

ℹ 4. Associations...
✔ Model ran without errors!

! ----- Running loop: 315/320 -----
ℹ - Random effect: none
ℹ - Strategy: gap-filling
ℹ - New samples: 150
ℹ - Train size: 125
ℹ - N variables: 6
ℹ - K-fold: 10

ℹ 0. Setting up path...
ℹ Searching for the most distant points...

ℹ 1. Fitting model...
ℹ Preparing training set for HMSC...
ℹ Creation of Hmsc object without random effects...
✔ Created Hmsc object!

ℹ Started fitting at: 2026-09-02 20:05:15.580763
! Cannot display fitting progress when running chains in parallel.
! Set `allow_parallel` to `FALSE` to see progress.
ℹ Completed fitting at: 2026-09-02 20:05:33.944194
ℹ Time elapsed: 18.36
ℹ Saving model...
✔ Model saved!

ℹ 2. Convergence diagnostics...
ℹ *** [Parameter: Beta] ***
ℹ Computation of traceplots, can take some time...
ℹ Traceplots saved!
ℹ -> Effective size:
ℹ 156 (94.55%) are good, 9 (5.45%) are acceptable and 0 (0%) are bad.
ℹ -> Gelman-Rubin convergence diagnostic:
ℹ 165 (100%) are good, 0 (0%) are acceptable and 0 (0%) are bad.
ℹ -> Autocorrelation:
ℹ [Lag 20]:
ℹ 161 (97.58%) are good and 4 (2.42%) are bad.
ℹ [Lag 50]:
ℹ 164 (99.39%) are good and 1 (0.61%) are bad.

ℹ 3. Performance evaluation...
ℹ Computing training scores...
ℹ Computing testing scores...
ℹ Saving scores...
✔ Scores saved!

ℹ 4. Associations...
✔ Model ran without errors!

! ----- Running loop: 316/320 -----
ℹ - Random effect: none
ℹ - Strategy: 3-part-simplified-uncertainty
ℹ - New samples: 0
ℹ - Train size: 125
ℹ - N variables: 6
ℹ - K-fold: 10

ℹ 0. Setting up path...
! n_new_samples is '0' but strategy is '3-part-simplified-uncertainty'. Overwriting with strategy = 'none' to avoid errors.
ℹ Model already fitted! Skipping...

! ----- Running loop: 317/320 -----
ℹ - Random effect: none
ℹ - Strategy: 3-part-simplified-uncertainty
ℹ - New samples: 10
ℹ - Train size: 125
ℹ - N variables: 6
ℹ - K-fold: 10

ℹ 0. Setting up path...
! Running simplified-uncertainty...

ℹ 1. Fitting model...
ℹ Preparing training set for HMSC...
ℹ Creation of Hmsc object without random effects...
✔ Created Hmsc object!

ℹ Started fitting at: 2026-09-02 20:06:32.494612
! Cannot display fitting progress when running chains in parallel.
! Set `allow_parallel` to `FALSE` to see progress.
ℹ Completed fitting at: 2026-09-02 20:06:49.894992
ℹ Time elapsed: 17.4
ℹ Saving model...
✔ Model saved!

! Running simplified-uncertainty...

ℹ 1. Fitting model...
ℹ Preparing training set for HMSC...
ℹ Creation of Hmsc object without random effects...
✔ Created Hmsc object!

ℹ Started fitting at: 2026-09-02 20:06:53.276642
! Cannot display fitting progress when running chains in parallel.
! Set `allow_parallel` to `FALSE` to see progress.
ℹ Completed fitting at: 2026-09-02 20:07:00.787437
ℹ Time elapsed: 7.51
ℹ Saving model...
✔ Model saved!

! Running simplified-uncertainty...

ℹ 1. Fitting model...
ℹ Preparing training set for HMSC...
ℹ Creation of Hmsc object without random effects...
✔ Created Hmsc object!

ℹ Started fitting at: 2026-09-02 20:07:04.260606
! Cannot display fitting progress when running chains in parallel.
! Set `allow_parallel` to `FALSE` to see progress.
ℹ Completed fitting at: 2026-09-02 20:07:11.743598
ℹ Time elapsed: 7.48
ℹ Saving model...
✔ Model saved!

ℹ 2. Convergence diagnostics...
ℹ *** [Parameter: Beta] ***
ℹ Computation of traceplots, can take some time...
ℹ Traceplots saved!
ℹ -> Effective size:
ℹ 146 (88.48%) are good, 19 (11.52%) are acceptable and 0 (0%) are bad.
ℹ -> Gelman-Rubin convergence diagnostic:
ℹ 165 (100%) are good, 0 (0%) are acceptable and 0 (0%) are bad.
ℹ -> Autocorrelation:
ℹ [Lag 20]:
ℹ 148 (89.7%) are good and 17 (10.3%) are bad.
ℹ [Lag 50]:
ℹ 165 (100%) are good and 0 (0%) are bad.

ℹ 3. Performance evaluation...
ℹ Computing training scores...
ℹ Computing testing scores...
ℹ Saving scores...
✔ Scores saved!

ℹ 4. Associations...
✔ Model ran without errors!

! ----- Running loop: 318/320 -----
ℹ - Random effect: none
ℹ - Strategy: 3-part-simplified-uncertainty
ℹ - New samples: 25
ℹ - Train size: 125
ℹ - N variables: 6
ℹ - K-fold: 10

ℹ 0. Setting up path...
! Running simplified-uncertainty...

ℹ 1. Fitting model...
ℹ Preparing training set for HMSC...
ℹ Creation of Hmsc object without random effects...
✔ Created Hmsc object!

ℹ Started fitting at: 2026-09-02 20:08:08.970789
! Cannot display fitting progress when running chains in parallel.
! Set `allow_parallel` to `FALSE` to see progress.
ℹ Completed fitting at: 2026-09-02 20:08:21.883548
ℹ Time elapsed: 12.91
ℹ Saving model...
✔ Model saved!

! Running simplified-uncertainty...

ℹ 1. Fitting model...
ℹ Preparing training set for HMSC...
ℹ Creation of Hmsc object without random effects...
✔ Created Hmsc object!

ℹ Started fitting at: 2026-09-02 20:08:25.26652
! Cannot display fitting progress when running chains in parallel.
! Set `allow_parallel` to `FALSE` to see progress.
ℹ Completed fitting at: 2026-09-02 20:08:38.253357
ℹ Time elapsed: 12.99
ℹ Saving model...
✔ Model saved!

! Running simplified-uncertainty...

ℹ 1. Fitting model...
ℹ Preparing training set for HMSC...
ℹ Creation of Hmsc object without random effects...
✔ Created Hmsc object!

ℹ Started fitting at: 2026-09-02 20:08:41.635992
! Cannot display fitting progress when running chains in parallel.
! Set `allow_parallel` to `FALSE` to see progress.
ℹ Completed fitting at: 2026-09-02 20:08:54.024915
ℹ Time elapsed: 12.39
ℹ Saving model...
✔ Model saved!

ℹ 2. Convergence diagnostics...
ℹ *** [Parameter: Beta] ***
ℹ Computation of traceplots, can take some time...
ℹ Traceplots saved!
ℹ -> Effective size:
ℹ 141 (85.45%) are good, 24 (14.55%) are acceptable and 0 (0%) are bad.
ℹ -> Gelman-Rubin convergence diagnostic:
ℹ 160 (96.97%) are good, 5 (3.03%) are acceptable and 0 (0%) are bad.
ℹ -> Autocorrelation:
ℹ [Lag 20]:
ℹ 150 (90.91%) are good and 15 (9.09%) are bad.
ℹ [Lag 50]:
ℹ 165 (100%) are good and 0 (0%) are bad.

ℹ 3. Performance evaluation...
ℹ Computing training scores...
ℹ Computing testing scores...
ℹ Saving scores...
✔ Scores saved!

ℹ 4. Associations...
✔ Model ran without errors!

! ----- Running loop: 319/320 -----
ℹ - Random effect: none
ℹ - Strategy: 3-part-simplified-uncertainty
ℹ - New samples: 100
ℹ - Train size: 125
ℹ - N variables: 6
ℹ - K-fold: 10

ℹ 0. Setting up path...
! Running simplified-uncertainty...

ℹ 1. Fitting model...
ℹ Preparing training set for HMSC...
ℹ Creation of Hmsc object without random effects...
✔ Created Hmsc object!

ℹ Started fitting at: 2026-09-02 20:09:52.193476
! Cannot display fitting progress when running chains in parallel.
! Set `allow_parallel` to `FALSE` to see progress.
ℹ Completed fitting at: 2026-09-02 20:10:09.352013
ℹ Time elapsed: 17.16
ℹ Saving model...
✔ Model saved!

! Running simplified-uncertainty...

ℹ 1. Fitting model...
ℹ Preparing training set for HMSC...
ℹ Creation of Hmsc object without random effects...
✔ Created Hmsc object!

ℹ Started fitting at: 2026-09-02 20:10:12.700916
! Cannot display fitting progress when running chains in parallel.
! Set `allow_parallel` to `FALSE` to see progress.
ℹ Completed fitting at: 2026-09-02 20:10:25.504194
ℹ Time elapsed: 12.8
ℹ Saving model...
✔ Model saved!

! Running simplified-uncertainty...

ℹ 1. Fitting model...
ℹ Preparing training set for HMSC...
ℹ Creation of Hmsc object without random effects...
✔ Created Hmsc object!

ℹ Started fitting at: 2026-09-02 20:10:28.846784
! Cannot display fitting progress when running chains in parallel.
! Set `allow_parallel` to `FALSE` to see progress.
ℹ Completed fitting at: 2026-09-02 20:10:41.848076
ℹ Time elapsed: 13
ℹ Saving model...
✔ Model saved!

ℹ 2. Convergence diagnostics...
ℹ *** [Parameter: Beta] ***
ℹ Computation of traceplots, can take some time...
ℹ Traceplots saved!
ℹ -> Effective size:
ℹ 135 (81.82%) are good, 30 (18.18%) are acceptable and 0 (0%) are bad.
ℹ -> Gelman-Rubin convergence diagnostic:
ℹ 161 (97.58%) are good, 2 (1.21%) are acceptable and 2 (1.21%) are bad.
ℹ -> Autocorrelation:
ℹ [Lag 20]:
ℹ 145 (87.88%) are good and 20 (12.12%) are bad.
ℹ [Lag 50]:
ℹ 162 (98.18%) are good and 3 (1.82%) are bad.

ℹ 3. Performance evaluation...
ℹ Computing training scores...
ℹ Computing testing scores...
ℹ Saving scores...
✔ Scores saved!

ℹ 4. Associations...
✔ Model ran without errors!

! ----- Running loop: 320/320 -----
ℹ - Random effect: none
ℹ - Strategy: 3-part-simplified-uncertainty
ℹ - New samples: 150
ℹ - Train size: 125
ℹ - N variables: 6
ℹ - K-fold: 10

ℹ 0. Setting up path...
! Running simplified-uncertainty...

ℹ 1. Fitting model...
ℹ Preparing training set for HMSC...
ℹ Creation of Hmsc object without random effects...
✔ Created Hmsc object!

ℹ Started fitting at: 2026-09-02 20:11:38.674871
! Cannot display fitting progress when running chains in parallel.
! Set `allow_parallel` to `FALSE` to see progress.
ℹ Completed fitting at: 2026-09-02 20:11:46.407036
ℹ Time elapsed: 7.73
ℹ Saving model...
✔ Model saved!

! Running simplified-uncertainty...

ℹ 1. Fitting model...
ℹ Preparing training set for HMSC...
ℹ Creation of Hmsc object without random effects...
✔ Created Hmsc object!

ℹ Started fitting at: 2026-09-02 20:11:49.773345
! Cannot display fitting progress when running chains in parallel.
! Set `allow_parallel` to `FALSE` to see progress.
ℹ Completed fitting at: 2026-09-02 20:11:57.760004
ℹ Time elapsed: 7.99
ℹ Saving model...
✔ Model saved!

! Running simplified-uncertainty...

ℹ 1. Fitting model...
ℹ Preparing training set for HMSC...
ℹ Creation of Hmsc object without random effects...
✔ Created Hmsc object!

ℹ Started fitting at: 2026-09-02 20:12:01.171292
! Cannot display fitting progress when running chains in parallel.
! Set `allow_parallel` to `FALSE` to see progress.
ℹ Completed fitting at: 2026-09-02 20:12:09.142462
ℹ Time elapsed: 7.97
ℹ Saving model...
✔ Model saved!

ℹ 2. Convergence diagnostics...
ℹ *** [Parameter: Beta] ***
ℹ Computation of traceplots, can take some time...
ℹ Traceplots saved!
ℹ -> Effective size:
ℹ 138 (83.64%) are good, 26 (15.76%) are acceptable and 1 (0.61%) are bad.
ℹ -> Gelman-Rubin convergence diagnostic:
ℹ 155 (93.94%) are good, 7 (4.24%) are acceptable and 3 (1.82%) are bad.
ℹ -> Autocorrelation:
ℹ [Lag 20]:
ℹ 143 (86.67%) are good and 22 (13.33%) are bad.
ℹ [Lag 50]:
ℹ 155 (93.94%) are good and 10 (6.06%) are bad.

ℹ 3. Performance evaluation...
ℹ Computing training scores...
ℹ Computing testing scores...
ℹ Saving scores...
✔ Scores saved!

ℹ 4. Associations...
✔ Model ran without errors!

There were 50 or more warnings (use warnings() to see the first 50)
