- The project is out-of-sync -- use `renv::status()` for details.
Warning message:
renv took longer than expected (30 seconds) to activate the sandbox.

The sandbox can be disabled by setting:

    RENV_CONFIG_SANDBOX_ENABLED = FALSE

within an appropriate start-up .Renviron file.

See `?renv::config` for more details. 
ℹ Specified output folder not found, creating it...
ℹ Creating base files...
ℹ Exploration of dataset.
`geom_smooth()` using formula = 'y ~ x'
`geom_smooth()` using formula = 'y ~ x'
`geom_smooth()` using formula = 'y ~ x'
`geom_smooth()` using formula = 'y ~ x'
`geom_smooth()` using formula = 'y ~ x'
`geom_smooth()` using formula = 'y ~ x'
`geom_smooth()` using formula = 'y ~ x'
`geom_smooth()` using formula = 'y ~ x'
`geom_smooth()` using formula = 'y ~ x'
`geom_smooth()` using formula = 'y ~ x'
✔ Saved Draftman's plot.
ℹ Top-5 MOST sighted species (from occurences):
              column  sum
1 Sylvia_atricapilla 4750
2  Fringilla_coelebs 4442
3      Turdus_merula 4375
4        Parus_major 3903
5   Columba_palumbus 3089
ℹ  
ℹ Top-5 LEAST sighted species (from occurences):
               column sum
1      Periparus_ater 159
2    Anthus_trivialis 381
3   Turdus_viscivorus 392
4     Serinus_serinus 503
5 Carduelis_cannabina 535
✔ Saved table of occurrences in dataset.

ℹ Splitting datasets...
✔ Point ID of splits are ready for each split!

ℹ ------------ Fitting models ------------

! ----- Running loop: 1/180 -----
ℹ - Random effect: none
ℹ - Strategy: none
ℹ - New samples: 0
ℹ - Train size: 15
ℹ - N variables: 6
ℹ - K-fold: 1

ℹ 0. Setting up path...

ℹ 1. Fitting model...
ℹ Preparing training set for HMSC...
ℹ Creation of Hmsc object without random effects...
✔ Created Hmsc object!

ℹ Started fitting at: 2026-08-10 13:34:22.691674
! Cannot display fitting progress when running chains in parallel.
! Set `allow_parallel` to `FALSE` to see progress.
ℹ Completed fitting at: 2026-08-10 13:34:45.209282
ℹ Time elapsed: 22.52
ℹ Saving model...
✔ Model saved!

ℹ 2. Convergence diagnostics...
ℹ *** [Parameter: Beta] ***
ℹ Computation of traceplots, can take some time...
ℹ Traceplots saved!
ℹ -> Effective size:
ℹ 162 (98.18%) are good, 3 (1.82%) are acceptable and 0 (0%) are bad.
ℹ -> Gelman-Rubin convergence diagnostic:
ℹ 165 (100%) are good, 0 (0%) are acceptable and 0 (0%) are bad.
ℹ -> Autocorrelation:
ℹ [Lag 20]:
ℹ 39 (23.64%) are good and 126 (76.36%) are bad.
ℹ [Lag 50]:
ℹ 82 (49.7%) are good and 83 (50.3%) are bad.

ℹ 3. Performance evaluation...
ℹ Computing training scores...
ℹ Computing testing scores...
ℹ Saving scores...
✔ Scores saved!

ℹ 4. Associations...
✔ Model ran without errors!

! ----- Running loop: 2/180 -----
ℹ - Random effect: none
ℹ - Strategy: none
ℹ - New samples: 0
ℹ - Train size: 25
ℹ - N variables: 6
ℹ - K-fold: 1

ℹ 0. Setting up path...

ℹ 1. Fitting model...
ℹ Preparing training set for HMSC...
ℹ Creation of Hmsc object without random effects...
✔ Created Hmsc object!

ℹ Started fitting at: 2026-08-10 13:36:32.329363
! Cannot display fitting progress when running chains in parallel.
! Set `allow_parallel` to `FALSE` to see progress.
ℹ Completed fitting at: 2026-08-10 13:36:55.186129
ℹ Time elapsed: 22.86
ℹ Saving model...
✔ Model saved!

ℹ 2. Convergence diagnostics...
ℹ *** [Parameter: Beta] ***
ℹ Computation of traceplots, can take some time...
ℹ Traceplots saved!
ℹ -> Effective size:
ℹ 163 (98.79%) are good, 2 (1.21%) are acceptable and 0 (0%) are bad.
ℹ -> Gelman-Rubin convergence diagnostic:
ℹ 165 (100%) are good, 0 (0%) are acceptable and 0 (0%) are bad.
ℹ -> Autocorrelation:
ℹ [Lag 20]:
ℹ 56 (33.94%) are good and 109 (66.06%) are bad.
ℹ [Lag 50]:
ℹ 101 (61.21%) are good and 64 (38.79%) are bad.

ℹ 3. Performance evaluation...
ℹ Computing training scores...
ℹ Computing testing scores...
ℹ Saving scores...
✔ Scores saved!

ℹ 4. Associations...
✔ Model ran without errors!

! ----- Running loop: 3/180 -----
ℹ - Random effect: none
ℹ - Strategy: none
ℹ - New samples: 0
ℹ - Train size: 50
ℹ - N variables: 6
ℹ - K-fold: 1

ℹ 0. Setting up path...

ℹ 1. Fitting model...
ℹ Preparing training set for HMSC...
ℹ Creation of Hmsc object without random effects...
✔ Created Hmsc object!

ℹ Started fitting at: 2026-08-10 13:38:29.946176
! Cannot display fitting progress when running chains in parallel.
! Set `allow_parallel` to `FALSE` to see progress.
ℹ Completed fitting at: 2026-08-10 13:38:53.721742
ℹ Time elapsed: 23.78
ℹ Saving model...
✔ Model saved!

ℹ 2. Convergence diagnostics...
ℹ *** [Parameter: Beta] ***
ℹ Computation of traceplots, can take some time...
ℹ Traceplots saved!
ℹ -> Effective size:
ℹ 165 (100%) are good, 0 (0%) are acceptable and 0 (0%) are bad.
ℹ -> Gelman-Rubin convergence diagnostic:
ℹ 165 (100%) are good, 0 (0%) are acceptable and 0 (0%) are bad.
ℹ -> Autocorrelation:
ℹ [Lag 20]:
ℹ 126 (76.36%) are good and 39 (23.64%) are bad.
ℹ [Lag 50]:
ℹ 162 (98.18%) are good and 3 (1.82%) are bad.

ℹ 3. Performance evaluation...
ℹ Computing training scores...
ℹ Computing testing scores...
ℹ Saving scores...
✔ Scores saved!

ℹ 4. Associations...
✔ Model ran without errors!

! ----- Running loop: 4/180 -----
ℹ - Random effect: none
ℹ - Strategy: none
ℹ - New samples: 0
ℹ - Train size: 75
ℹ - N variables: 6
ℹ - K-fold: 1

ℹ 0. Setting up path...

ℹ 1. Fitting model...
ℹ Preparing training set for HMSC...
ℹ Creation of Hmsc object without random effects...
✔ Created Hmsc object!

ℹ Started fitting at: 2026-08-10 13:40:31.116606
! Cannot display fitting progress when running chains in parallel.
! Set `allow_parallel` to `FALSE` to see progress.
ℹ Completed fitting at: 2026-08-10 13:40:56.288862
ℹ Time elapsed: 25.17
ℹ Saving model...
✔ Model saved!

ℹ 2. Convergence diagnostics...
ℹ *** [Parameter: Beta] ***
ℹ Computation of traceplots, can take some time...
ℹ Traceplots saved!
ℹ -> Effective size:
ℹ 165 (100%) are good, 0 (0%) are acceptable and 0 (0%) are bad.
ℹ -> Gelman-Rubin convergence diagnostic:
ℹ 165 (100%) are good, 0 (0%) are acceptable and 0 (0%) are bad.
ℹ -> Autocorrelation:
ℹ [Lag 20]:
ℹ 136 (82.42%) are good and 29 (17.58%) are bad.
ℹ [Lag 50]:
ℹ 165 (100%) are good and 0 (0%) are bad.

ℹ 3. Performance evaluation...
ℹ Computing training scores...
ℹ Computing testing scores...
ℹ Saving scores...
✔ Scores saved!

ℹ 4. Associations...
✔ Model ran without errors!

! ----- Running loop: 5/180 -----
ℹ - Random effect: none
ℹ - Strategy: none
ℹ - New samples: 0
ℹ - Train size: 100
ℹ - N variables: 6
ℹ - K-fold: 1

ℹ 0. Setting up path...

ℹ 1. Fitting model...
ℹ Preparing training set for HMSC...
ℹ Creation of Hmsc object without random effects...
✔ Created Hmsc object!

ℹ Started fitting at: 2026-08-10 13:42:31.456319
! Cannot display fitting progress when running chains in parallel.
! Set `allow_parallel` to `FALSE` to see progress.
ℹ Completed fitting at: 2026-08-10 13:43:02.78556
ℹ Time elapsed: 31.33
ℹ Saving model...
✔ Model saved!

ℹ 2. Convergence diagnostics...
ℹ *** [Parameter: Beta] ***
ℹ Computation of traceplots, can take some time...
ℹ Traceplots saved!
ℹ -> Effective size:
ℹ 165 (100%) are good, 0 (0%) are acceptable and 0 (0%) are bad.
ℹ -> Gelman-Rubin convergence diagnostic:
ℹ 165 (100%) are good, 0 (0%) are acceptable and 0 (0%) are bad.
ℹ -> Autocorrelation:
ℹ [Lag 20]:
ℹ 144 (87.27%) are good and 21 (12.73%) are bad.
ℹ [Lag 50]:
ℹ 165 (100%) are good and 0 (0%) are bad.

ℹ 3. Performance evaluation...
ℹ Computing training scores...
ℹ Computing testing scores...
ℹ Saving scores...
✔ Scores saved!

ℹ 4. Associations...
✔ Model ran without errors!

! ----- Running loop: 6/180 -----
ℹ - Random effect: none
ℹ - Strategy: none
ℹ - New samples: 0
ℹ - Train size: 125
ℹ - N variables: 6
ℹ - K-fold: 1

ℹ 0. Setting up path...

ℹ 1. Fitting model...
ℹ Preparing training set for HMSC...
ℹ Creation of Hmsc object without random effects...
✔ Created Hmsc object!

ℹ Started fitting at: 2026-08-10 13:44:37.148473
! Cannot display fitting progress when running chains in parallel.
! Set `allow_parallel` to `FALSE` to see progress.
ℹ Completed fitting at: 2026-08-10 13:45:03.354632
ℹ Time elapsed: 26.21
ℹ Saving model...
✔ Model saved!

ℹ 2. Convergence diagnostics...
ℹ *** [Parameter: Beta] ***
ℹ Computation of traceplots, can take some time...
ℹ Traceplots saved!
ℹ -> Effective size:
ℹ 165 (100%) are good, 0 (0%) are acceptable and 0 (0%) are bad.
ℹ -> Gelman-Rubin convergence diagnostic:
ℹ 165 (100%) are good, 0 (0%) are acceptable and 0 (0%) are bad.
ℹ -> Autocorrelation:
ℹ [Lag 20]:
ℹ 140 (84.85%) are good and 25 (15.15%) are bad.
ℹ [Lag 50]:
ℹ 165 (100%) are good and 0 (0%) are bad.

ℹ 3. Performance evaluation...
ℹ Computing training scores...
ℹ Computing testing scores...
ℹ Saving scores...
✔ Scores saved!

ℹ 4. Associations...
✔ Model ran without errors!

! ----- Running loop: 7/180 -----
ℹ - Random effect: none
ℹ - Strategy: none
ℹ - New samples: 0
ℹ - Train size: 125
ℹ - N variables: 3
ℹ - K-fold: 1

ℹ 0. Setting up path...

ℹ 1. Fitting model...
ℹ Preparing training set for HMSC...
ℹ Creation of Hmsc object without random effects...
✔ Created Hmsc object!

ℹ Started fitting at: 2026-08-10 13:46:37.865163
! Cannot display fitting progress when running chains in parallel.
! Set `allow_parallel` to `FALSE` to see progress.
ℹ Completed fitting at: 2026-08-10 13:47:02.695509
ℹ Time elapsed: 24.83
ℹ Saving model...
✔ Model saved!

ℹ 2. Convergence diagnostics...
ℹ *** [Parameter: Beta] ***
ℹ Computation of traceplots, can take some time...
ℹ Traceplots saved!
ℹ -> Effective size:
ℹ 120 (100%) are good, 0 (0%) are acceptable and 0 (0%) are bad.
ℹ -> Gelman-Rubin convergence diagnostic:
ℹ 120 (100%) are good, 0 (0%) are acceptable and 0 (0%) are bad.
ℹ -> Autocorrelation:
ℹ [Lag 20]:
ℹ 108 (90%) are good and 12 (10%) are bad.
ℹ [Lag 50]:
ℹ 120 (100%) are good and 0 (0%) are bad.

ℹ 3. Performance evaluation...
ℹ Computing training scores...
ℹ Computing testing scores...
ℹ Saving scores...
✔ Scores saved!

ℹ 4. Associations...
✔ Model ran without errors!

! ----- Running loop: 8/180 -----
ℹ - Random effect: none
ℹ - Strategy: none
ℹ - New samples: 0
ℹ - Train size: 125
ℹ - N variables: 2
ℹ - K-fold: 1

ℹ 0. Setting up path...

ℹ 1. Fitting model...
ℹ Preparing training set for HMSC...
ℹ Creation of Hmsc object without random effects...
✔ Created Hmsc object!

ℹ Started fitting at: 2026-08-10 13:48:19.267469
! Cannot display fitting progress when running chains in parallel.
! Set `allow_parallel` to `FALSE` to see progress.
ℹ Completed fitting at: 2026-08-10 13:48:42.762341
ℹ Time elapsed: 23.49
ℹ Saving model...
✔ Model saved!

ℹ 2. Convergence diagnostics...
ℹ *** [Parameter: Beta] ***
ℹ Computation of traceplots, can take some time...
ℹ Traceplots saved!
ℹ -> Effective size:
ℹ 105 (100%) are good, 0 (0%) are acceptable and 0 (0%) are bad.
ℹ -> Gelman-Rubin convergence diagnostic:
ℹ 105 (100%) are good, 0 (0%) are acceptable and 0 (0%) are bad.
ℹ -> Autocorrelation:
ℹ [Lag 20]:
ℹ 97 (92.38%) are good and 8 (7.62%) are bad.
ℹ [Lag 50]:
ℹ 105 (100%) are good and 0 (0%) are bad.

ℹ 3. Performance evaluation...
ℹ Computing training scores...
ℹ Computing testing scores...
ℹ Saving scores...
✔ Scores saved!

ℹ 4. Associations...
✔ Model ran without errors!

! ----- Running loop: 9/180 -----
ℹ - Random effect: units
ℹ - Strategy: none
ℹ - New samples: 0
ℹ - Train size: 125
ℹ - N variables: 6
ℹ - K-fold: 1

ℹ 0. Setting up path...

ℹ 1. Fitting model...
ℹ Preparing training set for HMSC...
ℹ Creation of Hmsc object with 'units' effect...
✔ Created Hmsc object!

ℹ Started fitting at: 2026-08-10 13:49:55.459493
! Cannot display fitting progress when running chains in parallel.
! Set `allow_parallel` to `FALSE` to see progress.
ℹ Completed fitting at: 2026-08-10 13:50:40.261577
ℹ Time elapsed: 44.8
ℹ Saving model...
✔ Model saved!

ℹ 2. Convergence diagnostics...
ℹ *** [Parameter: Beta] ***
ℹ Computation of traceplots, can take some time...
ℹ Traceplots saved!
ℹ -> Effective size:
ℹ 165 (100%) are good, 0 (0%) are acceptable and 0 (0%) are bad.
ℹ -> Gelman-Rubin convergence diagnostic:
ℹ 165 (100%) are good, 0 (0%) are acceptable and 0 (0%) are bad.
ℹ -> Autocorrelation:
ℹ [Lag 20]:
ℹ 139 (84.24%) are good and 26 (15.76%) are bad.
ℹ [Lag 50]:
ℹ 164 (99.39%) are good and 1 (0.61%) are bad.
ℹ *** [Parameter: Omega] ***
ℹ Computation of traceplots, can take some time...
ℹ Traceplots saved!
ℹ -> Effective size:
ℹ 216 (96%) are good, 9 (4%) are acceptable and 0 (0%) are bad.
ℹ -> Gelman-Rubin convergence diagnostic:
ℹ 196 (87.11%) are good, 5 (2.22%) are acceptable and 24 (10.67%) are bad.
ℹ -> Autocorrelation:
ℹ [Lag 20]:
ℹ 161 (71.56%) are good and 64 (28.44%) are bad.
ℹ [Lag 50]:
ℹ 198 (88%) are good and 27 (12%) are bad.

ℹ 3. Performance evaluation...
ℹ Computing training scores...
ℹ Computing testing scores...
ℹ Saving scores...
✔ Scores saved!

ℹ 4. Associations...
✔ Model ran without errors!

! ----- Running loop: 10/180 -----
ℹ - Random effect: none
ℹ - Strategy: none
ℹ - New samples: 0
ℹ - Train size: 125
ℹ - N variables: 6
ℹ - K-fold: 1

ℹ 0. Setting up path...
ℹ Model already fitted! Skipping...

! ----- Running loop: 11/180 -----
ℹ - Random effect: none
ℹ - Strategy: business-as-usual
ℹ - New samples: 50
ℹ - Train size: 125
ℹ - N variables: 6
ℹ - K-fold: 1

ℹ 0. Setting up path...
ℹ Pulling 50 new random samples...

ℹ 1. Fitting model...
ℹ Preparing training set for HMSC...
ℹ Creation of Hmsc object without random effects...
✔ Created Hmsc object!

ℹ Started fitting at: 2026-08-10 13:53:12.283598
! Cannot display fitting progress when running chains in parallel.
! Set `allow_parallel` to `FALSE` to see progress.
ℹ Completed fitting at: 2026-08-10 13:53:40.174634
ℹ Time elapsed: 27.89
ℹ Saving model...
✔ Model saved!

ℹ 2. Convergence diagnostics...
ℹ *** [Parameter: Beta] ***
ℹ Computation of traceplots, can take some time...
ℹ Traceplots saved!
ℹ -> Effective size:
ℹ 165 (100%) are good, 0 (0%) are acceptable and 0 (0%) are bad.
ℹ -> Gelman-Rubin convergence diagnostic:
ℹ 165 (100%) are good, 0 (0%) are acceptable and 0 (0%) are bad.
ℹ -> Autocorrelation:
ℹ [Lag 20]:
ℹ 146 (88.48%) are good and 19 (11.52%) are bad.
ℹ [Lag 50]:
ℹ 165 (100%) are good and 0 (0%) are bad.

ℹ 3. Performance evaluation...
ℹ Computing training scores...
ℹ Computing testing scores...
ℹ Saving scores...
✔ Scores saved!

ℹ 4. Associations...
✔ Model ran without errors!

! ----- Running loop: 12/180 -----
ℹ - Random effect: none
ℹ - Strategy: gap-filling
ℹ - New samples: 50
ℹ - Train size: 125
ℹ - N variables: 6
ℹ - K-fold: 1

ℹ 0. Setting up path...
ℹ Searching for the most distant points...

ℹ 1. Fitting model...
ℹ Preparing training set for HMSC...
ℹ Creation of Hmsc object without random effects...
✔ Created Hmsc object!

ℹ Started fitting at: 2026-08-10 13:56:41.022475
! Cannot display fitting progress when running chains in parallel.
! Set `allow_parallel` to `FALSE` to see progress.
ℹ Completed fitting at: 2026-08-10 13:57:09.546672
ℹ Time elapsed: 28.52
ℹ Saving model...
✔ Model saved!

ℹ 2. Convergence diagnostics...
ℹ *** [Parameter: Beta] ***
ℹ Computation of traceplots, can take some time...
ℹ Traceplots saved!
ℹ -> Effective size:
ℹ 165 (100%) are good, 0 (0%) are acceptable and 0 (0%) are bad.
ℹ -> Gelman-Rubin convergence diagnostic:
ℹ 165 (100%) are good, 0 (0%) are acceptable and 0 (0%) are bad.
ℹ -> Autocorrelation:
ℹ [Lag 20]:
ℹ 140 (84.85%) are good and 25 (15.15%) are bad.
ℹ [Lag 50]:
ℹ 165 (100%) are good and 0 (0%) are bad.

ℹ 3. Performance evaluation...
ℹ Computing training scores...
ℹ Computing testing scores...
ℹ Saving scores...
✔ Scores saved!

ℹ 4. Associations...
✔ Model ran without errors!

! ----- Running loop: 13/180 -----
ℹ - Random effect: none
ℹ - Strategy: simplified-uncertainty
ℹ - New samples: 50
ℹ - Train size: 125
ℹ - N variables: 6
ℹ - K-fold: 1

ℹ 0. Setting up path...
! Running simplified-uncertainty...

ℹ 1. Fitting model...
ℹ Preparing training set for HMSC...
ℹ Creation of Hmsc object without random effects...
✔ Created Hmsc object!

ℹ Started fitting at: 2026-08-10 14:00:09.540963
! Cannot display fitting progress when running chains in parallel.
! Set `allow_parallel` to `FALSE` to see progress.
ℹ Completed fitting at: 2026-08-10 14:00:36.581805
ℹ Time elapsed: 27.04
ℹ Saving model...
✔ Model saved!

ℹ 2. Convergence diagnostics...
ℹ *** [Parameter: Beta] ***
ℹ Computation of traceplots, can take some time...
ℹ Traceplots saved!
ℹ -> Effective size:
ℹ 165 (100%) are good, 0 (0%) are acceptable and 0 (0%) are bad.
ℹ -> Gelman-Rubin convergence diagnostic:
ℹ 165 (100%) are good, 0 (0%) are acceptable and 0 (0%) are bad.
ℹ -> Autocorrelation:
ℹ [Lag 20]:
ℹ 152 (92.12%) are good and 13 (7.88%) are bad.
ℹ [Lag 50]:
ℹ 165 (100%) are good and 0 (0%) are bad.

ℹ 3. Performance evaluation...
ℹ Computing training scores...
ℹ Computing testing scores...
ℹ Saving scores...
✔ Scores saved!

ℹ 4. Associations...
✔ Model ran without errors!

! ----- Running loop: 14/180 -----
ℹ - Random effect: none
ℹ - Strategy: none
ℹ - New samples: 0
ℹ - Train size: 125
ℹ - N variables: 6
ℹ - K-fold: 1

ℹ 0. Setting up path...
ℹ Model already fitted! Skipping...

! ----- Running loop: 15/180 -----
ℹ - Random effect: none
ℹ - Strategy: simplified-uncertainty
ℹ - New samples: 10
ℹ - Train size: 125
ℹ - N variables: 6
ℹ - K-fold: 1

ℹ 0. Setting up path...
! Running simplified-uncertainty...

ℹ 1. Fitting model...
ℹ Preparing training set for HMSC...
ℹ Creation of Hmsc object without random effects...
✔ Created Hmsc object!

ℹ Started fitting at: 2026-08-10 14:03:31.097251
! Cannot display fitting progress when running chains in parallel.
! Set `allow_parallel` to `FALSE` to see progress.
ℹ Completed fitting at: 2026-08-10 14:03:57.380694
ℹ Time elapsed: 26.28
ℹ Saving model...
✔ Model saved!

ℹ 2. Convergence diagnostics...
ℹ *** [Parameter: Beta] ***
ℹ Computation of traceplots, can take some time...
ℹ Traceplots saved!
ℹ -> Effective size:
ℹ 165 (100%) are good, 0 (0%) are acceptable and 0 (0%) are bad.
ℹ -> Gelman-Rubin convergence diagnostic:
ℹ 165 (100%) are good, 0 (0%) are acceptable and 0 (0%) are bad.
ℹ -> Autocorrelation:
ℹ [Lag 20]:
ℹ 150 (90.91%) are good and 15 (9.09%) are bad.
ℹ [Lag 50]:
ℹ 165 (100%) are good and 0 (0%) are bad.

ℹ 3. Performance evaluation...
ℹ Computing training scores...
ℹ Computing testing scores...
ℹ Saving scores...
✔ Scores saved!

ℹ 4. Associations...
✔ Model ran without errors!

! ----- Running loop: 16/180 -----
ℹ - Random effect: none
ℹ - Strategy: simplified-uncertainty
ℹ - New samples: 25
ℹ - Train size: 125
ℹ - N variables: 6
ℹ - K-fold: 1

ℹ 0. Setting up path...
! Running simplified-uncertainty...

ℹ 1. Fitting model...
ℹ Preparing training set for HMSC...
ℹ Creation of Hmsc object without random effects...
✔ Created Hmsc object!

ℹ Started fitting at: 2026-08-10 14:06:53.390597
! Cannot display fitting progress when running chains in parallel.
! Set `allow_parallel` to `FALSE` to see progress.
ℹ Completed fitting at: 2026-08-10 14:07:20.188582
ℹ Time elapsed: 26.8
ℹ Saving model...
✔ Model saved!

ℹ 2. Convergence diagnostics...
ℹ *** [Parameter: Beta] ***
ℹ Computation of traceplots, can take some time...
ℹ Traceplots saved!
ℹ -> Effective size:
ℹ 165 (100%) are good, 0 (0%) are acceptable and 0 (0%) are bad.
ℹ -> Gelman-Rubin convergence diagnostic:
ℹ 165 (100%) are good, 0 (0%) are acceptable and 0 (0%) are bad.
ℹ -> Autocorrelation:
ℹ [Lag 20]:
ℹ 154 (93.33%) are good and 11 (6.67%) are bad.
ℹ [Lag 50]:
ℹ 165 (100%) are good and 0 (0%) are bad.

ℹ 3. Performance evaluation...
ℹ Computing training scores...
ℹ Computing testing scores...
ℹ Saving scores...
✔ Scores saved!

ℹ 4. Associations...
✔ Model ran without errors!

! ----- Running loop: 17/180 -----
ℹ - Random effect: none
ℹ - Strategy: simplified-uncertainty
ℹ - New samples: 100
ℹ - Train size: 125
ℹ - N variables: 6
ℹ - K-fold: 1

ℹ 0. Setting up path...
! Running simplified-uncertainty...

ℹ 1. Fitting model...
ℹ Preparing training set for HMSC...
ℹ Creation of Hmsc object without random effects...
✔ Created Hmsc object!

ℹ Started fitting at: 2026-08-10 14:10:21.52173
! Cannot display fitting progress when running chains in parallel.
! Set `allow_parallel` to `FALSE` to see progress.
ℹ Completed fitting at: 2026-08-10 14:10:56.444491
ℹ Time elapsed: 34.92
ℹ Saving model...
✔ Model saved!

ℹ 2. Convergence diagnostics...
ℹ *** [Parameter: Beta] ***
ℹ Computation of traceplots, can take some time...
ℹ Traceplots saved!
ℹ -> Effective size:
ℹ 165 (100%) are good, 0 (0%) are acceptable and 0 (0%) are bad.
ℹ -> Gelman-Rubin convergence diagnostic:
ℹ 165 (100%) are good, 0 (0%) are acceptable and 0 (0%) are bad.
ℹ -> Autocorrelation:
ℹ [Lag 20]:
ℹ 152 (92.12%) are good and 13 (7.88%) are bad.
ℹ [Lag 50]:
ℹ 163 (98.79%) are good and 2 (1.21%) are bad.

ℹ 3. Performance evaluation...
ℹ Computing training scores...
ℹ Computing testing scores...
ℹ Saving scores...
✔ Scores saved!

ℹ 4. Associations...
✔ Model ran without errors!

! ----- Running loop: 18/180 -----
ℹ - Random effect: none
ℹ - Strategy: simplified-uncertainty
ℹ - New samples: 150
ℹ - Train size: 125
ℹ - N variables: 6
ℹ - K-fold: 1

ℹ 0. Setting up path...
! Running simplified-uncertainty...

ℹ 1. Fitting model...
ℹ Preparing training set for HMSC...
ℹ Creation of Hmsc object without random effects...
✔ Created Hmsc object!

ℹ Started fitting at: 2026-08-10 14:13:53.658395
! Cannot display fitting progress when running chains in parallel.
! Set `allow_parallel` to `FALSE` to see progress.
ℹ Completed fitting at: 2026-08-10 14:14:24.564772
ℹ Time elapsed: 30.91
ℹ Saving model...
✔ Model saved!

ℹ 2. Convergence diagnostics...
ℹ *** [Parameter: Beta] ***
ℹ Computation of traceplots, can take some time...
ℹ Traceplots saved!
ℹ -> Effective size:
ℹ 165 (100%) are good, 0 (0%) are acceptable and 0 (0%) are bad.
ℹ -> Gelman-Rubin convergence diagnostic:
ℹ 165 (100%) are good, 0 (0%) are acceptable and 0 (0%) are bad.
ℹ -> Autocorrelation:
ℹ [Lag 20]:
ℹ 152 (92.12%) are good and 13 (7.88%) are bad.
ℹ [Lag 50]:
ℹ 164 (99.39%) are good and 1 (0.61%) are bad.

ℹ 3. Performance evaluation...
ℹ Computing training scores...
ℹ Computing testing scores...
ℹ Saving scores...
✔ Scores saved!

ℹ 4. Associations...
✔ Model ran without errors!

! ----- Running loop: 19/180 -----
ℹ - Random effect: none
ℹ - Strategy: none
ℹ - New samples: 0
ℹ - Train size: 15
ℹ - N variables: 6
ℹ - K-fold: 2

ℹ 0. Setting up path...

ℹ 1. Fitting model...
ℹ Preparing training set for HMSC...
ℹ Creation of Hmsc object without random effects...
✔ Created Hmsc object!

ℹ Started fitting at: 2026-08-10 14:17:11.78727
! Cannot display fitting progress when running chains in parallel.
! Set `allow_parallel` to `FALSE` to see progress.
ℹ Completed fitting at: 2026-08-10 14:17:39.499205
ℹ Time elapsed: 27.71
ℹ Saving model...
✔ Model saved!

ℹ 2. Convergence diagnostics...
ℹ *** [Parameter: Beta] ***
ℹ Computation of traceplots, can take some time...
ℹ Traceplots saved!
ℹ -> Effective size:
ℹ 165 (100%) are good, 0 (0%) are acceptable and 0 (0%) are bad.
ℹ -> Gelman-Rubin convergence diagnostic:
ℹ 165 (100%) are good, 0 (0%) are acceptable and 0 (0%) are bad.
ℹ -> Autocorrelation:
ℹ [Lag 20]:
ℹ 79 (47.88%) are good and 86 (52.12%) are bad.
ℹ [Lag 50]:
ℹ 151 (91.52%) are good and 14 (8.48%) are bad.

ℹ 3. Performance evaluation...
ℹ Computing training scores...
ℹ Computing testing scores...
ℹ Saving scores...
✔ Scores saved!

ℹ 4. Associations...
✔ Model ran without errors!

! ----- Running loop: 20/180 -----
ℹ - Random effect: none
ℹ - Strategy: none
ℹ - New samples: 0
ℹ - Train size: 25
ℹ - N variables: 6
ℹ - K-fold: 2

ℹ 0. Setting up path...

ℹ 1. Fitting model...
ℹ Preparing training set for HMSC...
ℹ Creation of Hmsc object without random effects...
✔ Created Hmsc object!

ℹ Started fitting at: 2026-08-10 14:19:14.166993
! Cannot display fitting progress when running chains in parallel.
! Set `allow_parallel` to `FALSE` to see progress.
ℹ Completed fitting at: 2026-08-10 14:19:37.584776
ℹ Time elapsed: 23.42
ℹ Saving model...
✔ Model saved!

ℹ 2. Convergence diagnostics...
ℹ *** [Parameter: Beta] ***
ℹ Computation of traceplots, can take some time...
ℹ Traceplots saved!
ℹ -> Effective size:
ℹ 165 (100%) are good, 0 (0%) are acceptable and 0 (0%) are bad.
ℹ -> Gelman-Rubin convergence diagnostic:
ℹ 165 (100%) are good, 0 (0%) are acceptable and 0 (0%) are bad.
ℹ -> Autocorrelation:
ℹ [Lag 20]:
ℹ 101 (61.21%) are good and 64 (38.79%) are bad.
ℹ [Lag 50]:
ℹ 150 (90.91%) are good and 15 (9.09%) are bad.

ℹ 3. Performance evaluation...
ℹ Computing training scores...
ℹ Computing testing scores...
ℹ Saving scores...
✔ Scores saved!

ℹ 4. Associations...
✔ Model ran without errors!

! ----- Running loop: 21/180 -----
ℹ - Random effect: none
ℹ - Strategy: none
ℹ - New samples: 0
ℹ - Train size: 50
ℹ - N variables: 6
ℹ - K-fold: 2

ℹ 0. Setting up path...

ℹ 1. Fitting model...
ℹ Preparing training set for HMSC...
ℹ Creation of Hmsc object without random effects...
✔ Created Hmsc object!

ℹ Started fitting at: 2026-08-10 14:21:12.819726
! Cannot display fitting progress when running chains in parallel.
! Set `allow_parallel` to `FALSE` to see progress.
ℹ Completed fitting at: 2026-08-10 14:21:37.233397
ℹ Time elapsed: 24.41
ℹ Saving model...
✔ Model saved!

ℹ 2. Convergence diagnostics...
ℹ *** [Parameter: Beta] ***
ℹ Computation of traceplots, can take some time...
ℹ Traceplots saved!
ℹ -> Effective size:
ℹ 165 (100%) are good, 0 (0%) are acceptable and 0 (0%) are bad.
ℹ -> Gelman-Rubin convergence diagnostic:
ℹ 165 (100%) are good, 0 (0%) are acceptable and 0 (0%) are bad.
ℹ -> Autocorrelation:
ℹ [Lag 20]:
ℹ 150 (90.91%) are good and 15 (9.09%) are bad.
ℹ [Lag 50]:
ℹ 162 (98.18%) are good and 3 (1.82%) are bad.

ℹ 3. Performance evaluation...
ℹ Computing training scores...
ℹ Computing testing scores...
ℹ Saving scores...
✔ Scores saved!

ℹ 4. Associations...
✔ Model ran without errors!

! ----- Running loop: 22/180 -----
ℹ - Random effect: none
ℹ - Strategy: none
ℹ - New samples: 0
ℹ - Train size: 75
ℹ - N variables: 6
ℹ - K-fold: 2

ℹ 0. Setting up path...

ℹ 1. Fitting model...
ℹ Preparing training set for HMSC...
ℹ Creation of Hmsc object without random effects...
✔ Created Hmsc object!

ℹ Started fitting at: 2026-08-10 14:23:09.987817
! Cannot display fitting progress when running chains in parallel.
! Set `allow_parallel` to `FALSE` to see progress.
ℹ Completed fitting at: 2026-08-10 14:23:39.450342
ℹ Time elapsed: 29.46
ℹ Saving model...
✔ Model saved!

ℹ 2. Convergence diagnostics...
ℹ *** [Parameter: Beta] ***
ℹ Computation of traceplots, can take some time...
ℹ Traceplots saved!
ℹ -> Effective size:
ℹ 165 (100%) are good, 0 (0%) are acceptable and 0 (0%) are bad.
ℹ -> Gelman-Rubin convergence diagnostic:
ℹ 165 (100%) are good, 0 (0%) are acceptable and 0 (0%) are bad.
ℹ -> Autocorrelation:
ℹ [Lag 20]:
ℹ 142 (86.06%) are good and 23 (13.94%) are bad.
ℹ [Lag 50]:
ℹ 164 (99.39%) are good and 1 (0.61%) are bad.

ℹ 3. Performance evaluation...
ℹ Computing training scores...
ℹ Computing testing scores...
ℹ Saving scores...
✔ Scores saved!

ℹ 4. Associations...
✔ Model ran without errors!

! ----- Running loop: 23/180 -----
ℹ - Random effect: none
ℹ - Strategy: none
ℹ - New samples: 0
ℹ - Train size: 100
ℹ - N variables: 6
ℹ - K-fold: 2

ℹ 0. Setting up path...

ℹ 1. Fitting model...
ℹ Preparing training set for HMSC...
ℹ Creation of Hmsc object without random effects...
✔ Created Hmsc object!

ℹ Started fitting at: 2026-08-10 14:25:15.144464
! Cannot display fitting progress when running chains in parallel.
! Set `allow_parallel` to `FALSE` to see progress.
ℹ Completed fitting at: 2026-08-10 14:25:40.317297
ℹ Time elapsed: 25.17
ℹ Saving model...
✔ Model saved!

ℹ 2. Convergence diagnostics...
ℹ *** [Parameter: Beta] ***
ℹ Computation of traceplots, can take some time...
ℹ Traceplots saved!
ℹ -> Effective size:
ℹ 165 (100%) are good, 0 (0%) are acceptable and 0 (0%) are bad.
ℹ -> Gelman-Rubin convergence diagnostic:
ℹ 165 (100%) are good, 0 (0%) are acceptable and 0 (0%) are bad.
ℹ -> Autocorrelation:
ℹ [Lag 20]:
ℹ 124 (75.15%) are good and 41 (24.85%) are bad.
ℹ [Lag 50]:
ℹ 162 (98.18%) are good and 3 (1.82%) are bad.

ℹ 3. Performance evaluation...
ℹ Computing training scores...
ℹ Computing testing scores...
ℹ Saving scores...
✔ Scores saved!

ℹ 4. Associations...
✔ Model ran without errors!

! ----- Running loop: 24/180 -----
ℹ - Random effect: none
ℹ - Strategy: none
ℹ - New samples: 0
ℹ - Train size: 125
ℹ - N variables: 6
ℹ - K-fold: 2

ℹ 0. Setting up path...

ℹ 1. Fitting model...
ℹ Preparing training set for HMSC...
ℹ Creation of Hmsc object without random effects...
✔ Created Hmsc object!

ℹ Started fitting at: 2026-08-10 14:27:15.841605
! Cannot display fitting progress when running chains in parallel.
! Set `allow_parallel` to `FALSE` to see progress.
ℹ Completed fitting at: 2026-08-10 14:27:41.980171
ℹ Time elapsed: 26.14
ℹ Saving model...
✔ Model saved!

ℹ 2. Convergence diagnostics...
ℹ *** [Parameter: Beta] ***
ℹ Computation of traceplots, can take some time...
ℹ Traceplots saved!
ℹ -> Effective size:
ℹ 165 (100%) are good, 0 (0%) are acceptable and 0 (0%) are bad.
ℹ -> Gelman-Rubin convergence diagnostic:
ℹ 165 (100%) are good, 0 (0%) are acceptable and 0 (0%) are bad.
ℹ -> Autocorrelation:
ℹ [Lag 20]:
ℹ 130 (78.79%) are good and 35 (21.21%) are bad.
ℹ [Lag 50]:
ℹ 161 (97.58%) are good and 4 (2.42%) are bad.

ℹ 3. Performance evaluation...
ℹ Computing training scores...
ℹ Computing testing scores...
ℹ Saving scores...
✔ Scores saved!

ℹ 4. Associations...
✔ Model ran without errors!

! ----- Running loop: 25/180 -----
ℹ - Random effect: none
ℹ - Strategy: none
ℹ - New samples: 0
ℹ - Train size: 125
ℹ - N variables: 3
ℹ - K-fold: 2

ℹ 0. Setting up path...

ℹ 1. Fitting model...
ℹ Preparing training set for HMSC...
ℹ Creation of Hmsc object without random effects...
✔ Created Hmsc object!

ℹ Started fitting at: 2026-08-10 14:29:17.934673
! Cannot display fitting progress when running chains in parallel.
! Set `allow_parallel` to `FALSE` to see progress.
ℹ Completed fitting at: 2026-08-10 14:29:42.048838
ℹ Time elapsed: 24.11
ℹ Saving model...
✔ Model saved!

ℹ 2. Convergence diagnostics...
ℹ *** [Parameter: Beta] ***
ℹ Computation of traceplots, can take some time...
ℹ Traceplots saved!
ℹ -> Effective size:
ℹ 120 (100%) are good, 0 (0%) are acceptable and 0 (0%) are bad.
ℹ -> Gelman-Rubin convergence diagnostic:
ℹ 120 (100%) are good, 0 (0%) are acceptable and 0 (0%) are bad.
ℹ -> Autocorrelation:
ℹ [Lag 20]:
ℹ 86 (71.67%) are good and 34 (28.33%) are bad.
ℹ [Lag 50]:
ℹ 110 (91.67%) are good and 10 (8.33%) are bad.

ℹ 3. Performance evaluation...
ℹ Computing training scores...
ℹ Computing testing scores...
ℹ Saving scores...
✔ Scores saved!

ℹ 4. Associations...
✔ Model ran without errors!

! ----- Running loop: 26/180 -----
ℹ - Random effect: none
ℹ - Strategy: none
ℹ - New samples: 0
ℹ - Train size: 125
ℹ - N variables: 2
ℹ - K-fold: 2

ℹ 0. Setting up path...

ℹ 1. Fitting model...
ℹ Preparing training set for HMSC...
ℹ Creation of Hmsc object without random effects...
✔ Created Hmsc object!

ℹ Started fitting at: 2026-08-10 14:31:00.631772
! Cannot display fitting progress when running chains in parallel.
! Set `allow_parallel` to `FALSE` to see progress.
ℹ Completed fitting at: 2026-08-10 14:31:24.536085
ℹ Time elapsed: 23.9
ℹ Saving model...
✔ Model saved!

ℹ 2. Convergence diagnostics...
ℹ *** [Parameter: Beta] ***
ℹ Computation of traceplots, can take some time...
ℹ Traceplots saved!
ℹ -> Effective size:
ℹ 105 (100%) are good, 0 (0%) are acceptable and 0 (0%) are bad.
ℹ -> Gelman-Rubin convergence diagnostic:
ℹ 105 (100%) are good, 0 (0%) are acceptable and 0 (0%) are bad.
ℹ -> Autocorrelation:
ℹ [Lag 20]:
ℹ 73 (69.52%) are good and 32 (30.48%) are bad.
ℹ [Lag 50]:
ℹ 102 (97.14%) are good and 3 (2.86%) are bad.

ℹ 3. Performance evaluation...
ℹ Computing training scores...
ℹ Computing testing scores...
ℹ Saving scores...
✔ Scores saved!

ℹ 4. Associations...
✔ Model ran without errors!

! ----- Running loop: 27/180 -----
ℹ - Random effect: units
ℹ - Strategy: none
ℹ - New samples: 0
ℹ - Train size: 125
ℹ - N variables: 6
ℹ - K-fold: 2

ℹ 0. Setting up path...

ℹ 1. Fitting model...
ℹ Preparing training set for HMSC...
ℹ Creation of Hmsc object with 'units' effect...
✔ Created Hmsc object!

ℹ Started fitting at: 2026-08-10 14:32:35.856097
! Cannot display fitting progress when running chains in parallel.
! Set `allow_parallel` to `FALSE` to see progress.
ℹ Completed fitting at: 2026-08-10 14:33:15.869864
ℹ Time elapsed: 40.01
ℹ Saving model...
✔ Model saved!

ℹ 2. Convergence diagnostics...
ℹ *** [Parameter: Beta] ***
ℹ Computation of traceplots, can take some time...
ℹ Traceplots saved!
ℹ -> Effective size:
ℹ 165 (100%) are good, 0 (0%) are acceptable and 0 (0%) are bad.
ℹ -> Gelman-Rubin convergence diagnostic:
ℹ 165 (100%) are good, 0 (0%) are acceptable and 0 (0%) are bad.
ℹ -> Autocorrelation:
ℹ [Lag 20]:
ℹ 115 (69.7%) are good and 50 (30.3%) are bad.
ℹ [Lag 50]:
ℹ 162 (98.18%) are good and 3 (1.82%) are bad.
ℹ *** [Parameter: Omega] ***
ℹ Computation of traceplots, can take some time...
ℹ Traceplots saved!
ℹ -> Effective size:
ℹ 224 (99.56%) are good, 1 (0.44%) are acceptable and 0 (0%) are bad.
ℹ -> Gelman-Rubin convergence diagnostic:
ℹ 221 (98.22%) are good, 3 (1.33%) are acceptable and 1 (0.44%) are bad.
ℹ -> Autocorrelation:
ℹ [Lag 20]:
ℹ 175 (77.78%) are good and 50 (22.22%) are bad.
ℹ [Lag 50]:
ℹ 208 (92.44%) are good and 17 (7.56%) are bad.

ℹ 3. Performance evaluation...
ℹ Computing training scores...
ℹ Computing testing scores...
ℹ Saving scores...
✔ Scores saved!

ℹ 4. Associations...
✔ Model ran without errors!

! ----- Running loop: 28/180 -----
ℹ - Random effect: none
ℹ - Strategy: none
ℹ - New samples: 0
ℹ - Train size: 125
ℹ - N variables: 6
ℹ - K-fold: 2

ℹ 0. Setting up path...
ℹ Model already fitted! Skipping...

! ----- Running loop: 29/180 -----
ℹ - Random effect: none
ℹ - Strategy: business-as-usual
ℹ - New samples: 50
ℹ - Train size: 125
ℹ - N variables: 6
ℹ - K-fold: 2

ℹ 0. Setting up path...
ℹ Pulling 50 new random samples...

ℹ 1. Fitting model...
ℹ Preparing training set for HMSC...
ℹ Creation of Hmsc object without random effects...
✔ Created Hmsc object!

ℹ Started fitting at: 2026-08-10 14:35:46.420815
! Cannot display fitting progress when running chains in parallel.
! Set `allow_parallel` to `FALSE` to see progress.
ℹ Completed fitting at: 2026-08-10 14:36:13.213631
ℹ Time elapsed: 26.79
ℹ Saving model...
✔ Model saved!

ℹ 2. Convergence diagnostics...
ℹ *** [Parameter: Beta] ***
ℹ Computation of traceplots, can take some time...
ℹ Traceplots saved!
ℹ -> Effective size:
ℹ 165 (100%) are good, 0 (0%) are acceptable and 0 (0%) are bad.
ℹ -> Gelman-Rubin convergence diagnostic:
ℹ 165 (100%) are good, 0 (0%) are acceptable and 0 (0%) are bad.
ℹ -> Autocorrelation:
ℹ [Lag 20]:
ℹ 141 (85.45%) are good and 24 (14.55%) are bad.
ℹ [Lag 50]:
ℹ 163 (98.79%) are good and 2 (1.21%) are bad.

ℹ 3. Performance evaluation...
ℹ Computing training scores...
ℹ Computing testing scores...
ℹ Saving scores...
✔ Scores saved!

ℹ 4. Associations...
✔ Model ran without errors!

! ----- Running loop: 30/180 -----
ℹ - Random effect: none
ℹ - Strategy: gap-filling
ℹ - New samples: 50
ℹ - Train size: 125
ℹ - N variables: 6
ℹ - K-fold: 2

ℹ 0. Setting up path...
ℹ Searching for the most distant points...

ℹ 1. Fitting model...
ℹ Preparing training set for HMSC...
ℹ Creation of Hmsc object without random effects...
✔ Created Hmsc object!

ℹ Started fitting at: 2026-08-10 14:39:04.133437
! Cannot display fitting progress when running chains in parallel.
! Set `allow_parallel` to `FALSE` to see progress.
ℹ Completed fitting at: 2026-08-10 14:39:31.072981
ℹ Time elapsed: 26.94
ℹ Saving model...
✔ Model saved!

ℹ 2. Convergence diagnostics...
ℹ *** [Parameter: Beta] ***
ℹ Computation of traceplots, can take some time...
ℹ Traceplots saved!
ℹ -> Effective size:
ℹ 165 (100%) are good, 0 (0%) are acceptable and 0 (0%) are bad.
ℹ -> Gelman-Rubin convergence diagnostic:
ℹ 165 (100%) are good, 0 (0%) are acceptable and 0 (0%) are bad.
ℹ -> Autocorrelation:
ℹ [Lag 20]:
ℹ 151 (91.52%) are good and 14 (8.48%) are bad.
ℹ [Lag 50]:
ℹ 163 (98.79%) are good and 2 (1.21%) are bad.

ℹ 3. Performance evaluation...
ℹ Computing training scores...
ℹ Computing testing scores...
ℹ Saving scores...
✔ Scores saved!

ℹ 4. Associations...
✔ Model ran without errors!

! ----- Running loop: 31/180 -----
ℹ - Random effect: none
ℹ - Strategy: simplified-uncertainty
ℹ - New samples: 50
ℹ - Train size: 125
ℹ - N variables: 6
ℹ - K-fold: 2

ℹ 0. Setting up path...
! Running simplified-uncertainty...

ℹ 1. Fitting model...
ℹ Preparing training set for HMSC...
ℹ Creation of Hmsc object without random effects...
✔ Created Hmsc object!

ℹ Started fitting at: 2026-08-10 14:42:28.449943
! Cannot display fitting progress when running chains in parallel.
! Set `allow_parallel` to `FALSE` to see progress.
ℹ Completed fitting at: 2026-08-10 14:42:55.329425
ℹ Time elapsed: 26.88
ℹ Saving model...
✔ Model saved!

ℹ 2. Convergence diagnostics...
ℹ *** [Parameter: Beta] ***
ℹ Computation of traceplots, can take some time...
ℹ Traceplots saved!
ℹ -> Effective size:
ℹ 165 (100%) are good, 0 (0%) are acceptable and 0 (0%) are bad.
ℹ -> Gelman-Rubin convergence diagnostic:
ℹ 165 (100%) are good, 0 (0%) are acceptable and 0 (0%) are bad.
ℹ -> Autocorrelation:
ℹ [Lag 20]:
ℹ 146 (88.48%) are good and 19 (11.52%) are bad.
ℹ [Lag 50]:
ℹ 164 (99.39%) are good and 1 (0.61%) are bad.

ℹ 3. Performance evaluation...
ℹ Computing training scores...
ℹ Computing testing scores...
ℹ Saving scores...
✔ Scores saved!

ℹ 4. Associations...
✔ Model ran without errors!

! ----- Running loop: 32/180 -----
ℹ - Random effect: none
ℹ - Strategy: none
ℹ - New samples: 0
ℹ - Train size: 125
ℹ - N variables: 6
ℹ - K-fold: 2

ℹ 0. Setting up path...
ℹ Model already fitted! Skipping...

! ----- Running loop: 33/180 -----
ℹ - Random effect: none
ℹ - Strategy: simplified-uncertainty
ℹ - New samples: 10
ℹ - Train size: 125
ℹ - N variables: 6
ℹ - K-fold: 2

ℹ 0. Setting up path...
! Running simplified-uncertainty...

ℹ 1. Fitting model...
ℹ Preparing training set for HMSC...
ℹ Creation of Hmsc object without random effects...
✔ Created Hmsc object!

ℹ Started fitting at: 2026-08-10 14:45:46.23411
! Cannot display fitting progress when running chains in parallel.
! Set `allow_parallel` to `FALSE` to see progress.
ℹ Completed fitting at: 2026-08-10 14:46:12.490535
ℹ Time elapsed: 26.26
ℹ Saving model...
✔ Model saved!

ℹ 2. Convergence diagnostics...
ℹ *** [Parameter: Beta] ***
ℹ Computation of traceplots, can take some time...
ℹ Traceplots saved!
ℹ -> Effective size:
ℹ 165 (100%) are good, 0 (0%) are acceptable and 0 (0%) are bad.
ℹ -> Gelman-Rubin convergence diagnostic:
ℹ 165 (100%) are good, 0 (0%) are acceptable and 0 (0%) are bad.
ℹ -> Autocorrelation:
ℹ [Lag 20]:
ℹ 133 (80.61%) are good and 32 (19.39%) are bad.
ℹ [Lag 50]:
ℹ 163 (98.79%) are good and 2 (1.21%) are bad.

ℹ 3. Performance evaluation...
ℹ Computing training scores...
ℹ Computing testing scores...
ℹ Saving scores...
✔ Scores saved!

ℹ 4. Associations...
✔ Model ran without errors!

! ----- Running loop: 34/180 -----
ℹ - Random effect: none
ℹ - Strategy: simplified-uncertainty
ℹ - New samples: 25
ℹ - Train size: 125
ℹ - N variables: 6
ℹ - K-fold: 2

ℹ 0. Setting up path...
! Running simplified-uncertainty...

ℹ 1. Fitting model...
ℹ Preparing training set for HMSC...
ℹ Creation of Hmsc object without random effects...
✔ Created Hmsc object!

ℹ Started fitting at: 2026-08-10 14:49:05.674024
! Cannot display fitting progress when running chains in parallel.
! Set `allow_parallel` to `FALSE` to see progress.
ℹ Completed fitting at: 2026-08-10 14:49:31.37243
ℹ Time elapsed: 25.7
ℹ Saving model...
✔ Model saved!

ℹ 2. Convergence diagnostics...
ℹ *** [Parameter: Beta] ***
ℹ Computation of traceplots, can take some time...
ℹ Traceplots saved!
ℹ -> Effective size:
ℹ 165 (100%) are good, 0 (0%) are acceptable and 0 (0%) are bad.
ℹ -> Gelman-Rubin convergence diagnostic:
ℹ 165 (100%) are good, 0 (0%) are acceptable and 0 (0%) are bad.
ℹ -> Autocorrelation:
ℹ [Lag 20]:
ℹ 135 (81.82%) are good and 30 (18.18%) are bad.
ℹ [Lag 50]:
ℹ 163 (98.79%) are good and 2 (1.21%) are bad.

ℹ 3. Performance evaluation...
ℹ Computing training scores...
ℹ Computing testing scores...
ℹ Saving scores...
✔ Scores saved!

ℹ 4. Associations...
✔ Model ran without errors!

! ----- Running loop: 35/180 -----
ℹ - Random effect: none
ℹ - Strategy: simplified-uncertainty
ℹ - New samples: 100
ℹ - Train size: 125
ℹ - N variables: 6
ℹ - K-fold: 2

ℹ 0. Setting up path...
! Running simplified-uncertainty...

ℹ 1. Fitting model...
ℹ Preparing training set for HMSC...
ℹ Creation of Hmsc object without random effects...
✔ Created Hmsc object!

ℹ Started fitting at: 2026-08-10 14:52:25.167834
! Cannot display fitting progress when running chains in parallel.
! Set `allow_parallel` to `FALSE` to see progress.
ℹ Completed fitting at: 2026-08-10 14:52:53.483145
ℹ Time elapsed: 28.32
ℹ Saving model...
✔ Model saved!

ℹ 2. Convergence diagnostics...
ℹ *** [Parameter: Beta] ***
ℹ Computation of traceplots, can take some time...
ℹ Traceplots saved!
ℹ -> Effective size:
ℹ 165 (100%) are good, 0 (0%) are acceptable and 0 (0%) are bad.
ℹ -> Gelman-Rubin convergence diagnostic:
ℹ 165 (100%) are good, 0 (0%) are acceptable and 0 (0%) are bad.
ℹ -> Autocorrelation:
ℹ [Lag 20]:
ℹ 154 (93.33%) are good and 11 (6.67%) are bad.
ℹ [Lag 50]:
ℹ 161 (97.58%) are good and 4 (2.42%) are bad.

ℹ 3. Performance evaluation...
ℹ Computing training scores...
ℹ Computing testing scores...
ℹ Saving scores...
✔ Scores saved!

ℹ 4. Associations...
✔ Model ran without errors!

! ----- Running loop: 36/180 -----
ℹ - Random effect: none
ℹ - Strategy: simplified-uncertainty
ℹ - New samples: 150
ℹ - Train size: 125
ℹ - N variables: 6
ℹ - K-fold: 2

ℹ 0. Setting up path...
! Running simplified-uncertainty...

ℹ 1. Fitting model...
ℹ Preparing training set for HMSC...
ℹ Creation of Hmsc object without random effects...
✔ Created Hmsc object!

ℹ Started fitting at: 2026-08-10 14:55:48.838916
! Cannot display fitting progress when running chains in parallel.
! Set `allow_parallel` to `FALSE` to see progress.
ℹ Completed fitting at: 2026-08-10 14:56:19.145958
ℹ Time elapsed: 30.31
ℹ Saving model...
✔ Model saved!

ℹ 2. Convergence diagnostics...
ℹ *** [Parameter: Beta] ***
ℹ Computation of traceplots, can take some time...
ℹ Traceplots saved!
ℹ -> Effective size:
ℹ 165 (100%) are good, 0 (0%) are acceptable and 0 (0%) are bad.
ℹ -> Gelman-Rubin convergence diagnostic:
ℹ 165 (100%) are good, 0 (0%) are acceptable and 0 (0%) are bad.
ℹ -> Autocorrelation:
ℹ [Lag 20]:
ℹ 155 (93.94%) are good and 10 (6.06%) are bad.
ℹ [Lag 50]:
ℹ 162 (98.18%) are good and 3 (1.82%) are bad.

ℹ 3. Performance evaluation...
ℹ Computing training scores...
ℹ Computing testing scores...
ℹ Saving scores...
✔ Scores saved!

ℹ 4. Associations...
✔ Model ran without errors!

! ----- Running loop: 37/180 -----
ℹ - Random effect: none
ℹ - Strategy: none
ℹ - New samples: 0
ℹ - Train size: 15
ℹ - N variables: 6
ℹ - K-fold: 3

ℹ 0. Setting up path...

ℹ 1. Fitting model...
ℹ Preparing training set for HMSC...
ℹ Creation of Hmsc object without random effects...
✔ Created Hmsc object!

ℹ Started fitting at: 2026-08-10 14:59:05.098945
! Cannot display fitting progress when running chains in parallel.
! Set `allow_parallel` to `FALSE` to see progress.
ℹ Completed fitting at: 2026-08-10 14:59:27.309825
ℹ Time elapsed: 22.21
ℹ Saving model...
✔ Model saved!

ℹ 2. Convergence diagnostics...
ℹ *** [Parameter: Beta] ***
ℹ Computation of traceplots, can take some time...
ℹ Traceplots saved!
ℹ -> Effective size:
ℹ 96 (58.18%) are good, 69 (41.82%) are acceptable and 0 (0%) are bad.
ℹ -> Gelman-Rubin convergence diagnostic:
ℹ 159 (96.36%) are good, 4 (2.42%) are acceptable and 2 (1.21%) are bad.
ℹ -> Autocorrelation:
ℹ [Lag 20]:
ℹ 16 (9.7%) are good and 149 (90.3%) are bad.
ℹ [Lag 50]:
ℹ 36 (21.82%) are good and 129 (78.18%) are bad.

ℹ 3. Performance evaluation...
ℹ Computing training scores...
ℹ Computing testing scores...
ℹ Saving scores...
✔ Scores saved!

ℹ 4. Associations...
✔ Model ran without errors!

! ----- Running loop: 38/180 -----
ℹ - Random effect: none
ℹ - Strategy: none
ℹ - New samples: 0
ℹ - Train size: 25
ℹ - N variables: 6
ℹ - K-fold: 3

ℹ 0. Setting up path...

ℹ 1. Fitting model...
ℹ Preparing training set for HMSC...
ℹ Creation of Hmsc object without random effects...
✔ Created Hmsc object!

ℹ Started fitting at: 2026-08-10 15:01:02.183469
! Cannot display fitting progress when running chains in parallel.
! Set `allow_parallel` to `FALSE` to see progress.
ℹ Completed fitting at: 2026-08-10 15:01:25.163898
ℹ Time elapsed: 22.98
ℹ Saving model...
✔ Model saved!

ℹ 2. Convergence diagnostics...
ℹ *** [Parameter: Beta] ***
ℹ Computation of traceplots, can take some time...
ℹ Traceplots saved!
ℹ -> Effective size:
ℹ 161 (97.58%) are good, 4 (2.42%) are acceptable and 0 (0%) are bad.
ℹ -> Gelman-Rubin convergence diagnostic:
ℹ 165 (100%) are good, 0 (0%) are acceptable and 0 (0%) are bad.
ℹ -> Autocorrelation:
ℹ [Lag 20]:
ℹ 57 (34.55%) are good and 108 (65.45%) are bad.
ℹ [Lag 50]:
ℹ 101 (61.21%) are good and 64 (38.79%) are bad.

ℹ 3. Performance evaluation...
ℹ Computing training scores...
ℹ Computing testing scores...
ℹ Saving scores...
✔ Scores saved!

ℹ 4. Associations...
✔ Model ran without errors!

! ----- Running loop: 39/180 -----
ℹ - Random effect: none
ℹ - Strategy: none
ℹ - New samples: 0
ℹ - Train size: 50
ℹ - N variables: 6
ℹ - K-fold: 3

ℹ 0. Setting up path...

ℹ 1. Fitting model...
ℹ Preparing training set for HMSC...
ℹ Creation of Hmsc object without random effects...
✔ Created Hmsc object!

ℹ Started fitting at: 2026-08-10 15:03:00.374127
! Cannot display fitting progress when running chains in parallel.
! Set `allow_parallel` to `FALSE` to see progress.
ℹ Completed fitting at: 2026-08-10 15:03:23.697334
ℹ Time elapsed: 23.32
ℹ Saving model...
✔ Model saved!

ℹ 2. Convergence diagnostics...
ℹ *** [Parameter: Beta] ***
ℹ Computation of traceplots, can take some time...
ℹ Traceplots saved!
ℹ -> Effective size:
ℹ 165 (100%) are good, 0 (0%) are acceptable and 0 (0%) are bad.
ℹ -> Gelman-Rubin convergence diagnostic:
ℹ 165 (100%) are good, 0 (0%) are acceptable and 0 (0%) are bad.
ℹ -> Autocorrelation:
ℹ [Lag 20]:
ℹ 141 (85.45%) are good and 24 (14.55%) are bad.
ℹ [Lag 50]:
ℹ 164 (99.39%) are good and 1 (0.61%) are bad.

ℹ 3. Performance evaluation...
ℹ Computing training scores...
ℹ Computing testing scores...
ℹ Saving scores...
✔ Scores saved!

ℹ 4. Associations...
✔ Model ran without errors!

! ----- Running loop: 40/180 -----
ℹ - Random effect: none
ℹ - Strategy: none
ℹ - New samples: 0
ℹ - Train size: 75
ℹ - N variables: 6
ℹ - K-fold: 3

ℹ 0. Setting up path...

ℹ 1. Fitting model...
ℹ Preparing training set for HMSC...
ℹ Creation of Hmsc object without random effects...
✔ Created Hmsc object!

ℹ Started fitting at: 2026-08-10 15:04:56.019619
! Cannot display fitting progress when running chains in parallel.
! Set `allow_parallel` to `FALSE` to see progress.
ℹ Completed fitting at: 2026-08-10 15:05:20.010206
ℹ Time elapsed: 23.99
ℹ Saving model...
✔ Model saved!

ℹ 2. Convergence diagnostics...
ℹ *** [Parameter: Beta] ***
ℹ Computation of traceplots, can take some time...
ℹ Traceplots saved!
ℹ -> Effective size:
ℹ 165 (100%) are good, 0 (0%) are acceptable and 0 (0%) are bad.
ℹ -> Gelman-Rubin convergence diagnostic:
ℹ 165 (100%) are good, 0 (0%) are acceptable and 0 (0%) are bad.
ℹ -> Autocorrelation:
ℹ [Lag 20]:
ℹ 151 (91.52%) are good and 14 (8.48%) are bad.
ℹ [Lag 50]:
ℹ 165 (100%) are good and 0 (0%) are bad.

ℹ 3. Performance evaluation...
ℹ Computing training scores...
ℹ Computing testing scores...
ℹ Saving scores...
✔ Scores saved!

ℹ 4. Associations...
✔ Model ran without errors!

! ----- Running loop: 41/180 -----
ℹ - Random effect: none
ℹ - Strategy: none
ℹ - New samples: 0
ℹ - Train size: 100
ℹ - N variables: 6
ℹ - K-fold: 3

ℹ 0. Setting up path...

ℹ 1. Fitting model...
ℹ Preparing training set for HMSC...
ℹ Creation of Hmsc object without random effects...
✔ Created Hmsc object!

ℹ Started fitting at: 2026-08-10 15:06:53.618885
! Cannot display fitting progress when running chains in parallel.
! Set `allow_parallel` to `FALSE` to see progress.
ℹ Completed fitting at: 2026-08-10 15:07:19.140029
ℹ Time elapsed: 25.52
ℹ Saving model...
✔ Model saved!

ℹ 2. Convergence diagnostics...
ℹ *** [Parameter: Beta] ***
ℹ Computation of traceplots, can take some time...
ℹ Traceplots saved!
ℹ -> Effective size:
ℹ 165 (100%) are good, 0 (0%) are acceptable and 0 (0%) are bad.
ℹ -> Gelman-Rubin convergence diagnostic:
ℹ 165 (100%) are good, 0 (0%) are acceptable and 0 (0%) are bad.
ℹ -> Autocorrelation:
ℹ [Lag 20]:
ℹ 149 (90.3%) are good and 16 (9.7%) are bad.
ℹ [Lag 50]:
ℹ 163 (98.79%) are good and 2 (1.21%) are bad.

ℹ 3. Performance evaluation...
ℹ Computing training scores...
ℹ Computing testing scores...
ℹ Saving scores...
✔ Scores saved!

ℹ 4. Associations...
✔ Model ran without errors!

! ----- Running loop: 42/180 -----
ℹ - Random effect: none
ℹ - Strategy: none
ℹ - New samples: 0
ℹ - Train size: 125
ℹ - N variables: 6
ℹ - K-fold: 3

ℹ 0. Setting up path...

ℹ 1. Fitting model...
ℹ Preparing training set for HMSC...
ℹ Creation of Hmsc object without random effects...
✔ Created Hmsc object!

ℹ Started fitting at: 2026-08-10 15:08:52.310295
! Cannot display fitting progress when running chains in parallel.
! Set `allow_parallel` to `FALSE` to see progress.
ℹ Completed fitting at: 2026-08-10 15:09:17.478007
ℹ Time elapsed: 25.17
ℹ Saving model...
✔ Model saved!

ℹ 2. Convergence diagnostics...
ℹ *** [Parameter: Beta] ***
ℹ Computation of traceplots, can take some time...
ℹ Traceplots saved!
ℹ -> Effective size:
ℹ 165 (100%) are good, 0 (0%) are acceptable and 0 (0%) are bad.
ℹ -> Gelman-Rubin convergence diagnostic:
ℹ 165 (100%) are good, 0 (0%) are acceptable and 0 (0%) are bad.
ℹ -> Autocorrelation:
ℹ [Lag 20]:
ℹ 150 (90.91%) are good and 15 (9.09%) are bad.
ℹ [Lag 50]:
ℹ 165 (100%) are good and 0 (0%) are bad.

ℹ 3. Performance evaluation...
ℹ Computing training scores...
ℹ Computing testing scores...
ℹ Saving scores...
✔ Scores saved!

ℹ 4. Associations...
✔ Model ran without errors!

! ----- Running loop: 43/180 -----
ℹ - Random effect: none
ℹ - Strategy: none
ℹ - New samples: 0
ℹ - Train size: 125
ℹ - N variables: 3
ℹ - K-fold: 3

ℹ 0. Setting up path...

ℹ 1. Fitting model...
ℹ Preparing training set for HMSC...
ℹ Creation of Hmsc object without random effects...
✔ Created Hmsc object!

ℹ Started fitting at: 2026-08-10 15:10:51.654589
! Cannot display fitting progress when running chains in parallel.
! Set `allow_parallel` to `FALSE` to see progress.
ℹ Completed fitting at: 2026-08-10 15:11:15.655485
ℹ Time elapsed: 24
ℹ Saving model...
✔ Model saved!

ℹ 2. Convergence diagnostics...
ℹ *** [Parameter: Beta] ***
ℹ Computation of traceplots, can take some time...
ℹ Traceplots saved!
ℹ -> Effective size:
ℹ 120 (100%) are good, 0 (0%) are acceptable and 0 (0%) are bad.
ℹ -> Gelman-Rubin convergence diagnostic:
ℹ 120 (100%) are good, 0 (0%) are acceptable and 0 (0%) are bad.
ℹ -> Autocorrelation:
ℹ [Lag 20]:
ℹ 108 (90%) are good and 12 (10%) are bad.
ℹ [Lag 50]:
ℹ 119 (99.17%) are good and 1 (0.83%) are bad.

ℹ 3. Performance evaluation...
ℹ Computing training scores...
ℹ Computing testing scores...
ℹ Saving scores...
✔ Scores saved!

ℹ 4. Associations...
✔ Model ran without errors!

! ----- Running loop: 44/180 -----
ℹ - Random effect: none
ℹ - Strategy: none
ℹ - New samples: 0
ℹ - Train size: 125
ℹ - N variables: 2
ℹ - K-fold: 3

ℹ 0. Setting up path...

ℹ 1. Fitting model...
ℹ Preparing training set for HMSC...
ℹ Creation of Hmsc object without random effects...
✔ Created Hmsc object!

ℹ Started fitting at: 2026-08-10 15:12:32.164848
! Cannot display fitting progress when running chains in parallel.
! Set `allow_parallel` to `FALSE` to see progress.
ℹ Completed fitting at: 2026-08-10 15:12:55.354131
ℹ Time elapsed: 23.19
ℹ Saving model...
✔ Model saved!

ℹ 2. Convergence diagnostics...
ℹ *** [Parameter: Beta] ***
ℹ Computation of traceplots, can take some time...
ℹ Traceplots saved!
ℹ -> Effective size:
ℹ 105 (100%) are good, 0 (0%) are acceptable and 0 (0%) are bad.
ℹ -> Gelman-Rubin convergence diagnostic:
ℹ 105 (100%) are good, 0 (0%) are acceptable and 0 (0%) are bad.
ℹ -> Autocorrelation:
ℹ [Lag 20]:
ℹ 94 (89.52%) are good and 11 (10.48%) are bad.
ℹ [Lag 50]:
ℹ 103 (98.1%) are good and 2 (1.9%) are bad.

ℹ 3. Performance evaluation...
ℹ Computing training scores...
ℹ Computing testing scores...
ℹ Saving scores...
✔ Scores saved!

ℹ 4. Associations...
✔ Model ran without errors!

! ----- Running loop: 45/180 -----
ℹ - Random effect: units
ℹ - Strategy: none
ℹ - New samples: 0
ℹ - Train size: 125
ℹ - N variables: 6
ℹ - K-fold: 3

ℹ 0. Setting up path...

ℹ 1. Fitting model...
ℹ Preparing training set for HMSC...
ℹ Creation of Hmsc object with 'units' effect...
✔ Created Hmsc object!

ℹ Started fitting at: 2026-08-10 15:14:06.863594
! Cannot display fitting progress when running chains in parallel.
! Set `allow_parallel` to `FALSE` to see progress.
ℹ Completed fitting at: 2026-08-10 15:14:46.613314
ℹ Time elapsed: 39.75
ℹ Saving model...
✔ Model saved!

ℹ 2. Convergence diagnostics...
ℹ *** [Parameter: Beta] ***
ℹ Computation of traceplots, can take some time...
ℹ Traceplots saved!
ℹ -> Effective size:
ℹ 165 (100%) are good, 0 (0%) are acceptable and 0 (0%) are bad.
ℹ -> Gelman-Rubin convergence diagnostic:
ℹ 165 (100%) are good, 0 (0%) are acceptable and 0 (0%) are bad.
ℹ -> Autocorrelation:
ℹ [Lag 20]:
ℹ 146 (88.48%) are good and 19 (11.52%) are bad.
ℹ [Lag 50]:
ℹ 163 (98.79%) are good and 2 (1.21%) are bad.
ℹ *** [Parameter: Omega] ***
ℹ Computation of traceplots, can take some time...
ℹ Traceplots saved!
ℹ -> Effective size:
ℹ 221 (98.22%) are good, 4 (1.78%) are acceptable and 0 (0%) are bad.
ℹ -> Gelman-Rubin convergence diagnostic:
ℹ 193 (85.78%) are good, 22 (9.78%) are acceptable and 10 (4.44%) are bad.
ℹ -> Autocorrelation:
ℹ [Lag 20]:
ℹ 160 (71.11%) are good and 65 (28.89%) are bad.
ℹ [Lag 50]:
ℹ 183 (81.33%) are good and 42 (18.67%) are bad.

ℹ 3. Performance evaluation...
ℹ Computing training scores...
ℹ Computing testing scores...
ℹ Saving scores...
✔ Scores saved!

ℹ 4. Associations...
✔ Model ran without errors!

! ----- Running loop: 46/180 -----
ℹ - Random effect: none
ℹ - Strategy: none
ℹ - New samples: 0
ℹ - Train size: 125
ℹ - N variables: 6
ℹ - K-fold: 3

ℹ 0. Setting up path...
ℹ Model already fitted! Skipping...

! ----- Running loop: 47/180 -----
ℹ - Random effect: none
ℹ - Strategy: business-as-usual
ℹ - New samples: 50
ℹ - Train size: 125
ℹ - N variables: 6
ℹ - K-fold: 3

ℹ 0. Setting up path...
ℹ Pulling 50 new random samples...

ℹ 1. Fitting model...
ℹ Preparing training set for HMSC...
ℹ Creation of Hmsc object without random effects...
✔ Created Hmsc object!

ℹ Started fitting at: 2026-08-10 15:17:16.487496
! Cannot display fitting progress when running chains in parallel.
! Set `allow_parallel` to `FALSE` to see progress.
ℹ Completed fitting at: 2026-08-10 15:17:43.546596
ℹ Time elapsed: 27.06
ℹ Saving model...
✔ Model saved!

ℹ 2. Convergence diagnostics...
ℹ *** [Parameter: Beta] ***
ℹ Computation of traceplots, can take some time...
ℹ Traceplots saved!
ℹ -> Effective size:
ℹ 165 (100%) are good, 0 (0%) are acceptable and 0 (0%) are bad.
ℹ -> Gelman-Rubin convergence diagnostic:
ℹ 165 (100%) are good, 0 (0%) are acceptable and 0 (0%) are bad.
ℹ -> Autocorrelation:
ℹ [Lag 20]:
ℹ 152 (92.12%) are good and 13 (7.88%) are bad.
ℹ [Lag 50]:
ℹ 162 (98.18%) are good and 3 (1.82%) are bad.

ℹ 3. Performance evaluation...
ℹ Computing training scores...
ℹ Computing testing scores...
ℹ Saving scores...
✔ Scores saved!

ℹ 4. Associations...
✔ Model ran without errors!

! ----- Running loop: 48/180 -----
ℹ - Random effect: none
ℹ - Strategy: gap-filling
ℹ - New samples: 50
ℹ - Train size: 125
ℹ - N variables: 6
ℹ - K-fold: 3

ℹ 0. Setting up path...
ℹ Searching for the most distant points...

ℹ 1. Fitting model...
ℹ Preparing training set for HMSC...
ℹ Creation of Hmsc object without random effects...
✔ Created Hmsc object!

ℹ Started fitting at: 2026-08-10 15:20:33.439722
! Cannot display fitting progress when running chains in parallel.
! Set `allow_parallel` to `FALSE` to see progress.
ℹ Completed fitting at: 2026-08-10 15:21:00.531801
ℹ Time elapsed: 27.09
ℹ Saving model...
✔ Model saved!

ℹ 2. Convergence diagnostics...
ℹ *** [Parameter: Beta] ***
ℹ Computation of traceplots, can take some time...
ℹ Traceplots saved!
ℹ -> Effective size:
ℹ 165 (100%) are good, 0 (0%) are acceptable and 0 (0%) are bad.
ℹ -> Gelman-Rubin convergence diagnostic:
ℹ 165 (100%) are good, 0 (0%) are acceptable and 0 (0%) are bad.
ℹ -> Autocorrelation:
ℹ [Lag 20]:
ℹ 155 (93.94%) are good and 10 (6.06%) are bad.
ℹ [Lag 50]:
ℹ 165 (100%) are good and 0 (0%) are bad.

ℹ 3. Performance evaluation...
ℹ Computing training scores...
ℹ Computing testing scores...
ℹ Saving scores...
✔ Scores saved!

ℹ 4. Associations...
✔ Model ran without errors!

! ----- Running loop: 49/180 -----
ℹ - Random effect: none
ℹ - Strategy: simplified-uncertainty
ℹ - New samples: 50
ℹ - Train size: 125
ℹ - N variables: 6
ℹ - K-fold: 3

ℹ 0. Setting up path...
! Running simplified-uncertainty...

ℹ 1. Fitting model...
ℹ Preparing training set for HMSC...
ℹ Creation of Hmsc object without random effects...
✔ Created Hmsc object!

ℹ Started fitting at: 2026-08-10 15:23:55.025563
! Cannot display fitting progress when running chains in parallel.
! Set `allow_parallel` to `FALSE` to see progress.
ℹ Completed fitting at: 2026-08-10 15:24:21.806813
ℹ Time elapsed: 26.78
ℹ Saving model...
✔ Model saved!

ℹ 2. Convergence diagnostics...
ℹ *** [Parameter: Beta] ***
ℹ Computation of traceplots, can take some time...
ℹ Traceplots saved!
ℹ -> Effective size:
ℹ 165 (100%) are good, 0 (0%) are acceptable and 0 (0%) are bad.
ℹ -> Gelman-Rubin convergence diagnostic:
ℹ 165 (100%) are good, 0 (0%) are acceptable and 0 (0%) are bad.
ℹ -> Autocorrelation:
ℹ [Lag 20]:
ℹ 158 (95.76%) are good and 7 (4.24%) are bad.
ℹ [Lag 50]:
ℹ 164 (99.39%) are good and 1 (0.61%) are bad.

ℹ 3. Performance evaluation...
ℹ Computing training scores...
ℹ Computing testing scores...
ℹ Saving scores...
✔ Scores saved!

ℹ 4. Associations...
✔ Model ran without errors!

! ----- Running loop: 50/180 -----
ℹ - Random effect: none
ℹ - Strategy: none
ℹ - New samples: 0
ℹ - Train size: 125
ℹ - N variables: 6
ℹ - K-fold: 3

ℹ 0. Setting up path...
ℹ Model already fitted! Skipping...

! ----- Running loop: 51/180 -----
ℹ - Random effect: none
ℹ - Strategy: simplified-uncertainty
ℹ - New samples: 10
ℹ - Train size: 125
ℹ - N variables: 6
ℹ - K-fold: 3

ℹ 0. Setting up path...
! Running simplified-uncertainty...

ℹ 1. Fitting model...
ℹ Preparing training set for HMSC...
ℹ Creation of Hmsc object without random effects...
✔ Created Hmsc object!

ℹ Started fitting at: 2026-08-10 15:27:16.646633
! Cannot display fitting progress when running chains in parallel.
! Set `allow_parallel` to `FALSE` to see progress.
ℹ Completed fitting at: 2026-08-10 15:27:42.696497
ℹ Time elapsed: 26.05
ℹ Saving model...
✔ Model saved!

ℹ 2. Convergence diagnostics...
ℹ *** [Parameter: Beta] ***
ℹ Computation of traceplots, can take some time...
ℹ Traceplots saved!
ℹ -> Effective size:
ℹ 165 (100%) are good, 0 (0%) are acceptable and 0 (0%) are bad.
ℹ -> Gelman-Rubin convergence diagnostic:
ℹ 165 (100%) are good, 0 (0%) are acceptable and 0 (0%) are bad.
ℹ -> Autocorrelation:
ℹ [Lag 20]:
ℹ 152 (92.12%) are good and 13 (7.88%) are bad.
ℹ [Lag 50]:
ℹ 163 (98.79%) are good and 2 (1.21%) are bad.

ℹ 3. Performance evaluation...
ℹ Computing training scores...
ℹ Computing testing scores...
ℹ Saving scores...
✔ Scores saved!

ℹ 4. Associations...
✔ Model ran without errors!

! ----- Running loop: 52/180 -----
ℹ - Random effect: none
ℹ - Strategy: simplified-uncertainty
ℹ - New samples: 25
ℹ - Train size: 125
ℹ - N variables: 6
ℹ - K-fold: 3

ℹ 0. Setting up path...
! Running simplified-uncertainty...

ℹ 1. Fitting model...
ℹ Preparing training set for HMSC...
ℹ Creation of Hmsc object without random effects...
✔ Created Hmsc object!

ℹ Started fitting at: 2026-08-10 15:30:37.527611
! Cannot display fitting progress when running chains in parallel.
! Set `allow_parallel` to `FALSE` to see progress.
ℹ Completed fitting at: 2026-08-10 15:31:08.870689
ℹ Time elapsed: 31.34
ℹ Saving model...
✔ Model saved!

ℹ 2. Convergence diagnostics...
ℹ *** [Parameter: Beta] ***
ℹ Computation of traceplots, can take some time...
ℹ Traceplots saved!
ℹ -> Effective size:
ℹ 165 (100%) are good, 0 (0%) are acceptable and 0 (0%) are bad.
ℹ -> Gelman-Rubin convergence diagnostic:
ℹ 165 (100%) are good, 0 (0%) are acceptable and 0 (0%) are bad.
ℹ -> Autocorrelation:
ℹ [Lag 20]:
ℹ 156 (94.55%) are good and 9 (5.45%) are bad.
ℹ [Lag 50]:
ℹ 164 (99.39%) are good and 1 (0.61%) are bad.

ℹ 3. Performance evaluation...
ℹ Computing training scores...
ℹ Computing testing scores...
ℹ Saving scores...
✔ Scores saved!

ℹ 4. Associations...
✔ Model ran without errors!

! ----- Running loop: 53/180 -----
ℹ - Random effect: none
ℹ - Strategy: simplified-uncertainty
ℹ - New samples: 100
ℹ - Train size: 125
ℹ - N variables: 6
ℹ - K-fold: 3

ℹ 0. Setting up path...
! Running simplified-uncertainty...

ℹ 1. Fitting model...
ℹ Preparing training set for HMSC...
ℹ Creation of Hmsc object without random effects...
✔ Created Hmsc object!

ℹ Started fitting at: 2026-08-10 15:34:01.682922
! Cannot display fitting progress when running chains in parallel.
! Set `allow_parallel` to `FALSE` to see progress.
ℹ Completed fitting at: 2026-08-10 15:34:36.110907
ℹ Time elapsed: 34.43
ℹ Saving model...
✔ Model saved!

ℹ 2. Convergence diagnostics...
ℹ *** [Parameter: Beta] ***
ℹ Computation of traceplots, can take some time...
ℹ Traceplots saved!
ℹ -> Effective size:
ℹ 165 (100%) are good, 0 (0%) are acceptable and 0 (0%) are bad.
ℹ -> Gelman-Rubin convergence diagnostic:
ℹ 165 (100%) are good, 0 (0%) are acceptable and 0 (0%) are bad.
ℹ -> Autocorrelation:
ℹ [Lag 20]:
ℹ 164 (99.39%) are good and 1 (0.61%) are bad.
ℹ [Lag 50]:
ℹ 165 (100%) are good and 0 (0%) are bad.

ℹ 3. Performance evaluation...
ℹ Computing training scores...
ℹ Computing testing scores...
ℹ Saving scores...
✔ Scores saved!

ℹ 4. Associations...
✔ Model ran without errors!

! ----- Running loop: 54/180 -----
ℹ - Random effect: none
ℹ - Strategy: simplified-uncertainty
ℹ - New samples: 150
ℹ - Train size: 125
ℹ - N variables: 6
ℹ - K-fold: 3

ℹ 0. Setting up path...
! Running simplified-uncertainty...

ℹ 1. Fitting model...
ℹ Preparing training set for HMSC...
ℹ Creation of Hmsc object without random effects...
✔ Created Hmsc object!

ℹ Started fitting at: 2026-08-10 15:37:29.59651
! Cannot display fitting progress when running chains in parallel.
! Set `allow_parallel` to `FALSE` to see progress.
ℹ Completed fitting at: 2026-08-10 15:38:00.389291
ℹ Time elapsed: 30.79
ℹ Saving model...
✔ Model saved!

ℹ 2. Convergence diagnostics...
ℹ *** [Parameter: Beta] ***
ℹ Computation of traceplots, can take some time...
ℹ Traceplots saved!
ℹ -> Effective size:
ℹ 165 (100%) are good, 0 (0%) are acceptable and 0 (0%) are bad.
ℹ -> Gelman-Rubin convergence diagnostic:
ℹ 165 (100%) are good, 0 (0%) are acceptable and 0 (0%) are bad.
ℹ -> Autocorrelation:
ℹ [Lag 20]:
ℹ 163 (98.79%) are good and 2 (1.21%) are bad.
ℹ [Lag 50]:
ℹ 165 (100%) are good and 0 (0%) are bad.

ℹ 3. Performance evaluation...
ℹ Computing training scores...
ℹ Computing testing scores...
ℹ Saving scores...
✔ Scores saved!

ℹ 4. Associations...
✔ Model ran without errors!

! ----- Running loop: 55/180 -----
ℹ - Random effect: none
ℹ - Strategy: none
ℹ - New samples: 0
ℹ - Train size: 15
ℹ - N variables: 6
ℹ - K-fold: 4

ℹ 0. Setting up path...

ℹ 1. Fitting model...
ℹ Preparing training set for HMSC...
ℹ Creation of Hmsc object without random effects...
✔ Created Hmsc object!

ℹ Started fitting at: 2026-08-10 15:40:45.460762
! Cannot display fitting progress when running chains in parallel.
! Set `allow_parallel` to `FALSE` to see progress.
ℹ Completed fitting at: 2026-08-10 15:41:08.772417
ℹ Time elapsed: 23.31
ℹ Saving model...
✔ Model saved!

ℹ 2. Convergence diagnostics...
ℹ *** [Parameter: Beta] ***
ℹ Computation of traceplots, can take some time...
ℹ Traceplots saved!
ℹ -> Effective size:
ℹ 165 (100%) are good, 0 (0%) are acceptable and 0 (0%) are bad.
ℹ -> Gelman-Rubin convergence diagnostic:
ℹ 165 (100%) are good, 0 (0%) are acceptable and 0 (0%) are bad.
ℹ -> Autocorrelation:
ℹ [Lag 20]:
ℹ 89 (53.94%) are good and 76 (46.06%) are bad.
ℹ [Lag 50]:
ℹ 156 (94.55%) are good and 9 (5.45%) are bad.

ℹ 3. Performance evaluation...
ℹ Computing training scores...
ℹ Computing testing scores...
ℹ Saving scores...
✔ Scores saved!

ℹ 4. Associations...
✔ Model ran without errors!

! ----- Running loop: 56/180 -----
ℹ - Random effect: none
ℹ - Strategy: none
ℹ - New samples: 0
ℹ - Train size: 25
ℹ - N variables: 6
ℹ - K-fold: 4

ℹ 0. Setting up path...

ℹ 1. Fitting model...
ℹ Preparing training set for HMSC...
ℹ Creation of Hmsc object without random effects...
✔ Created Hmsc object!

ℹ Started fitting at: 2026-08-10 15:42:42.386673
! Cannot display fitting progress when running chains in parallel.
! Set `allow_parallel` to `FALSE` to see progress.
ℹ Completed fitting at: 2026-08-10 15:43:05.52533
ℹ Time elapsed: 23.14
ℹ Saving model...
✔ Model saved!

ℹ 2. Convergence diagnostics...
ℹ *** [Parameter: Beta] ***
ℹ Computation of traceplots, can take some time...
ℹ Traceplots saved!
ℹ -> Effective size:
ℹ 165 (100%) are good, 0 (0%) are acceptable and 0 (0%) are bad.
ℹ -> Gelman-Rubin convergence diagnostic:
ℹ 165 (100%) are good, 0 (0%) are acceptable and 0 (0%) are bad.
ℹ -> Autocorrelation:
ℹ [Lag 20]:
ℹ 157 (95.15%) are good and 8 (4.85%) are bad.
ℹ [Lag 50]:
ℹ 165 (100%) are good and 0 (0%) are bad.

ℹ 3. Performance evaluation...
ℹ Computing training scores...
ℹ Computing testing scores...
ℹ Saving scores...
✔ Scores saved!

ℹ 4. Associations...
✔ Model ran without errors!

! ----- Running loop: 57/180 -----
ℹ - Random effect: none
ℹ - Strategy: none
ℹ - New samples: 0
ℹ - Train size: 50
ℹ - N variables: 6
ℹ - K-fold: 4

ℹ 0. Setting up path...

ℹ 1. Fitting model...
ℹ Preparing training set for HMSC...
ℹ Creation of Hmsc object without random effects...
✔ Created Hmsc object!

ℹ Started fitting at: 2026-08-10 15:44:36.36933
! Cannot display fitting progress when running chains in parallel.
! Set `allow_parallel` to `FALSE` to see progress.
ℹ Completed fitting at: 2026-08-10 15:45:05.087394
ℹ Time elapsed: 28.72
ℹ Saving model...
✔ Model saved!

ℹ 2. Convergence diagnostics...
ℹ *** [Parameter: Beta] ***
ℹ Computation of traceplots, can take some time...
ℹ Traceplots saved!
ℹ -> Effective size:
ℹ 165 (100%) are good, 0 (0%) are acceptable and 0 (0%) are bad.
ℹ -> Gelman-Rubin convergence diagnostic:
ℹ 165 (100%) are good, 0 (0%) are acceptable and 0 (0%) are bad.
ℹ -> Autocorrelation:
ℹ [Lag 20]:
ℹ 128 (77.58%) are good and 37 (22.42%) are bad.
ℹ [Lag 50]:
ℹ 164 (99.39%) are good and 1 (0.61%) are bad.

ℹ 3. Performance evaluation...
ℹ Computing training scores...
ℹ Computing testing scores...
ℹ Saving scores...
✔ Scores saved!

ℹ 4. Associations...
✔ Model ran without errors!

! ----- Running loop: 58/180 -----
ℹ - Random effect: none
ℹ - Strategy: none
ℹ - New samples: 0
ℹ - Train size: 75
ℹ - N variables: 6
ℹ - K-fold: 4

ℹ 0. Setting up path...

ℹ 1. Fitting model...
ℹ Preparing training set for HMSC...
ℹ Creation of Hmsc object without random effects...
✔ Created Hmsc object!

ℹ Started fitting at: 2026-08-10 15:46:38.532497
! Cannot display fitting progress when running chains in parallel.
! Set `allow_parallel` to `FALSE` to see progress.
ℹ Completed fitting at: 2026-08-10 15:47:02.981097
ℹ Time elapsed: 24.45
ℹ Saving model...
✔ Model saved!

ℹ 2. Convergence diagnostics...
ℹ *** [Parameter: Beta] ***
ℹ Computation of traceplots, can take some time...
ℹ Traceplots saved!
ℹ -> Effective size:
ℹ 165 (100%) are good, 0 (0%) are acceptable and 0 (0%) are bad.
ℹ -> Gelman-Rubin convergence diagnostic:
ℹ 165 (100%) are good, 0 (0%) are acceptable and 0 (0%) are bad.
ℹ -> Autocorrelation:
ℹ [Lag 20]:
ℹ 134 (81.21%) are good and 31 (18.79%) are bad.
ℹ [Lag 50]:
ℹ 165 (100%) are good and 0 (0%) are bad.

ℹ 3. Performance evaluation...
ℹ Computing training scores...
ℹ Computing testing scores...
ℹ Saving scores...
✔ Scores saved!

ℹ 4. Associations...
✔ Model ran without errors!

! ----- Running loop: 59/180 -----
ℹ - Random effect: none
ℹ - Strategy: none
ℹ - New samples: 0
ℹ - Train size: 100
ℹ - N variables: 6
ℹ - K-fold: 4

ℹ 0. Setting up path...

ℹ 1. Fitting model...
ℹ Preparing training set for HMSC...
ℹ Creation of Hmsc object without random effects...
✔ Created Hmsc object!

ℹ Started fitting at: 2026-08-10 15:48:34.084919
! Cannot display fitting progress when running chains in parallel.
! Set `allow_parallel` to `FALSE` to see progress.
ℹ Completed fitting at: 2026-08-10 15:48:58.73272
ℹ Time elapsed: 24.65
ℹ Saving model...
✔ Model saved!

ℹ 2. Convergence diagnostics...
ℹ *** [Parameter: Beta] ***
ℹ Computation of traceplots, can take some time...
ℹ Traceplots saved!
ℹ -> Effective size:
ℹ 165 (100%) are good, 0 (0%) are acceptable and 0 (0%) are bad.
ℹ -> Gelman-Rubin convergence diagnostic:
ℹ 165 (100%) are good, 0 (0%) are acceptable and 0 (0%) are bad.
ℹ -> Autocorrelation:
ℹ [Lag 20]:
ℹ 128 (77.58%) are good and 37 (22.42%) are bad.
ℹ [Lag 50]:
ℹ 164 (99.39%) are good and 1 (0.61%) are bad.

ℹ 3. Performance evaluation...
ℹ Computing training scores...
ℹ Computing testing scores...
ℹ Saving scores...
✔ Scores saved!

ℹ 4. Associations...
✔ Model ran without errors!

! ----- Running loop: 60/180 -----
ℹ - Random effect: none
ℹ - Strategy: none
ℹ - New samples: 0
ℹ - Train size: 125
ℹ - N variables: 6
ℹ - K-fold: 4

ℹ 0. Setting up path...

ℹ 1. Fitting model...
ℹ Preparing training set for HMSC...
ℹ Creation of Hmsc object without random effects...
✔ Created Hmsc object!

ℹ Started fitting at: 2026-08-10 15:50:30.310952
! Cannot display fitting progress when running chains in parallel.
! Set `allow_parallel` to `FALSE` to see progress.
ℹ Completed fitting at: 2026-08-10 15:50:56.627514
ℹ Time elapsed: 26.32
ℹ Saving model...
✔ Model saved!

ℹ 2. Convergence diagnostics...
ℹ *** [Parameter: Beta] ***
ℹ Computation of traceplots, can take some time...
ℹ Traceplots saved!
ℹ -> Effective size:
ℹ 165 (100%) are good, 0 (0%) are acceptable and 0 (0%) are bad.
ℹ -> Gelman-Rubin convergence diagnostic:
ℹ 165 (100%) are good, 0 (0%) are acceptable and 0 (0%) are bad.
ℹ -> Autocorrelation:
ℹ [Lag 20]:
ℹ 143 (86.67%) are good and 22 (13.33%) are bad.
ℹ [Lag 50]:
ℹ 163 (98.79%) are good and 2 (1.21%) are bad.

ℹ 3. Performance evaluation...
ℹ Computing training scores...
ℹ Computing testing scores...
ℹ Saving scores...
✔ Scores saved!

ℹ 4. Associations...
✔ Model ran without errors!

! ----- Running loop: 61/180 -----
ℹ - Random effect: none
ℹ - Strategy: none
ℹ - New samples: 0
ℹ - Train size: 125
ℹ - N variables: 3
ℹ - K-fold: 4

ℹ 0. Setting up path...

ℹ 1. Fitting model...
ℹ Preparing training set for HMSC...
ℹ Creation of Hmsc object without random effects...
✔ Created Hmsc object!

ℹ Started fitting at: 2026-08-10 15:52:28.270509
! Cannot display fitting progress when running chains in parallel.
! Set `allow_parallel` to `FALSE` to see progress.
ℹ Completed fitting at: 2026-08-10 15:52:57.14005
ℹ Time elapsed: 28.87
ℹ Saving model...
✔ Model saved!

ℹ 2. Convergence diagnostics...
ℹ *** [Parameter: Beta] ***
ℹ Computation of traceplots, can take some time...
ℹ Traceplots saved!
ℹ -> Effective size:
ℹ 120 (100%) are good, 0 (0%) are acceptable and 0 (0%) are bad.
ℹ -> Gelman-Rubin convergence diagnostic:
ℹ 120 (100%) are good, 0 (0%) are acceptable and 0 (0%) are bad.
ℹ -> Autocorrelation:
ℹ [Lag 20]:
ℹ 99 (82.5%) are good and 21 (17.5%) are bad.
ℹ [Lag 50]:
ℹ 118 (98.33%) are good and 2 (1.67%) are bad.

ℹ 3. Performance evaluation...
ℹ Computing training scores...
ℹ Computing testing scores...
ℹ Saving scores...
✔ Scores saved!

ℹ 4. Associations...
✔ Model ran without errors!

! ----- Running loop: 62/180 -----
ℹ - Random effect: none
ℹ - Strategy: none
ℹ - New samples: 0
ℹ - Train size: 125
ℹ - N variables: 2
ℹ - K-fold: 4

ℹ 0. Setting up path...

ℹ 1. Fitting model...
ℹ Preparing training set for HMSC...
ℹ Creation of Hmsc object without random effects...
✔ Created Hmsc object!

ℹ Started fitting at: 2026-08-10 15:54:11.004462
! Cannot display fitting progress when running chains in parallel.
! Set `allow_parallel` to `FALSE` to see progress.
ℹ Completed fitting at: 2026-08-10 15:54:34.248723
ℹ Time elapsed: 23.24
ℹ Saving model...
✔ Model saved!

ℹ 2. Convergence diagnostics...
ℹ *** [Parameter: Beta] ***
ℹ Computation of traceplots, can take some time...
ℹ Traceplots saved!
ℹ -> Effective size:
ℹ 105 (100%) are good, 0 (0%) are acceptable and 0 (0%) are bad.
ℹ -> Gelman-Rubin convergence diagnostic:
ℹ 105 (100%) are good, 0 (0%) are acceptable and 0 (0%) are bad.
ℹ -> Autocorrelation:
ℹ [Lag 20]:
ℹ 85 (80.95%) are good and 20 (19.05%) are bad.
ℹ [Lag 50]:
ℹ 105 (100%) are good and 0 (0%) are bad.

ℹ 3. Performance evaluation...
ℹ Computing training scores...
ℹ Computing testing scores...
ℹ Saving scores...
✔ Scores saved!

ℹ 4. Associations...
✔ Model ran without errors!

! ----- Running loop: 63/180 -----
ℹ - Random effect: units
ℹ - Strategy: none
ℹ - New samples: 0
ℹ - Train size: 125
ℹ - N variables: 6
ℹ - K-fold: 4

ℹ 0. Setting up path...

ℹ 1. Fitting model...
ℹ Preparing training set for HMSC...
ℹ Creation of Hmsc object with 'units' effect...
✔ Created Hmsc object!

ℹ Started fitting at: 2026-08-10 15:55:42.639493
! Cannot display fitting progress when running chains in parallel.
! Set `allow_parallel` to `FALSE` to see progress.
ℹ Completed fitting at: 2026-08-10 15:56:23.531259
ℹ Time elapsed: 40.89
ℹ Saving model...
✔ Model saved!

ℹ 2. Convergence diagnostics...
ℹ *** [Parameter: Beta] ***
ℹ Computation of traceplots, can take some time...
ℹ Traceplots saved!
ℹ -> Effective size:
ℹ 165 (100%) are good, 0 (0%) are acceptable and 0 (0%) are bad.
ℹ -> Gelman-Rubin convergence diagnostic:
ℹ 165 (100%) are good, 0 (0%) are acceptable and 0 (0%) are bad.
ℹ -> Autocorrelation:
ℹ [Lag 20]:
ℹ 141 (85.45%) are good and 24 (14.55%) are bad.
ℹ [Lag 50]:
ℹ 162 (98.18%) are good and 3 (1.82%) are bad.
ℹ *** [Parameter: Omega] ***
ℹ Computation of traceplots, can take some time...
ℹ Traceplots saved!
ℹ -> Effective size:
ℹ 215 (95.56%) are good, 10 (4.44%) are acceptable and 0 (0%) are bad.
ℹ -> Gelman-Rubin convergence diagnostic:
ℹ 184 (81.78%) are good, 17 (7.56%) are acceptable and 24 (10.67%) are bad.
ℹ -> Autocorrelation:
ℹ [Lag 20]:
ℹ 137 (60.89%) are good and 88 (39.11%) are bad.
ℹ [Lag 50]:
ℹ 176 (78.22%) are good and 49 (21.78%) are bad.

ℹ 3. Performance evaluation...
ℹ Computing training scores...
ℹ Computing testing scores...
ℹ Saving scores...
✔ Scores saved!

ℹ 4. Associations...
✔ Model ran without errors!

! ----- Running loop: 64/180 -----
ℹ - Random effect: none
ℹ - Strategy: none
ℹ - New samples: 0
ℹ - Train size: 125
ℹ - N variables: 6
ℹ - K-fold: 4

ℹ 0. Setting up path...
ℹ Model already fitted! Skipping...

! ----- Running loop: 65/180 -----
ℹ - Random effect: none
ℹ - Strategy: business-as-usual
ℹ - New samples: 50
ℹ - Train size: 125
ℹ - N variables: 6
ℹ - K-fold: 4

ℹ 0. Setting up path...
ℹ Pulling 50 new random samples...

ℹ 1. Fitting model...
ℹ Preparing training set for HMSC...
ℹ Creation of Hmsc object without random effects...
✔ Created Hmsc object!

ℹ Started fitting at: 2026-08-10 15:58:51.919891
! Cannot display fitting progress when running chains in parallel.
! Set `allow_parallel` to `FALSE` to see progress.
ℹ Completed fitting at: 2026-08-10 15:59:24.612813
ℹ Time elapsed: 32.69
ℹ Saving model...
✔ Model saved!

ℹ 2. Convergence diagnostics...
ℹ *** [Parameter: Beta] ***
ℹ Computation of traceplots, can take some time...
ℹ Traceplots saved!
ℹ -> Effective size:
ℹ 165 (100%) are good, 0 (0%) are acceptable and 0 (0%) are bad.
ℹ -> Gelman-Rubin convergence diagnostic:
ℹ 165 (100%) are good, 0 (0%) are acceptable and 0 (0%) are bad.
ℹ -> Autocorrelation:
ℹ [Lag 20]:
ℹ 147 (89.09%) are good and 18 (10.91%) are bad.
ℹ [Lag 50]:
ℹ 163 (98.79%) are good and 2 (1.21%) are bad.

ℹ 3. Performance evaluation...
ℹ Computing training scores...
ℹ Computing testing scores...
ℹ Saving scores...
✔ Scores saved!

ℹ 4. Associations...
✔ Model ran without errors!

! ----- Running loop: 66/180 -----
ℹ - Random effect: none
ℹ - Strategy: gap-filling
ℹ - New samples: 50
ℹ - Train size: 125
ℹ - N variables: 6
ℹ - K-fold: 4

ℹ 0. Setting up path...
ℹ Searching for the most distant points...

ℹ 1. Fitting model...
ℹ Preparing training set for HMSC...
ℹ Creation of Hmsc object without random effects...
✔ Created Hmsc object!

ℹ Started fitting at: 2026-08-10 16:02:12.273346
! Cannot display fitting progress when running chains in parallel.
! Set `allow_parallel` to `FALSE` to see progress.
ℹ Completed fitting at: 2026-08-10 16:02:39.046143
ℹ Time elapsed: 26.77
ℹ Saving model...
✔ Model saved!

ℹ 2. Convergence diagnostics...
ℹ *** [Parameter: Beta] ***
ℹ Computation of traceplots, can take some time...
ℹ Traceplots saved!
ℹ -> Effective size:
ℹ 165 (100%) are good, 0 (0%) are acceptable and 0 (0%) are bad.
ℹ -> Gelman-Rubin convergence diagnostic:
ℹ 165 (100%) are good, 0 (0%) are acceptable and 0 (0%) are bad.
ℹ -> Autocorrelation:
ℹ [Lag 20]:
ℹ 145 (87.88%) are good and 20 (12.12%) are bad.
ℹ [Lag 50]:
ℹ 164 (99.39%) are good and 1 (0.61%) are bad.

ℹ 3. Performance evaluation...
ℹ Computing training scores...
ℹ Computing testing scores...
ℹ Saving scores...
✔ Scores saved!

ℹ 4. Associations...
✔ Model ran without errors!

! ----- Running loop: 67/180 -----
ℹ - Random effect: none
ℹ - Strategy: simplified-uncertainty
ℹ - New samples: 50
ℹ - Train size: 125
ℹ - N variables: 6
ℹ - K-fold: 4

ℹ 0. Setting up path...
! Running simplified-uncertainty...

ℹ 1. Fitting model...
ℹ Preparing training set for HMSC...
ℹ Creation of Hmsc object without random effects...
✔ Created Hmsc object!

ℹ Started fitting at: 2026-08-10 16:05:31.433841
! Cannot display fitting progress when running chains in parallel.
! Set `allow_parallel` to `FALSE` to see progress.
ℹ Completed fitting at: 2026-08-10 16:05:58.42142
ℹ Time elapsed: 26.99
ℹ Saving model...
✔ Model saved!

ℹ 2. Convergence diagnostics...
ℹ *** [Parameter: Beta] ***
ℹ Computation of traceplots, can take some time...
ℹ Traceplots saved!
ℹ -> Effective size:
ℹ 165 (100%) are good, 0 (0%) are acceptable and 0 (0%) are bad.
ℹ -> Gelman-Rubin convergence diagnostic:
ℹ 165 (100%) are good, 0 (0%) are acceptable and 0 (0%) are bad.
ℹ -> Autocorrelation:
ℹ [Lag 20]:
ℹ 153 (92.73%) are good and 12 (7.27%) are bad.
ℹ [Lag 50]:
ℹ 165 (100%) are good and 0 (0%) are bad.

ℹ 3. Performance evaluation...
ℹ Computing training scores...
ℹ Computing testing scores...
ℹ Saving scores...
✔ Scores saved!

ℹ 4. Associations...
✔ Model ran without errors!

! ----- Running loop: 68/180 -----
ℹ - Random effect: none
ℹ - Strategy: none
ℹ - New samples: 0
ℹ - Train size: 125
ℹ - N variables: 6
ℹ - K-fold: 4

ℹ 0. Setting up path...
ℹ Model already fitted! Skipping...

! ----- Running loop: 69/180 -----
ℹ - Random effect: none
ℹ - Strategy: simplified-uncertainty
ℹ - New samples: 10
ℹ - Train size: 125
ℹ - N variables: 6
ℹ - K-fold: 4

ℹ 0. Setting up path...
! Running simplified-uncertainty...

ℹ 1. Fitting model...
ℹ Preparing training set for HMSC...
ℹ Creation of Hmsc object without random effects...
✔ Created Hmsc object!

ℹ Started fitting at: 2026-08-10 16:08:51.037535
! Cannot display fitting progress when running chains in parallel.
! Set `allow_parallel` to `FALSE` to see progress.
ℹ Completed fitting at: 2026-08-10 16:09:18.069855
ℹ Time elapsed: 27.03
ℹ Saving model...
✔ Model saved!

ℹ 2. Convergence diagnostics...
ℹ *** [Parameter: Beta] ***
ℹ Computation of traceplots, can take some time...
ℹ Traceplots saved!
ℹ -> Effective size:
ℹ 165 (100%) are good, 0 (0%) are acceptable and 0 (0%) are bad.
ℹ -> Gelman-Rubin convergence diagnostic:
ℹ 165 (100%) are good, 0 (0%) are acceptable and 0 (0%) are bad.
ℹ -> Autocorrelation:
ℹ [Lag 20]:
ℹ 147 (89.09%) are good and 18 (10.91%) are bad.
ℹ [Lag 50]:
ℹ 164 (99.39%) are good and 1 (0.61%) are bad.

ℹ 3. Performance evaluation...
ℹ Computing training scores...
ℹ Computing testing scores...
ℹ Saving scores...
✔ Scores saved!

ℹ 4. Associations...
✔ Model ran without errors!

! ----- Running loop: 70/180 -----
ℹ - Random effect: none
ℹ - Strategy: simplified-uncertainty
ℹ - New samples: 25
ℹ - Train size: 125
ℹ - N variables: 6
ℹ - K-fold: 4

ℹ 0. Setting up path...
! Running simplified-uncertainty...

ℹ 1. Fitting model...
ℹ Preparing training set for HMSC...
ℹ Creation of Hmsc object without random effects...
✔ Created Hmsc object!

ℹ Started fitting at: 2026-08-10 16:12:11.213839
! Cannot display fitting progress when running chains in parallel.
! Set `allow_parallel` to `FALSE` to see progress.
ℹ Completed fitting at: 2026-08-10 16:12:37.046523
ℹ Time elapsed: 25.83
ℹ Saving model...
✔ Model saved!

ℹ 2. Convergence diagnostics...
ℹ *** [Parameter: Beta] ***
ℹ Computation of traceplots, can take some time...
ℹ Traceplots saved!
ℹ -> Effective size:
ℹ 165 (100%) are good, 0 (0%) are acceptable and 0 (0%) are bad.
ℹ -> Gelman-Rubin convergence diagnostic:
ℹ 165 (100%) are good, 0 (0%) are acceptable and 0 (0%) are bad.
ℹ -> Autocorrelation:
ℹ [Lag 20]:
ℹ 153 (92.73%) are good and 12 (7.27%) are bad.
ℹ [Lag 50]:
ℹ 164 (99.39%) are good and 1 (0.61%) are bad.

ℹ 3. Performance evaluation...
ℹ Computing training scores...
ℹ Computing testing scores...
ℹ Saving scores...
✔ Scores saved!

ℹ 4. Associations...
✔ Model ran without errors!

! ----- Running loop: 71/180 -----
ℹ - Random effect: none
ℹ - Strategy: simplified-uncertainty
ℹ - New samples: 100
ℹ - Train size: 125
ℹ - N variables: 6
ℹ - K-fold: 4

ℹ 0. Setting up path...
! Running simplified-uncertainty...

ℹ 1. Fitting model...
ℹ Preparing training set for HMSC...
ℹ Creation of Hmsc object without random effects...
✔ Created Hmsc object!

ℹ Started fitting at: 2026-08-10 16:15:27.821574
! Cannot display fitting progress when running chains in parallel.
! Set `allow_parallel` to `FALSE` to see progress.
ℹ Completed fitting at: 2026-08-10 16:15:56.412511
ℹ Time elapsed: 28.59
ℹ Saving model...
✔ Model saved!

ℹ 2. Convergence diagnostics...
ℹ *** [Parameter: Beta] ***
ℹ Computation of traceplots, can take some time...
ℹ Traceplots saved!
ℹ -> Effective size:
ℹ 165 (100%) are good, 0 (0%) are acceptable and 0 (0%) are bad.
ℹ -> Gelman-Rubin convergence diagnostic:
ℹ 165 (100%) are good, 0 (0%) are acceptable and 0 (0%) are bad.
ℹ -> Autocorrelation:
ℹ [Lag 20]:
ℹ 159 (96.36%) are good and 6 (3.64%) are bad.
ℹ [Lag 50]:
ℹ 165 (100%) are good and 0 (0%) are bad.

ℹ 3. Performance evaluation...
ℹ Computing training scores...
ℹ Computing testing scores...
ℹ Saving scores...
✔ Scores saved!

ℹ 4. Associations...
✔ Model ran without errors!

! ----- Running loop: 72/180 -----
ℹ - Random effect: none
ℹ - Strategy: simplified-uncertainty
ℹ - New samples: 150
ℹ - Train size: 125
ℹ - N variables: 6
ℹ - K-fold: 4

ℹ 0. Setting up path...
! Running simplified-uncertainty...

ℹ 1. Fitting model...
ℹ Preparing training set for HMSC...
ℹ Creation of Hmsc object without random effects...
✔ Created Hmsc object!

ℹ Started fitting at: 2026-08-10 16:18:50.550128
! Cannot display fitting progress when running chains in parallel.
! Set `allow_parallel` to `FALSE` to see progress.
ℹ Completed fitting at: 2026-08-10 16:19:20.974473
ℹ Time elapsed: 30.42
ℹ Saving model...
✔ Model saved!

ℹ 2. Convergence diagnostics...
ℹ *** [Parameter: Beta] ***
ℹ Computation of traceplots, can take some time...
ℹ Traceplots saved!
ℹ -> Effective size:
ℹ 165 (100%) are good, 0 (0%) are acceptable and 0 (0%) are bad.
ℹ -> Gelman-Rubin convergence diagnostic:
ℹ 165 (100%) are good, 0 (0%) are acceptable and 0 (0%) are bad.
ℹ -> Autocorrelation:
ℹ [Lag 20]:
ℹ 161 (97.58%) are good and 4 (2.42%) are bad.
ℹ [Lag 50]:
ℹ 165 (100%) are good and 0 (0%) are bad.

ℹ 3. Performance evaluation...
ℹ Computing training scores...
ℹ Computing testing scores...
ℹ Saving scores...
✔ Scores saved!

ℹ 4. Associations...
✔ Model ran without errors!

! ----- Running loop: 73/180 -----
ℹ - Random effect: none
ℹ - Strategy: none
ℹ - New samples: 0
ℹ - Train size: 15
ℹ - N variables: 6
ℹ - K-fold: 5

ℹ 0. Setting up path...

ℹ 1. Fitting model...
ℹ Preparing training set for HMSC...
ℹ Creation of Hmsc object without random effects...
✔ Created Hmsc object!

ℹ Started fitting at: 2026-08-10 16:22:07.770154
! Cannot display fitting progress when running chains in parallel.
! Set `allow_parallel` to `FALSE` to see progress.
ℹ Completed fitting at: 2026-08-10 16:22:30.158736
ℹ Time elapsed: 22.39
ℹ Saving model...
✔ Model saved!

ℹ 2. Convergence diagnostics...
ℹ *** [Parameter: Beta] ***
ℹ Computation of traceplots, can take some time...
ℹ Traceplots saved!
ℹ -> Effective size:
ℹ 165 (100%) are good, 0 (0%) are acceptable and 0 (0%) are bad.
ℹ -> Gelman-Rubin convergence diagnostic:
ℹ 165 (100%) are good, 0 (0%) are acceptable and 0 (0%) are bad.
ℹ -> Autocorrelation:
ℹ [Lag 20]:
ℹ 90 (54.55%) are good and 75 (45.45%) are bad.
ℹ [Lag 50]:
ℹ 161 (97.58%) are good and 4 (2.42%) are bad.

ℹ 3. Performance evaluation...
ℹ Computing training scores...
ℹ Computing testing scores...
ℹ Saving scores...
✔ Scores saved!

ℹ 4. Associations...
✔ Model ran without errors!

! ----- Running loop: 74/180 -----
ℹ - Random effect: none
ℹ - Strategy: none
ℹ - New samples: 0
ℹ - Train size: 25
ℹ - N variables: 6
ℹ - K-fold: 5

ℹ 0. Setting up path...

ℹ 1. Fitting model...
ℹ Preparing training set for HMSC...
ℹ Creation of Hmsc object without random effects...
✔ Created Hmsc object!

ℹ Started fitting at: 2026-08-10 16:24:04.287559
! Cannot display fitting progress when running chains in parallel.
! Set `allow_parallel` to `FALSE` to see progress.
ℹ Completed fitting at: 2026-08-10 16:24:27.30949
ℹ Time elapsed: 23.02
ℹ Saving model...
✔ Model saved!

ℹ 2. Convergence diagnostics...
ℹ *** [Parameter: Beta] ***
ℹ Computation of traceplots, can take some time...
ℹ Traceplots saved!
ℹ -> Effective size:
ℹ 165 (100%) are good, 0 (0%) are acceptable and 0 (0%) are bad.
ℹ -> Gelman-Rubin convergence diagnostic:
ℹ 165 (100%) are good, 0 (0%) are acceptable and 0 (0%) are bad.
ℹ -> Autocorrelation:
ℹ [Lag 20]:
ℹ 109 (66.06%) are good and 56 (33.94%) are bad.
ℹ [Lag 50]:
ℹ 164 (99.39%) are good and 1 (0.61%) are bad.

ℹ 3. Performance evaluation...
ℹ Computing training scores...
ℹ Computing testing scores...
ℹ Saving scores...
✔ Scores saved!

ℹ 4. Associations...
✔ Model ran without errors!

! ----- Running loop: 75/180 -----
ℹ - Random effect: none
ℹ - Strategy: none
ℹ - New samples: 0
ℹ - Train size: 50
ℹ - N variables: 6
ℹ - K-fold: 5

ℹ 0. Setting up path...

ℹ 1. Fitting model...
ℹ Preparing training set for HMSC...
ℹ Creation of Hmsc object without random effects...
✔ Created Hmsc object!

ℹ Started fitting at: 2026-08-10 16:25:59.96193
! Cannot display fitting progress when running chains in parallel.
! Set `allow_parallel` to `FALSE` to see progress.
ℹ Completed fitting at: 2026-08-10 16:26:23.696232
ℹ Time elapsed: 23.73
ℹ Saving model...
✔ Model saved!

ℹ 2. Convergence diagnostics...
ℹ *** [Parameter: Beta] ***
ℹ Computation of traceplots, can take some time...
ℹ Traceplots saved!
ℹ -> Effective size:
ℹ 165 (100%) are good, 0 (0%) are acceptable and 0 (0%) are bad.
ℹ -> Gelman-Rubin convergence diagnostic:
ℹ 165 (100%) are good, 0 (0%) are acceptable and 0 (0%) are bad.
ℹ -> Autocorrelation:
ℹ [Lag 20]:
ℹ 142 (86.06%) are good and 23 (13.94%) are bad.
ℹ [Lag 50]:
ℹ 164 (99.39%) are good and 1 (0.61%) are bad.

ℹ 3. Performance evaluation...
ℹ Computing training scores...
ℹ Computing testing scores...
ℹ Saving scores...
✔ Scores saved!

ℹ 4. Associations...
✔ Model ran without errors!

! ----- Running loop: 76/180 -----
ℹ - Random effect: none
ℹ - Strategy: none
ℹ - New samples: 0
ℹ - Train size: 75
ℹ - N variables: 6
ℹ - K-fold: 5

ℹ 0. Setting up path...

ℹ 1. Fitting model...
ℹ Preparing training set for HMSC...
ℹ Creation of Hmsc object without random effects...
✔ Created Hmsc object!

ℹ Started fitting at: 2026-08-10 16:27:56.713702
! Cannot display fitting progress when running chains in parallel.
! Set `allow_parallel` to `FALSE` to see progress.
ℹ Completed fitting at: 2026-08-10 16:28:21.389628
ℹ Time elapsed: 24.68
ℹ Saving model...
✔ Model saved!

ℹ 2. Convergence diagnostics...
ℹ *** [Parameter: Beta] ***
ℹ Computation of traceplots, can take some time...
ℹ Traceplots saved!
ℹ -> Effective size:
ℹ 165 (100%) are good, 0 (0%) are acceptable and 0 (0%) are bad.
ℹ -> Gelman-Rubin convergence diagnostic:
ℹ 165 (100%) are good, 0 (0%) are acceptable and 0 (0%) are bad.
ℹ -> Autocorrelation:
ℹ [Lag 20]:
ℹ 130 (78.79%) are good and 35 (21.21%) are bad.
ℹ [Lag 50]:
ℹ 165 (100%) are good and 0 (0%) are bad.

ℹ 3. Performance evaluation...
ℹ Computing training scores...
ℹ Computing testing scores...
ℹ Saving scores...
✔ Scores saved!

ℹ 4. Associations...
✔ Model ran without errors!

! ----- Running loop: 77/180 -----
ℹ - Random effect: none
ℹ - Strategy: none
ℹ - New samples: 0
ℹ - Train size: 100
ℹ - N variables: 6
ℹ - K-fold: 5

ℹ 0. Setting up path...

ℹ 1. Fitting model...
ℹ Preparing training set for HMSC...
ℹ Creation of Hmsc object without random effects...
✔ Created Hmsc object!

ℹ Started fitting at: 2026-08-10 16:29:54.033349
! Cannot display fitting progress when running chains in parallel.
! Set `allow_parallel` to `FALSE` to see progress.
ℹ Completed fitting at: 2026-08-10 16:30:19.071002
ℹ Time elapsed: 25.04
ℹ Saving model...
✔ Model saved!

ℹ 2. Convergence diagnostics...
ℹ *** [Parameter: Beta] ***
ℹ Computation of traceplots, can take some time...
ℹ Traceplots saved!
ℹ -> Effective size:
ℹ 165 (100%) are good, 0 (0%) are acceptable and 0 (0%) are bad.
ℹ -> Gelman-Rubin convergence diagnostic:
ℹ 165 (100%) are good, 0 (0%) are acceptable and 0 (0%) are bad.
ℹ -> Autocorrelation:
ℹ [Lag 20]:
ℹ 119 (72.12%) are good and 46 (27.88%) are bad.
ℹ [Lag 50]:
ℹ 164 (99.39%) are good and 1 (0.61%) are bad.

ℹ 3. Performance evaluation...
ℹ Computing training scores...
ℹ Computing testing scores...
ℹ Saving scores...
✔ Scores saved!

ℹ 4. Associations...
✔ Model ran without errors!

! ----- Running loop: 78/180 -----
ℹ - Random effect: none
ℹ - Strategy: none
ℹ - New samples: 0
ℹ - Train size: 125
ℹ - N variables: 6
ℹ - K-fold: 5

ℹ 0. Setting up path...

ℹ 1. Fitting model...
ℹ Preparing training set for HMSC...
ℹ Creation of Hmsc object without random effects...
✔ Created Hmsc object!

ℹ Started fitting at: 2026-08-10 16:31:52.533702
! Cannot display fitting progress when running chains in parallel.
! Set `allow_parallel` to `FALSE` to see progress.
ℹ Completed fitting at: 2026-08-10 16:32:17.958966
ℹ Time elapsed: 25.43
ℹ Saving model...
✔ Model saved!

ℹ 2. Convergence diagnostics...
ℹ *** [Parameter: Beta] ***
ℹ Computation of traceplots, can take some time...
ℹ Traceplots saved!
ℹ -> Effective size:
ℹ 165 (100%) are good, 0 (0%) are acceptable and 0 (0%) are bad.
ℹ -> Gelman-Rubin convergence diagnostic:
ℹ 165 (100%) are good, 0 (0%) are acceptable and 0 (0%) are bad.
ℹ -> Autocorrelation:
ℹ [Lag 20]:
ℹ 125 (75.76%) are good and 40 (24.24%) are bad.
ℹ [Lag 50]:
ℹ 163 (98.79%) are good and 2 (1.21%) are bad.

ℹ 3. Performance evaluation...
ℹ Computing training scores...
ℹ Computing testing scores...
ℹ Saving scores...
✔ Scores saved!

ℹ 4. Associations...
✔ Model ran without errors!

! ----- Running loop: 79/180 -----
ℹ - Random effect: none
ℹ - Strategy: none
ℹ - New samples: 0
ℹ - Train size: 125
ℹ - N variables: 3
ℹ - K-fold: 5

ℹ 0. Setting up path...

ℹ 1. Fitting model...
ℹ Preparing training set for HMSC...
ℹ Creation of Hmsc object without random effects...
✔ Created Hmsc object!

ℹ Started fitting at: 2026-08-10 16:33:51.413829
! Cannot display fitting progress when running chains in parallel.
! Set `allow_parallel` to `FALSE` to see progress.
ℹ Completed fitting at: 2026-08-10 16:34:15.727502
ℹ Time elapsed: 24.31
ℹ Saving model...
✔ Model saved!

ℹ 2. Convergence diagnostics...
ℹ *** [Parameter: Beta] ***
ℹ Computation of traceplots, can take some time...
ℹ Traceplots saved!
ℹ -> Effective size:
ℹ 120 (100%) are good, 0 (0%) are acceptable and 0 (0%) are bad.
ℹ -> Gelman-Rubin convergence diagnostic:
ℹ 120 (100%) are good, 0 (0%) are acceptable and 0 (0%) are bad.
ℹ -> Autocorrelation:
ℹ [Lag 20]:
ℹ 89 (74.17%) are good and 31 (25.83%) are bad.
ℹ [Lag 50]:
ℹ 113 (94.17%) are good and 7 (5.83%) are bad.

ℹ 3. Performance evaluation...
ℹ Computing training scores...
ℹ Computing testing scores...
ℹ Saving scores...
✔ Scores saved!

ℹ 4. Associations...
✔ Model ran without errors!

! ----- Running loop: 80/180 -----
ℹ - Random effect: none
ℹ - Strategy: none
ℹ - New samples: 0
ℹ - Train size: 125
ℹ - N variables: 2
ℹ - K-fold: 5

ℹ 0. Setting up path...

ℹ 1. Fitting model...
ℹ Preparing training set for HMSC...
ℹ Creation of Hmsc object without random effects...
✔ Created Hmsc object!

ℹ Started fitting at: 2026-08-10 16:35:31.34247
! Cannot display fitting progress when running chains in parallel.
! Set `allow_parallel` to `FALSE` to see progress.
ℹ Completed fitting at: 2026-08-10 16:35:55.106206
ℹ Time elapsed: 23.76
ℹ Saving model...
✔ Model saved!

ℹ 2. Convergence diagnostics...
ℹ *** [Parameter: Beta] ***
ℹ Computation of traceplots, can take some time...
ℹ Traceplots saved!
ℹ -> Effective size:
ℹ 105 (100%) are good, 0 (0%) are acceptable and 0 (0%) are bad.
ℹ -> Gelman-Rubin convergence diagnostic:
ℹ 105 (100%) are good, 0 (0%) are acceptable and 0 (0%) are bad.
ℹ -> Autocorrelation:
ℹ [Lag 20]:
ℹ 81 (77.14%) are good and 24 (22.86%) are bad.
ℹ [Lag 50]:
ℹ 103 (98.1%) are good and 2 (1.9%) are bad.

ℹ 3. Performance evaluation...
ℹ Computing training scores...
ℹ Computing testing scores...
ℹ Saving scores...
✔ Scores saved!

ℹ 4. Associations...
✔ Model ran without errors!

! ----- Running loop: 81/180 -----
ℹ - Random effect: units
ℹ - Strategy: none
ℹ - New samples: 0
ℹ - Train size: 125
ℹ - N variables: 6
ℹ - K-fold: 5

ℹ 0. Setting up path...

ℹ 1. Fitting model...
ℹ Preparing training set for HMSC...
ℹ Creation of Hmsc object with 'units' effect...
✔ Created Hmsc object!

ℹ Started fitting at: 2026-08-10 16:37:05.883068
! Cannot display fitting progress when running chains in parallel.
! Set `allow_parallel` to `FALSE` to see progress.
ℹ Completed fitting at: 2026-08-10 16:37:46.180083
ℹ Time elapsed: 40.3
ℹ Saving model...
✔ Model saved!

ℹ 2. Convergence diagnostics...
ℹ *** [Parameter: Beta] ***
ℹ Computation of traceplots, can take some time...
ℹ Traceplots saved!
ℹ -> Effective size:
ℹ 165 (100%) are good, 0 (0%) are acceptable and 0 (0%) are bad.
ℹ -> Gelman-Rubin convergence diagnostic:
ℹ 165 (100%) are good, 0 (0%) are acceptable and 0 (0%) are bad.
ℹ -> Autocorrelation:
ℹ [Lag 20]:
ℹ 124 (75.15%) are good and 41 (24.85%) are bad.
ℹ [Lag 50]:
ℹ 159 (96.36%) are good and 6 (3.64%) are bad.
ℹ *** [Parameter: Omega] ***
ℹ Computation of traceplots, can take some time...
ℹ Traceplots saved!
ℹ -> Effective size:
ℹ 212 (94.22%) are good, 13 (5.78%) are acceptable and 0 (0%) are bad.
ℹ -> Gelman-Rubin convergence diagnostic:
ℹ 199 (88.44%) are good, 22 (9.78%) are acceptable and 4 (1.78%) are bad.
ℹ -> Autocorrelation:
ℹ [Lag 20]:
ℹ 118 (52.44%) are good and 107 (47.56%) are bad.
ℹ [Lag 50]:
ℹ 187 (83.11%) are good and 38 (16.89%) are bad.

ℹ 3. Performance evaluation...
ℹ Computing training scores...
ℹ Computing testing scores...
ℹ Saving scores...
✔ Scores saved!

ℹ 4. Associations...
✔ Model ran without errors!

! ----- Running loop: 82/180 -----
ℹ - Random effect: none
ℹ - Strategy: none
ℹ - New samples: 0
ℹ - Train size: 125
ℹ - N variables: 6
ℹ - K-fold: 5

ℹ 0. Setting up path...
ℹ Model already fitted! Skipping...

! ----- Running loop: 83/180 -----
ℹ - Random effect: none
ℹ - Strategy: business-as-usual
ℹ - New samples: 50
ℹ - Train size: 125
ℹ - N variables: 6
ℹ - K-fold: 5

ℹ 0. Setting up path...
ℹ Pulling 50 new random samples...

ℹ 1. Fitting model...
ℹ Preparing training set for HMSC...
ℹ Creation of Hmsc object without random effects...
✔ Created Hmsc object!

ℹ Started fitting at: 2026-08-10 16:40:16.514548
! Cannot display fitting progress when running chains in parallel.
! Set `allow_parallel` to `FALSE` to see progress.
ℹ Completed fitting at: 2026-08-10 16:40:43.650118
ℹ Time elapsed: 27.14
ℹ Saving model...
✔ Model saved!

ℹ 2. Convergence diagnostics...
ℹ *** [Parameter: Beta] ***
ℹ Computation of traceplots, can take some time...
ℹ Traceplots saved!
ℹ -> Effective size:
ℹ 165 (100%) are good, 0 (0%) are acceptable and 0 (0%) are bad.
ℹ -> Gelman-Rubin convergence diagnostic:
ℹ 165 (100%) are good, 0 (0%) are acceptable and 0 (0%) are bad.
ℹ -> Autocorrelation:
ℹ [Lag 20]:
ℹ 138 (83.64%) are good and 27 (16.36%) are bad.
ℹ [Lag 50]:
ℹ 165 (100%) are good and 0 (0%) are bad.

ℹ 3. Performance evaluation...
ℹ Computing training scores...
ℹ Computing testing scores...
ℹ Saving scores...
✔ Scores saved!

ℹ 4. Associations...
✔ Model ran without errors!

! ----- Running loop: 84/180 -----
ℹ - Random effect: none
ℹ - Strategy: gap-filling
ℹ - New samples: 50
ℹ - Train size: 125
ℹ - N variables: 6
ℹ - K-fold: 5

ℹ 0. Setting up path...
ℹ Searching for the most distant points...

ℹ 1. Fitting model...
ℹ Preparing training set for HMSC...
ℹ Creation of Hmsc object without random effects...
✔ Created Hmsc object!

ℹ Started fitting at: 2026-08-10 16:43:32.418667
! Cannot display fitting progress when running chains in parallel.
! Set `allow_parallel` to `FALSE` to see progress.
ℹ Completed fitting at: 2026-08-10 16:43:59.592192
ℹ Time elapsed: 27.17
ℹ Saving model...
✔ Model saved!

ℹ 2. Convergence diagnostics...
ℹ *** [Parameter: Beta] ***
ℹ Computation of traceplots, can take some time...
ℹ Traceplots saved!
ℹ -> Effective size:
ℹ 165 (100%) are good, 0 (0%) are acceptable and 0 (0%) are bad.
ℹ -> Gelman-Rubin convergence diagnostic:
ℹ 165 (100%) are good, 0 (0%) are acceptable and 0 (0%) are bad.
ℹ -> Autocorrelation:
ℹ [Lag 20]:
ℹ 144 (87.27%) are good and 21 (12.73%) are bad.
ℹ [Lag 50]:
ℹ 165 (100%) are good and 0 (0%) are bad.

ℹ 3. Performance evaluation...
ℹ Computing training scores...
ℹ Computing testing scores...
ℹ Saving scores...
✔ Scores saved!

ℹ 4. Associations...
✔ Model ran without errors!

! ----- Running loop: 85/180 -----
ℹ - Random effect: none
ℹ - Strategy: simplified-uncertainty
ℹ - New samples: 50
ℹ - Train size: 125
ℹ - N variables: 6
ℹ - K-fold: 5

ℹ 0. Setting up path...
! Running simplified-uncertainty...

ℹ 1. Fitting model...
ℹ Preparing training set for HMSC...
ℹ Creation of Hmsc object without random effects...
✔ Created Hmsc object!

ℹ Started fitting at: 2026-08-10 16:46:52.287164
! Cannot display fitting progress when running chains in parallel.
! Set `allow_parallel` to `FALSE` to see progress.
ℹ Completed fitting at: 2026-08-10 16:47:24.227771
ℹ Time elapsed: 31.94
ℹ Saving model...
✔ Model saved!

ℹ 2. Convergence diagnostics...
ℹ *** [Parameter: Beta] ***
ℹ Computation of traceplots, can take some time...
ℹ Traceplots saved!
ℹ -> Effective size:
ℹ 165 (100%) are good, 0 (0%) are acceptable and 0 (0%) are bad.
ℹ -> Gelman-Rubin convergence diagnostic:
ℹ 165 (100%) are good, 0 (0%) are acceptable and 0 (0%) are bad.
ℹ -> Autocorrelation:
ℹ [Lag 20]:
ℹ 130 (78.79%) are good and 35 (21.21%) are bad.
ℹ [Lag 50]:
ℹ 164 (99.39%) are good and 1 (0.61%) are bad.

ℹ 3. Performance evaluation...
ℹ Computing training scores...
ℹ Computing testing scores...
ℹ Saving scores...
✔ Scores saved!

ℹ 4. Associations...
✔ Model ran without errors!

! ----- Running loop: 86/180 -----
ℹ - Random effect: none
ℹ - Strategy: none
ℹ - New samples: 0
ℹ - Train size: 125
ℹ - N variables: 6
ℹ - K-fold: 5

ℹ 0. Setting up path...
ℹ Model already fitted! Skipping...

! ----- Running loop: 87/180 -----
ℹ - Random effect: none
ℹ - Strategy: simplified-uncertainty
ℹ - New samples: 10
ℹ - Train size: 125
ℹ - N variables: 6
ℹ - K-fold: 5

ℹ 0. Setting up path...
! Running simplified-uncertainty...

ℹ 1. Fitting model...
ℹ Preparing training set for HMSC...
ℹ Creation of Hmsc object without random effects...
✔ Created Hmsc object!

ℹ Started fitting at: 2026-08-10 16:50:14.685072
! Cannot display fitting progress when running chains in parallel.
! Set `allow_parallel` to `FALSE` to see progress.
ℹ Completed fitting at: 2026-08-10 16:50:41.075562
ℹ Time elapsed: 26.39
ℹ Saving model...
✔ Model saved!

ℹ 2. Convergence diagnostics...
ℹ *** [Parameter: Beta] ***
ℹ Computation of traceplots, can take some time...
ℹ Traceplots saved!
ℹ -> Effective size:
ℹ 165 (100%) are good, 0 (0%) are acceptable and 0 (0%) are bad.
ℹ -> Gelman-Rubin convergence diagnostic:
ℹ 146 (88.48%) are good, 6 (3.64%) are acceptable and 13 (7.88%) are bad.
ℹ -> Autocorrelation:
ℹ [Lag 20]:
ℹ 123 (74.55%) are good and 42 (25.45%) are bad.
ℹ [Lag 50]:
ℹ 154 (93.33%) are good and 11 (6.67%) are bad.

ℹ 3. Performance evaluation...
ℹ Computing training scores...
ℹ Computing testing scores...
ℹ Saving scores...
✔ Scores saved!

ℹ 4. Associations...
✔ Model ran without errors!

! ----- Running loop: 88/180 -----
ℹ - Random effect: none
ℹ - Strategy: simplified-uncertainty
ℹ - New samples: 25
ℹ - Train size: 125
ℹ - N variables: 6
ℹ - K-fold: 5

ℹ 0. Setting up path...
! Running simplified-uncertainty...

ℹ 1. Fitting model...
ℹ Preparing training set for HMSC...
ℹ Creation of Hmsc object without random effects...
✔ Created Hmsc object!

ℹ Started fitting at: 2026-08-10 16:53:33.833435
! Cannot display fitting progress when running chains in parallel.
! Set `allow_parallel` to `FALSE` to see progress.
ℹ Completed fitting at: 2026-08-10 16:54:04.930075
ℹ Time elapsed: 31.1
ℹ Saving model...
✔ Model saved!

ℹ 2. Convergence diagnostics...
ℹ *** [Parameter: Beta] ***
ℹ Computation of traceplots, can take some time...
ℹ Traceplots saved!
ℹ -> Effective size:
ℹ 165 (100%) are good, 0 (0%) are acceptable and 0 (0%) are bad.
ℹ -> Gelman-Rubin convergence diagnostic:
ℹ 165 (100%) are good, 0 (0%) are acceptable and 0 (0%) are bad.
ℹ -> Autocorrelation:
ℹ [Lag 20]:
ℹ 127 (76.97%) are good and 38 (23.03%) are bad.
ℹ [Lag 50]:
ℹ 162 (98.18%) are good and 3 (1.82%) are bad.

ℹ 3. Performance evaluation...
ℹ Computing training scores...
ℹ Computing testing scores...
ℹ Saving scores...
✔ Scores saved!

ℹ 4. Associations...
✔ Model ran without errors!

! ----- Running loop: 89/180 -----
ℹ - Random effect: none
ℹ - Strategy: simplified-uncertainty
ℹ - New samples: 100
ℹ - Train size: 125
ℹ - N variables: 6
ℹ - K-fold: 5

ℹ 0. Setting up path...
! Running simplified-uncertainty...

ℹ 1. Fitting model...
ℹ Preparing training set for HMSC...
ℹ Creation of Hmsc object without random effects...
✔ Created Hmsc object!

ℹ Started fitting at: 2026-08-10 16:56:55.343635
! Cannot display fitting progress when running chains in parallel.
! Set `allow_parallel` to `FALSE` to see progress.
ℹ Completed fitting at: 2026-08-10 16:57:24.369535
ℹ Time elapsed: 29.03
ℹ Saving model...
✔ Model saved!

ℹ 2. Convergence diagnostics...
ℹ *** [Parameter: Beta] ***
ℹ Computation of traceplots, can take some time...
ℹ Traceplots saved!
ℹ -> Effective size:
ℹ 165 (100%) are good, 0 (0%) are acceptable and 0 (0%) are bad.
ℹ -> Gelman-Rubin convergence diagnostic:
ℹ 165 (100%) are good, 0 (0%) are acceptable and 0 (0%) are bad.
ℹ -> Autocorrelation:
ℹ [Lag 20]:
ℹ 145 (87.88%) are good and 20 (12.12%) are bad.
ℹ [Lag 50]:
ℹ 164 (99.39%) are good and 1 (0.61%) are bad.

ℹ 3. Performance evaluation...
ℹ Computing training scores...
ℹ Computing testing scores...
ℹ Saving scores...
✔ Scores saved!

ℹ 4. Associations...
✔ Model ran without errors!

! ----- Running loop: 90/180 -----
ℹ - Random effect: none
ℹ - Strategy: simplified-uncertainty
ℹ - New samples: 150
ℹ - Train size: 125
ℹ - N variables: 6
ℹ - K-fold: 5

ℹ 0. Setting up path...
! Running simplified-uncertainty...

ℹ 1. Fitting model...
ℹ Preparing training set for HMSC...
ℹ Creation of Hmsc object without random effects...
✔ Created Hmsc object!

ℹ Started fitting at: 2026-08-10 17:00:17.31584
! Cannot display fitting progress when running chains in parallel.
! Set `allow_parallel` to `FALSE` to see progress.
ℹ Completed fitting at: 2026-08-10 17:00:47.429144
ℹ Time elapsed: 30.11
ℹ Saving model...
✔ Model saved!

ℹ 2. Convergence diagnostics...
ℹ *** [Parameter: Beta] ***
ℹ Computation of traceplots, can take some time...
ℹ Traceplots saved!
ℹ -> Effective size:
ℹ 165 (100%) are good, 0 (0%) are acceptable and 0 (0%) are bad.
ℹ -> Gelman-Rubin convergence diagnostic:
ℹ 165 (100%) are good, 0 (0%) are acceptable and 0 (0%) are bad.
ℹ -> Autocorrelation:
ℹ [Lag 20]:
ℹ 147 (89.09%) are good and 18 (10.91%) are bad.
ℹ [Lag 50]:
ℹ 164 (99.39%) are good and 1 (0.61%) are bad.

ℹ 3. Performance evaluation...
ℹ Computing training scores...
ℹ Computing testing scores...
ℹ Saving scores...
✔ Scores saved!

ℹ 4. Associations...
✔ Model ran without errors!

! ----- Running loop: 91/180 -----
ℹ - Random effect: none
ℹ - Strategy: none
ℹ - New samples: 0
ℹ - Train size: 15
ℹ - N variables: 6
ℹ - K-fold: 6

ℹ 0. Setting up path...

ℹ 1. Fitting model...
ℹ Preparing training set for HMSC...
ℹ Creation of Hmsc object without random effects...
✔ Created Hmsc object!

ℹ Started fitting at: 2026-08-10 17:03:31.831165
! Cannot display fitting progress when running chains in parallel.
! Set `allow_parallel` to `FALSE` to see progress.
ℹ Completed fitting at: 2026-08-10 17:03:54.108286
ℹ Time elapsed: 22.28
ℹ Saving model...
✔ Model saved!

ℹ 2. Convergence diagnostics...
ℹ *** [Parameter: Beta] ***
ℹ Computation of traceplots, can take some time...
ℹ Traceplots saved!
ℹ -> Effective size:
ℹ 165 (100%) are good, 0 (0%) are acceptable and 0 (0%) are bad.
ℹ -> Gelman-Rubin convergence diagnostic:
ℹ 165 (100%) are good, 0 (0%) are acceptable and 0 (0%) are bad.
ℹ -> Autocorrelation:
ℹ [Lag 20]:
ℹ 159 (96.36%) are good and 6 (3.64%) are bad.
ℹ [Lag 50]:
ℹ 165 (100%) are good and 0 (0%) are bad.

ℹ 3. Performance evaluation...
ℹ Computing training scores...
ℹ Computing testing scores...
ℹ Saving scores...
✔ Scores saved!

ℹ 4. Associations...
✔ Model ran without errors!

! ----- Running loop: 92/180 -----
ℹ - Random effect: none
ℹ - Strategy: none
ℹ - New samples: 0
ℹ - Train size: 25
ℹ - N variables: 6
ℹ - K-fold: 6

ℹ 0. Setting up path...

ℹ 1. Fitting model...
ℹ Preparing training set for HMSC...
ℹ Creation of Hmsc object without random effects...
✔ Created Hmsc object!

ℹ Started fitting at: 2026-08-10 17:05:26.334981
! Cannot display fitting progress when running chains in parallel.
! Set `allow_parallel` to `FALSE` to see progress.
ℹ Completed fitting at: 2026-08-10 17:05:50.054398
ℹ Time elapsed: 23.72
ℹ Saving model...
✔ Model saved!

ℹ 2. Convergence diagnostics...
ℹ *** [Parameter: Beta] ***
ℹ Computation of traceplots, can take some time...
ℹ Traceplots saved!
ℹ -> Effective size:
ℹ 165 (100%) are good, 0 (0%) are acceptable and 0 (0%) are bad.
ℹ -> Gelman-Rubin convergence diagnostic:
ℹ 165 (100%) are good, 0 (0%) are acceptable and 0 (0%) are bad.
ℹ -> Autocorrelation:
ℹ [Lag 20]:
ℹ 120 (72.73%) are good and 45 (27.27%) are bad.
ℹ [Lag 50]:
ℹ 163 (98.79%) are good and 2 (1.21%) are bad.

ℹ 3. Performance evaluation...
ℹ Computing training scores...
ℹ Computing testing scores...
ℹ Saving scores...
✔ Scores saved!

ℹ 4. Associations...
✔ Model ran without errors!

! ----- Running loop: 93/180 -----
ℹ - Random effect: none
ℹ - Strategy: none
ℹ - New samples: 0
ℹ - Train size: 50
ℹ - N variables: 6
ℹ - K-fold: 6

ℹ 0. Setting up path...

ℹ 1. Fitting model...
ℹ Preparing training set for HMSC...
ℹ Creation of Hmsc object without random effects...
✔ Created Hmsc object!

ℹ Started fitting at: 2026-08-10 17:07:20.98921
! Cannot display fitting progress when running chains in parallel.
! Set `allow_parallel` to `FALSE` to see progress.
ℹ Completed fitting at: 2026-08-10 17:07:44.342888
ℹ Time elapsed: 23.35
ℹ Saving model...
✔ Model saved!

ℹ 2. Convergence diagnostics...
ℹ *** [Parameter: Beta] ***
ℹ Computation of traceplots, can take some time...
ℹ Traceplots saved!
ℹ -> Effective size:
ℹ 165 (100%) are good, 0 (0%) are acceptable and 0 (0%) are bad.
ℹ -> Gelman-Rubin convergence diagnostic:
ℹ 165 (100%) are good, 0 (0%) are acceptable and 0 (0%) are bad.
ℹ -> Autocorrelation:
ℹ [Lag 20]:
ℹ 135 (81.82%) are good and 30 (18.18%) are bad.
ℹ [Lag 50]:
ℹ 165 (100%) are good and 0 (0%) are bad.

ℹ 3. Performance evaluation...
ℹ Computing training scores...
ℹ Computing testing scores...
ℹ Saving scores...
✔ Scores saved!

ℹ 4. Associations...
✔ Model ran without errors!

! ----- Running loop: 94/180 -----
ℹ - Random effect: none
ℹ - Strategy: none
ℹ - New samples: 0
ℹ - Train size: 75
ℹ - N variables: 6
ℹ - K-fold: 6

ℹ 0. Setting up path...

ℹ 1. Fitting model...
ℹ Preparing training set for HMSC...
ℹ Creation of Hmsc object without random effects...
✔ Created Hmsc object!

ℹ Started fitting at: 2026-08-10 17:09:16.576998
! Cannot display fitting progress when running chains in parallel.
! Set `allow_parallel` to `FALSE` to see progress.
ℹ Completed fitting at: 2026-08-10 17:09:41.731754
ℹ Time elapsed: 25.15
ℹ Saving model...
✔ Model saved!

ℹ 2. Convergence diagnostics...
ℹ *** [Parameter: Beta] ***
ℹ Computation of traceplots, can take some time...
ℹ Traceplots saved!
ℹ -> Effective size:
ℹ 165 (100%) are good, 0 (0%) are acceptable and 0 (0%) are bad.
ℹ -> Gelman-Rubin convergence diagnostic:
ℹ 165 (100%) are good, 0 (0%) are acceptable and 0 (0%) are bad.
ℹ -> Autocorrelation:
ℹ [Lag 20]:
ℹ 134 (81.21%) are good and 31 (18.79%) are bad.
ℹ [Lag 50]:
ℹ 164 (99.39%) are good and 1 (0.61%) are bad.

ℹ 3. Performance evaluation...
ℹ Computing training scores...
ℹ Computing testing scores...
ℹ Saving scores...
✔ Scores saved!

ℹ 4. Associations...
✔ Model ran without errors!

! ----- Running loop: 95/180 -----
ℹ - Random effect: none
ℹ - Strategy: none
ℹ - New samples: 0
ℹ - Train size: 100
ℹ - N variables: 6
ℹ - K-fold: 6

ℹ 0. Setting up path...

ℹ 1. Fitting model...
ℹ Preparing training set for HMSC...
ℹ Creation of Hmsc object without random effects...
✔ Created Hmsc object!

ℹ Started fitting at: 2026-08-10 17:11:14.045686
! Cannot display fitting progress when running chains in parallel.
! Set `allow_parallel` to `FALSE` to see progress.
ℹ Completed fitting at: 2026-08-10 17:11:43.624718
ℹ Time elapsed: 29.58
ℹ Saving model...
✔ Model saved!

ℹ 2. Convergence diagnostics...
ℹ *** [Parameter: Beta] ***
ℹ Computation of traceplots, can take some time...
ℹ Traceplots saved!
ℹ -> Effective size:
ℹ 165 (100%) are good, 0 (0%) are acceptable and 0 (0%) are bad.
ℹ -> Gelman-Rubin convergence diagnostic:
ℹ 165 (100%) are good, 0 (0%) are acceptable and 0 (0%) are bad.
ℹ -> Autocorrelation:
ℹ [Lag 20]:
ℹ 128 (77.58%) are good and 37 (22.42%) are bad.
ℹ [Lag 50]:
ℹ 162 (98.18%) are good and 3 (1.82%) are bad.

ℹ 3. Performance evaluation...
ℹ Computing training scores...
ℹ Computing testing scores...
ℹ Saving scores...
✔ Scores saved!

ℹ 4. Associations...
✔ Model ran without errors!

! ----- Running loop: 96/180 -----
ℹ - Random effect: none
ℹ - Strategy: none
ℹ - New samples: 0
ℹ - Train size: 125
ℹ - N variables: 6
ℹ - K-fold: 6

ℹ 0. Setting up path...

ℹ 1. Fitting model...
ℹ Preparing training set for HMSC...
ℹ Creation of Hmsc object without random effects...
✔ Created Hmsc object!

ℹ Started fitting at: 2026-08-10 17:13:16.270557
! Cannot display fitting progress when running chains in parallel.
! Set `allow_parallel` to `FALSE` to see progress.
ℹ Completed fitting at: 2026-08-10 17:13:41.77991
ℹ Time elapsed: 25.51
ℹ Saving model...
✔ Model saved!

ℹ 2. Convergence diagnostics...
ℹ *** [Parameter: Beta] ***
ℹ Computation of traceplots, can take some time...
ℹ Traceplots saved!
ℹ -> Effective size:
ℹ 165 (100%) are good, 0 (0%) are acceptable and 0 (0%) are bad.
ℹ -> Gelman-Rubin convergence diagnostic:
ℹ 165 (100%) are good, 0 (0%) are acceptable and 0 (0%) are bad.
ℹ -> Autocorrelation:
ℹ [Lag 20]:
ℹ 134 (81.21%) are good and 31 (18.79%) are bad.
ℹ [Lag 50]:
ℹ 161 (97.58%) are good and 4 (2.42%) are bad.

ℹ 3. Performance evaluation...
ℹ Computing training scores...
ℹ Computing testing scores...
ℹ Saving scores...
✔ Scores saved!

ℹ 4. Associations...
✔ Model ran without errors!

! ----- Running loop: 97/180 -----
ℹ - Random effect: none
ℹ - Strategy: none
ℹ - New samples: 0
ℹ - Train size: 125
ℹ - N variables: 3
ℹ - K-fold: 6

ℹ 0. Setting up path...

ℹ 1. Fitting model...
ℹ Preparing training set for HMSC...
ℹ Creation of Hmsc object without random effects...
✔ Created Hmsc object!

ℹ Started fitting at: 2026-08-10 17:15:15.345246
! Cannot display fitting progress when running chains in parallel.
! Set `allow_parallel` to `FALSE` to see progress.
ℹ Completed fitting at: 2026-08-10 17:15:39.612304
ℹ Time elapsed: 24.27
ℹ Saving model...
✔ Model saved!

ℹ 2. Convergence diagnostics...
ℹ *** [Parameter: Beta] ***
ℹ Computation of traceplots, can take some time...
ℹ Traceplots saved!
ℹ -> Effective size:
ℹ 120 (100%) are good, 0 (0%) are acceptable and 0 (0%) are bad.
ℹ -> Gelman-Rubin convergence diagnostic:
ℹ 120 (100%) are good, 0 (0%) are acceptable and 0 (0%) are bad.
ℹ -> Autocorrelation:
ℹ [Lag 20]:
ℹ 83 (69.17%) are good and 37 (30.83%) are bad.
ℹ [Lag 50]:
ℹ 114 (95%) are good and 6 (5%) are bad.

ℹ 3. Performance evaluation...
ℹ Computing training scores...
ℹ Computing testing scores...
ℹ Saving scores...
✔ Scores saved!

ℹ 4. Associations...
✔ Model ran without errors!

! ----- Running loop: 98/180 -----
ℹ - Random effect: none
ℹ - Strategy: none
ℹ - New samples: 0
ℹ - Train size: 125
ℹ - N variables: 2
ℹ - K-fold: 6

ℹ 0. Setting up path...

ℹ 1. Fitting model...
ℹ Preparing training set for HMSC...
ℹ Creation of Hmsc object without random effects...
✔ Created Hmsc object!

ℹ Started fitting at: 2026-08-10 17:16:56.2334
! Cannot display fitting progress when running chains in parallel.
! Set `allow_parallel` to `FALSE` to see progress.
ℹ Completed fitting at: 2026-08-10 17:17:19.577033
ℹ Time elapsed: 23.34
ℹ Saving model...
✔ Model saved!

ℹ 2. Convergence diagnostics...
ℹ *** [Parameter: Beta] ***
ℹ Computation of traceplots, can take some time...
ℹ Traceplots saved!
ℹ -> Effective size:
ℹ 104 (99.05%) are good, 1 (0.95%) are acceptable and 0 (0%) are bad.
ℹ -> Gelman-Rubin convergence diagnostic:
ℹ 105 (100%) are good, 0 (0%) are acceptable and 0 (0%) are bad.
ℹ -> Autocorrelation:
ℹ [Lag 20]:
ℹ 67 (63.81%) are good and 38 (36.19%) are bad.
ℹ [Lag 50]:
ℹ 99 (94.29%) are good and 6 (5.71%) are bad.

ℹ 3. Performance evaluation...
ℹ Computing training scores...
ℹ Computing testing scores...
ℹ Saving scores...
✔ Scores saved!

ℹ 4. Associations...
✔ Model ran without errors!

! ----- Running loop: 99/180 -----
ℹ - Random effect: units
ℹ - Strategy: none
ℹ - New samples: 0
ℹ - Train size: 125
ℹ - N variables: 6
ℹ - K-fold: 6

ℹ 0. Setting up path...

ℹ 1. Fitting model...
ℹ Preparing training set for HMSC...
ℹ Creation of Hmsc object with 'units' effect...
✔ Created Hmsc object!

ℹ Started fitting at: 2026-08-10 17:18:30.398471
! Cannot display fitting progress when running chains in parallel.
! Set `allow_parallel` to `FALSE` to see progress.
ℹ Completed fitting at: 2026-08-10 17:19:16.405709
ℹ Time elapsed: 46.01
ℹ Saving model...
✔ Model saved!

ℹ 2. Convergence diagnostics...
ℹ *** [Parameter: Beta] ***
ℹ Computation of traceplots, can take some time...
ℹ Traceplots saved!
ℹ -> Effective size:
ℹ 165 (100%) are good, 0 (0%) are acceptable and 0 (0%) are bad.
ℹ -> Gelman-Rubin convergence diagnostic:
ℹ 165 (100%) are good, 0 (0%) are acceptable and 0 (0%) are bad.
ℹ -> Autocorrelation:
ℹ [Lag 20]:
ℹ 125 (75.76%) are good and 40 (24.24%) are bad.
ℹ [Lag 50]:
ℹ 161 (97.58%) are good and 4 (2.42%) are bad.
ℹ *** [Parameter: Omega] ***
ℹ Computation of traceplots, can take some time...
ℹ Traceplots saved!
ℹ -> Effective size:
ℹ 223 (99.11%) are good, 2 (0.89%) are acceptable and 0 (0%) are bad.
ℹ -> Gelman-Rubin convergence diagnostic:
ℹ 212 (94.22%) are good, 11 (4.89%) are acceptable and 2 (0.89%) are bad.
ℹ -> Autocorrelation:
ℹ [Lag 20]:
ℹ 129 (57.33%) are good and 96 (42.67%) are bad.
ℹ [Lag 50]:
ℹ 189 (84%) are good and 36 (16%) are bad.

ℹ 3. Performance evaluation...
ℹ Computing training scores...
ℹ Computing testing scores...
ℹ Saving scores...
✔ Scores saved!

ℹ 4. Associations...
✔ Model ran without errors!

! ----- Running loop: 100/180 -----
ℹ - Random effect: none
ℹ - Strategy: none
ℹ - New samples: 0
ℹ - Train size: 125
ℹ - N variables: 6
ℹ - K-fold: 6

ℹ 0. Setting up path...
ℹ Model already fitted! Skipping...

! ----- Running loop: 101/180 -----
ℹ - Random effect: none
ℹ - Strategy: business-as-usual
ℹ - New samples: 50
ℹ - Train size: 125
ℹ - N variables: 6
ℹ - K-fold: 6

ℹ 0. Setting up path...
ℹ Pulling 50 new random samples...

ℹ 1. Fitting model...
ℹ Preparing training set for HMSC...
ℹ Creation of Hmsc object without random effects...
✔ Created Hmsc object!

ℹ Started fitting at: 2026-08-10 17:21:47.374082
! Cannot display fitting progress when running chains in parallel.
! Set `allow_parallel` to `FALSE` to see progress.
ℹ Completed fitting at: 2026-08-10 17:22:14.470743
ℹ Time elapsed: 27.1
ℹ Saving model...
✔ Model saved!

ℹ 2. Convergence diagnostics...
ℹ *** [Parameter: Beta] ***
ℹ Computation of traceplots, can take some time...
ℹ Traceplots saved!
ℹ -> Effective size:
ℹ 165 (100%) are good, 0 (0%) are acceptable and 0 (0%) are bad.
ℹ -> Gelman-Rubin convergence diagnostic:
ℹ 165 (100%) are good, 0 (0%) are acceptable and 0 (0%) are bad.
ℹ -> Autocorrelation:
ℹ [Lag 20]:
ℹ 143 (86.67%) are good and 22 (13.33%) are bad.
ℹ [Lag 50]:
ℹ 159 (96.36%) are good and 6 (3.64%) are bad.

ℹ 3. Performance evaluation...
ℹ Computing training scores...
ℹ Computing testing scores...
ℹ Saving scores...
✔ Scores saved!

ℹ 4. Associations...
✔ Model ran without errors!

! ----- Running loop: 102/180 -----
ℹ - Random effect: none
ℹ - Strategy: gap-filling
ℹ - New samples: 50
ℹ - Train size: 125
ℹ - N variables: 6
ℹ - K-fold: 6

ℹ 0. Setting up path...
ℹ Searching for the most distant points...

ℹ 1. Fitting model...
ℹ Preparing training set for HMSC...
ℹ Creation of Hmsc object without random effects...
✔ Created Hmsc object!

ℹ Started fitting at: 2026-08-10 17:25:01.808085
! Cannot display fitting progress when running chains in parallel.
! Set `allow_parallel` to `FALSE` to see progress.
ℹ Completed fitting at: 2026-08-10 17:25:28.595107
ℹ Time elapsed: 26.79
ℹ Saving model...
✔ Model saved!

ℹ 2. Convergence diagnostics...
ℹ *** [Parameter: Beta] ***
ℹ Computation of traceplots, can take some time...
ℹ Traceplots saved!
ℹ -> Effective size:
ℹ 165 (100%) are good, 0 (0%) are acceptable and 0 (0%) are bad.
ℹ -> Gelman-Rubin convergence diagnostic:
ℹ 165 (100%) are good, 0 (0%) are acceptable and 0 (0%) are bad.
ℹ -> Autocorrelation:
ℹ [Lag 20]:
ℹ 137 (83.03%) are good and 28 (16.97%) are bad.
ℹ [Lag 50]:
ℹ 162 (98.18%) are good and 3 (1.82%) are bad.

ℹ 3. Performance evaluation...
ℹ Computing training scores...
ℹ Computing testing scores...
ℹ Saving scores...
✔ Scores saved!

ℹ 4. Associations...
✔ Model ran without errors!

! ----- Running loop: 103/180 -----
ℹ - Random effect: none
ℹ - Strategy: simplified-uncertainty
ℹ - New samples: 50
ℹ - Train size: 125
ℹ - N variables: 6
ℹ - K-fold: 6

ℹ 0. Setting up path...
! Running simplified-uncertainty...

ℹ 1. Fitting model...
ℹ Preparing training set for HMSC...
ℹ Creation of Hmsc object without random effects...
✔ Created Hmsc object!

ℹ Started fitting at: 2026-08-10 17:28:20.800256
! Cannot display fitting progress when running chains in parallel.
! Set `allow_parallel` to `FALSE` to see progress.
ℹ Completed fitting at: 2026-08-10 17:28:47.94079
ℹ Time elapsed: 27.14
ℹ Saving model...
✔ Model saved!

ℹ 2. Convergence diagnostics...
ℹ *** [Parameter: Beta] ***
ℹ Computation of traceplots, can take some time...
ℹ Traceplots saved!
ℹ -> Effective size:
ℹ 165 (100%) are good, 0 (0%) are acceptable and 0 (0%) are bad.
ℹ -> Gelman-Rubin convergence diagnostic:
ℹ 165 (100%) are good, 0 (0%) are acceptable and 0 (0%) are bad.
ℹ -> Autocorrelation:
ℹ [Lag 20]:
ℹ 149 (90.3%) are good and 16 (9.7%) are bad.
ℹ [Lag 50]:
ℹ 161 (97.58%) are good and 4 (2.42%) are bad.

ℹ 3. Performance evaluation...
ℹ Computing training scores...
ℹ Computing testing scores...
ℹ Saving scores...
✔ Scores saved!

ℹ 4. Associations...
✔ Model ran without errors!

! ----- Running loop: 104/180 -----
ℹ - Random effect: none
ℹ - Strategy: none
ℹ - New samples: 0
ℹ - Train size: 125
ℹ - N variables: 6
ℹ - K-fold: 6

ℹ 0. Setting up path...
ℹ Model already fitted! Skipping...

! ----- Running loop: 105/180 -----
ℹ - Random effect: none
ℹ - Strategy: simplified-uncertainty
ℹ - New samples: 10
ℹ - Train size: 125
ℹ - N variables: 6
ℹ - K-fold: 6

ℹ 0. Setting up path...
! Running simplified-uncertainty...

ℹ 1. Fitting model...
ℹ Preparing training set for HMSC...
ℹ Creation of Hmsc object without random effects...
✔ Created Hmsc object!

ℹ Started fitting at: 2026-08-10 17:31:39.174573
! Cannot display fitting progress when running chains in parallel.
! Set `allow_parallel` to `FALSE` to see progress.
ℹ Completed fitting at: 2026-08-10 17:32:05.746744
ℹ Time elapsed: 26.57
ℹ Saving model...
✔ Model saved!

ℹ 2. Convergence diagnostics...
ℹ *** [Parameter: Beta] ***
ℹ Computation of traceplots, can take some time...
ℹ Traceplots saved!
ℹ -> Effective size:
ℹ 165 (100%) are good, 0 (0%) are acceptable and 0 (0%) are bad.
ℹ -> Gelman-Rubin convergence diagnostic:
ℹ 165 (100%) are good, 0 (0%) are acceptable and 0 (0%) are bad.
ℹ -> Autocorrelation:
ℹ [Lag 20]:
ℹ 141 (85.45%) are good and 24 (14.55%) are bad.
ℹ [Lag 50]:
ℹ 162 (98.18%) are good and 3 (1.82%) are bad.

ℹ 3. Performance evaluation...
ℹ Computing training scores...
ℹ Computing testing scores...
ℹ Saving scores...
✔ Scores saved!

ℹ 4. Associations...
✔ Model ran without errors!

! ----- Running loop: 106/180 -----
ℹ - Random effect: none
ℹ - Strategy: simplified-uncertainty
ℹ - New samples: 25
ℹ - Train size: 125
ℹ - N variables: 6
ℹ - K-fold: 6

ℹ 0. Setting up path...
! Running simplified-uncertainty...

ℹ 1. Fitting model...
ℹ Preparing training set for HMSC...
ℹ Creation of Hmsc object without random effects...
✔ Created Hmsc object!

ℹ Started fitting at: 2026-08-10 17:34:55.550981
! Cannot display fitting progress when running chains in parallel.
! Set `allow_parallel` to `FALSE` to see progress.
ℹ Completed fitting at: 2026-08-10 17:35:21.393891
ℹ Time elapsed: 25.84
ℹ Saving model...
✔ Model saved!

ℹ 2. Convergence diagnostics...
ℹ *** [Parameter: Beta] ***
ℹ Computation of traceplots, can take some time...
ℹ Traceplots saved!
ℹ -> Effective size:
ℹ 165 (100%) are good, 0 (0%) are acceptable and 0 (0%) are bad.
ℹ -> Gelman-Rubin convergence diagnostic:
ℹ 165 (100%) are good, 0 (0%) are acceptable and 0 (0%) are bad.
ℹ -> Autocorrelation:
ℹ [Lag 20]:
ℹ 147 (89.09%) are good and 18 (10.91%) are bad.
ℹ [Lag 50]:
ℹ 161 (97.58%) are good and 4 (2.42%) are bad.

ℹ 3. Performance evaluation...
ℹ Computing training scores...
ℹ Computing testing scores...
ℹ Saving scores...
✔ Scores saved!

ℹ 4. Associations...
✔ Model ran without errors!

! ----- Running loop: 107/180 -----
ℹ - Random effect: none
ℹ - Strategy: simplified-uncertainty
ℹ - New samples: 100
ℹ - Train size: 125
ℹ - N variables: 6
ℹ - K-fold: 6

ℹ 0. Setting up path...
! Running simplified-uncertainty...

ℹ 1. Fitting model...
ℹ Preparing training set for HMSC...
ℹ Creation of Hmsc object without random effects...
✔ Created Hmsc object!

ℹ Started fitting at: 2026-08-10 17:38:12.712182
! Cannot display fitting progress when running chains in parallel.
! Set `allow_parallel` to `FALSE` to see progress.
ℹ Completed fitting at: 2026-08-10 17:38:41.466923
ℹ Time elapsed: 28.75
ℹ Saving model...
✔ Model saved!

ℹ 2. Convergence diagnostics...
ℹ *** [Parameter: Beta] ***
ℹ Computation of traceplots, can take some time...
ℹ Traceplots saved!
ℹ -> Effective size:
ℹ 165 (100%) are good, 0 (0%) are acceptable and 0 (0%) are bad.
ℹ -> Gelman-Rubin convergence diagnostic:
ℹ 165 (100%) are good, 0 (0%) are acceptable and 0 (0%) are bad.
ℹ -> Autocorrelation:
ℹ [Lag 20]:
ℹ 147 (89.09%) are good and 18 (10.91%) are bad.
ℹ [Lag 50]:
ℹ 161 (97.58%) are good and 4 (2.42%) are bad.

ℹ 3. Performance evaluation...
ℹ Computing training scores...
ℹ Computing testing scores...
ℹ Saving scores...
✔ Scores saved!

ℹ 4. Associations...
✔ Model ran without errors!

! ----- Running loop: 108/180 -----
ℹ - Random effect: none
ℹ - Strategy: simplified-uncertainty
ℹ - New samples: 150
ℹ - Train size: 125
ℹ - N variables: 6
ℹ - K-fold: 6

ℹ 0. Setting up path...
! Running simplified-uncertainty...

ℹ 1. Fitting model...
ℹ Preparing training set for HMSC...
ℹ Creation of Hmsc object without random effects...
✔ Created Hmsc object!

ℹ Started fitting at: 2026-08-10 17:41:31.329906
! Cannot display fitting progress when running chains in parallel.
! Set `allow_parallel` to `FALSE` to see progress.
ℹ Completed fitting at: 2026-08-10 17:42:01.983267
ℹ Time elapsed: 30.65
ℹ Saving model...
✔ Model saved!

ℹ 2. Convergence diagnostics...
ℹ *** [Parameter: Beta] ***
ℹ Computation of traceplots, can take some time...
ℹ Traceplots saved!
ℹ -> Effective size:
ℹ 165 (100%) are good, 0 (0%) are acceptable and 0 (0%) are bad.
ℹ -> Gelman-Rubin convergence diagnostic:
ℹ 165 (100%) are good, 0 (0%) are acceptable and 0 (0%) are bad.
ℹ -> Autocorrelation:
ℹ [Lag 20]:
ℹ 149 (90.3%) are good and 16 (9.7%) are bad.
ℹ [Lag 50]:
ℹ 161 (97.58%) are good and 4 (2.42%) are bad.

ℹ 3. Performance evaluation...
ℹ Computing training scores...
ℹ Computing testing scores...
ℹ Saving scores...
✔ Scores saved!

ℹ 4. Associations...
✔ Model ran without errors!

! ----- Running loop: 109/180 -----
ℹ - Random effect: none
ℹ - Strategy: none
ℹ - New samples: 0
ℹ - Train size: 15
ℹ - N variables: 6
ℹ - K-fold: 7

ℹ 0. Setting up path...

ℹ 1. Fitting model...
ℹ Preparing training set for HMSC...
ℹ Creation of Hmsc object without random effects...
✔ Created Hmsc object!

ℹ Started fitting at: 2026-08-10 17:44:43.243928
! Cannot display fitting progress when running chains in parallel.
! Set `allow_parallel` to `FALSE` to see progress.
ℹ Completed fitting at: 2026-08-10 17:45:05.299313
ℹ Time elapsed: 22.06
ℹ Saving model...
✔ Model saved!

ℹ 2. Convergence diagnostics...
ℹ *** [Parameter: Beta] ***
ℹ Computation of traceplots, can take some time...
ℹ Traceplots saved!
ℹ -> Effective size:
ℹ 165 (100%) are good, 0 (0%) are acceptable and 0 (0%) are bad.
ℹ -> Gelman-Rubin convergence diagnostic:
ℹ 159 (96.36%) are good, 4 (2.42%) are acceptable and 2 (1.21%) are bad.
ℹ -> Autocorrelation:
ℹ [Lag 20]:
ℹ 42 (25.45%) are good and 123 (74.55%) are bad.
ℹ [Lag 50]:
ℹ 86 (52.12%) are good and 79 (47.88%) are bad.

ℹ 3. Performance evaluation...
ℹ Computing training scores...
ℹ Computing testing scores...
ℹ Saving scores...
✔ Scores saved!

ℹ 4. Associations...
✔ Model ran without errors!

! ----- Running loop: 110/180 -----
ℹ - Random effect: none
ℹ - Strategy: none
ℹ - New samples: 0
ℹ - Train size: 25
ℹ - N variables: 6
ℹ - K-fold: 7

ℹ 0. Setting up path...

ℹ 1. Fitting model...
ℹ Preparing training set for HMSC...
ℹ Creation of Hmsc object without random effects...
✔ Created Hmsc object!

ℹ Started fitting at: 2026-08-10 17:46:39.333057
! Cannot display fitting progress when running chains in parallel.
! Set `allow_parallel` to `FALSE` to see progress.
ℹ Completed fitting at: 2026-08-10 17:47:02.165411
ℹ Time elapsed: 22.83
ℹ Saving model...
✔ Model saved!

ℹ 2. Convergence diagnostics...
ℹ *** [Parameter: Beta] ***
ℹ Computation of traceplots, can take some time...
ℹ Traceplots saved!
ℹ -> Effective size:
ℹ 165 (100%) are good, 0 (0%) are acceptable and 0 (0%) are bad.
ℹ -> Gelman-Rubin convergence diagnostic:
ℹ 165 (100%) are good, 0 (0%) are acceptable and 0 (0%) are bad.
ℹ -> Autocorrelation:
ℹ [Lag 20]:
ℹ 66 (40%) are good and 99 (60%) are bad.
ℹ [Lag 50]:
ℹ 154 (93.33%) are good and 11 (6.67%) are bad.

ℹ 3. Performance evaluation...
ℹ Computing training scores...
ℹ Computing testing scores...
ℹ Saving scores...
✔ Scores saved!

ℹ 4. Associations...
✔ Model ran without errors!

! ----- Running loop: 111/180 -----
ℹ - Random effect: none
ℹ - Strategy: none
ℹ - New samples: 0
ℹ - Train size: 50
ℹ - N variables: 6
ℹ - K-fold: 7

ℹ 0. Setting up path...

ℹ 1. Fitting model...
ℹ Preparing training set for HMSC...
ℹ Creation of Hmsc object without random effects...
✔ Created Hmsc object!

ℹ Started fitting at: 2026-08-10 17:48:34.919777
! Cannot display fitting progress when running chains in parallel.
! Set `allow_parallel` to `FALSE` to see progress.
ℹ Completed fitting at: 2026-08-10 17:48:58.243759
ℹ Time elapsed: 23.32
ℹ Saving model...
✔ Model saved!

ℹ 2. Convergence diagnostics...
ℹ *** [Parameter: Beta] ***
ℹ Computation of traceplots, can take some time...
ℹ Traceplots saved!
ℹ -> Effective size:
ℹ 165 (100%) are good, 0 (0%) are acceptable and 0 (0%) are bad.
ℹ -> Gelman-Rubin convergence diagnostic:
ℹ 165 (100%) are good, 0 (0%) are acceptable and 0 (0%) are bad.
ℹ -> Autocorrelation:
ℹ [Lag 20]:
ℹ 125 (75.76%) are good and 40 (24.24%) are bad.
ℹ [Lag 50]:
ℹ 163 (98.79%) are good and 2 (1.21%) are bad.

ℹ 3. Performance evaluation...
ℹ Computing training scores...
ℹ Computing testing scores...
ℹ Saving scores...
✔ Scores saved!

ℹ 4. Associations...
✔ Model ran without errors!

! ----- Running loop: 112/180 -----
ℹ - Random effect: none
ℹ - Strategy: none
ℹ - New samples: 0
ℹ - Train size: 75
ℹ - N variables: 6
ℹ - K-fold: 7

ℹ 0. Setting up path...

ℹ 1. Fitting model...
ℹ Preparing training set for HMSC...
ℹ Creation of Hmsc object without random effects...
✔ Created Hmsc object!

ℹ Started fitting at: 2026-08-10 17:50:30.691529
! Cannot display fitting progress when running chains in parallel.
! Set `allow_parallel` to `FALSE` to see progress.
ℹ Completed fitting at: 2026-08-10 17:50:55.018829
ℹ Time elapsed: 24.33
ℹ Saving model...
✔ Model saved!

ℹ 2. Convergence diagnostics...
ℹ *** [Parameter: Beta] ***
ℹ Computation of traceplots, can take some time...
ℹ Traceplots saved!
ℹ -> Effective size:
ℹ 165 (100%) are good, 0 (0%) are acceptable and 0 (0%) are bad.
ℹ -> Gelman-Rubin convergence diagnostic:
ℹ 165 (100%) are good, 0 (0%) are acceptable and 0 (0%) are bad.
ℹ -> Autocorrelation:
ℹ [Lag 20]:
ℹ 143 (86.67%) are good and 22 (13.33%) are bad.
ℹ [Lag 50]:
ℹ 164 (99.39%) are good and 1 (0.61%) are bad.

ℹ 3. Performance evaluation...
ℹ Computing training scores...
ℹ Computing testing scores...
ℹ Saving scores...
✔ Scores saved!

ℹ 4. Associations...
✔ Model ran without errors!

! ----- Running loop: 113/180 -----
ℹ - Random effect: none
ℹ - Strategy: none
ℹ - New samples: 0
ℹ - Train size: 100
ℹ - N variables: 6
ℹ - K-fold: 7

ℹ 0. Setting up path...

ℹ 1. Fitting model...
ℹ Preparing training set for HMSC...
ℹ Creation of Hmsc object without random effects...
✔ Created Hmsc object!

ℹ Started fitting at: 2026-08-10 17:52:26.803272
! Cannot display fitting progress when running chains in parallel.
! Set `allow_parallel` to `FALSE` to see progress.
ℹ Completed fitting at: 2026-08-10 17:52:51.704871
ℹ Time elapsed: 24.9
ℹ Saving model...
✔ Model saved!

ℹ 2. Convergence diagnostics...
ℹ *** [Parameter: Beta] ***
ℹ Computation of traceplots, can take some time...
ℹ Traceplots saved!
ℹ -> Effective size:
ℹ 165 (100%) are good, 0 (0%) are acceptable and 0 (0%) are bad.
ℹ -> Gelman-Rubin convergence diagnostic:
ℹ 165 (100%) are good, 0 (0%) are acceptable and 0 (0%) are bad.
ℹ -> Autocorrelation:
ℹ [Lag 20]:
ℹ 146 (88.48%) are good and 19 (11.52%) are bad.
ℹ [Lag 50]:
ℹ 165 (100%) are good and 0 (0%) are bad.

ℹ 3. Performance evaluation...
ℹ Computing training scores...
ℹ Computing testing scores...
ℹ Saving scores...
✔ Scores saved!

ℹ 4. Associations...
✔ Model ran without errors!

! ----- Running loop: 114/180 -----
ℹ - Random effect: none
ℹ - Strategy: none
ℹ - New samples: 0
ℹ - Train size: 125
ℹ - N variables: 6
ℹ - K-fold: 7

ℹ 0. Setting up path...

ℹ 1. Fitting model...
ℹ Preparing training set for HMSC...
ℹ Creation of Hmsc object without random effects...
✔ Created Hmsc object!

ℹ Started fitting at: 2026-08-10 17:54:24.288337
! Cannot display fitting progress when running chains in parallel.
! Set `allow_parallel` to `FALSE` to see progress.
ℹ Completed fitting at: 2026-08-10 17:54:49.868533
ℹ Time elapsed: 25.58
ℹ Saving model...
✔ Model saved!

ℹ 2. Convergence diagnostics...
ℹ *** [Parameter: Beta] ***
ℹ Computation of traceplots, can take some time...
ℹ Traceplots saved!
ℹ -> Effective size:
ℹ 165 (100%) are good, 0 (0%) are acceptable and 0 (0%) are bad.
ℹ -> Gelman-Rubin convergence diagnostic:
ℹ 165 (100%) are good, 0 (0%) are acceptable and 0 (0%) are bad.
ℹ -> Autocorrelation:
ℹ [Lag 20]:
ℹ 146 (88.48%) are good and 19 (11.52%) are bad.
ℹ [Lag 50]:
ℹ 165 (100%) are good and 0 (0%) are bad.

ℹ 3. Performance evaluation...
ℹ Computing training scores...
ℹ Computing testing scores...
ℹ Saving scores...
✔ Scores saved!

ℹ 4. Associations...
✔ Model ran without errors!

! ----- Running loop: 115/180 -----
ℹ - Random effect: none
ℹ - Strategy: none
ℹ - New samples: 0
ℹ - Train size: 125
ℹ - N variables: 3
ℹ - K-fold: 7

ℹ 0. Setting up path...

ℹ 1. Fitting model...
ℹ Preparing training set for HMSC...
ℹ Creation of Hmsc object without random effects...
✔ Created Hmsc object!

ℹ Started fitting at: 2026-08-10 17:56:22.408921
! Cannot display fitting progress when running chains in parallel.
! Set `allow_parallel` to `FALSE` to see progress.
ℹ Completed fitting at: 2026-08-10 17:56:51.845824
ℹ Time elapsed: 29.44
ℹ Saving model...
✔ Model saved!

ℹ 2. Convergence diagnostics...
ℹ *** [Parameter: Beta] ***
ℹ Computation of traceplots, can take some time...
ℹ Traceplots saved!
ℹ -> Effective size:
ℹ 120 (100%) are good, 0 (0%) are acceptable and 0 (0%) are bad.
ℹ -> Gelman-Rubin convergence diagnostic:
ℹ 120 (100%) are good, 0 (0%) are acceptable and 0 (0%) are bad.
ℹ -> Autocorrelation:
ℹ [Lag 20]:
ℹ 104 (86.67%) are good and 16 (13.33%) are bad.
ℹ [Lag 50]:
ℹ 119 (99.17%) are good and 1 (0.83%) are bad.

ℹ 3. Performance evaluation...
ℹ Computing training scores...
ℹ Computing testing scores...
ℹ Saving scores...
✔ Scores saved!

ℹ 4. Associations...
✔ Model ran without errors!

! ----- Running loop: 116/180 -----
ℹ - Random effect: none
ℹ - Strategy: none
ℹ - New samples: 0
ℹ - Train size: 125
ℹ - N variables: 2
ℹ - K-fold: 7

ℹ 0. Setting up path...

ℹ 1. Fitting model...
ℹ Preparing training set for HMSC...
ℹ Creation of Hmsc object without random effects...
✔ Created Hmsc object!

ℹ Started fitting at: 2026-08-10 17:58:06.865469
! Cannot display fitting progress when running chains in parallel.
! Set `allow_parallel` to `FALSE` to see progress.
ℹ Completed fitting at: 2026-08-10 17:58:35.740431
ℹ Time elapsed: 28.87
ℹ Saving model...
✔ Model saved!

ℹ 2. Convergence diagnostics...
ℹ *** [Parameter: Beta] ***
ℹ Computation of traceplots, can take some time...
ℹ Traceplots saved!
ℹ -> Effective size:
ℹ 105 (100%) are good, 0 (0%) are acceptable and 0 (0%) are bad.
ℹ -> Gelman-Rubin convergence diagnostic:
ℹ 105 (100%) are good, 0 (0%) are acceptable and 0 (0%) are bad.
ℹ -> Autocorrelation:
ℹ [Lag 20]:
ℹ 90 (85.71%) are good and 15 (14.29%) are bad.
ℹ [Lag 50]:
ℹ 105 (100%) are good and 0 (0%) are bad.

ℹ 3. Performance evaluation...
ℹ Computing training scores...
ℹ Computing testing scores...
ℹ Saving scores...
✔ Scores saved!

ℹ 4. Associations...
✔ Model ran without errors!

! ----- Running loop: 117/180 -----
ℹ - Random effect: units
ℹ - Strategy: none
ℹ - New samples: 0
ℹ - Train size: 125
ℹ - N variables: 6
ℹ - K-fold: 7

ℹ 0. Setting up path...

ℹ 1. Fitting model...
ℹ Preparing training set for HMSC...
ℹ Creation of Hmsc object with 'units' effect...
✔ Created Hmsc object!

ℹ Started fitting at: 2026-08-10 17:59:45.043587
! Cannot display fitting progress when running chains in parallel.
! Set `allow_parallel` to `FALSE` to see progress.
ℹ Completed fitting at: 2026-08-10 18:00:25.3739
ℹ Time elapsed: 40.33
ℹ Saving model...
✔ Model saved!

ℹ 2. Convergence diagnostics...
ℹ *** [Parameter: Beta] ***
ℹ Computation of traceplots, can take some time...
ℹ Traceplots saved!
ℹ -> Effective size:
ℹ 165 (100%) are good, 0 (0%) are acceptable and 0 (0%) are bad.
ℹ -> Gelman-Rubin convergence diagnostic:
ℹ 165 (100%) are good, 0 (0%) are acceptable and 0 (0%) are bad.
ℹ -> Autocorrelation:
ℹ [Lag 20]:
ℹ 144 (87.27%) are good and 21 (12.73%) are bad.
ℹ [Lag 50]:
ℹ 164 (99.39%) are good and 1 (0.61%) are bad.
ℹ *** [Parameter: Omega] ***
ℹ Computation of traceplots, can take some time...
ℹ Traceplots saved!
ℹ -> Effective size:
ℹ 221 (98.22%) are good, 4 (1.78%) are acceptable and 0 (0%) are bad.
ℹ -> Gelman-Rubin convergence diagnostic:
ℹ 219 (97.33%) are good, 1 (0.44%) are acceptable and 5 (2.22%) are bad.
ℹ -> Autocorrelation:
ℹ [Lag 20]:
ℹ 142 (63.11%) are good and 83 (36.89%) are bad.
ℹ [Lag 50]:
ℹ 187 (83.11%) are good and 38 (16.89%) are bad.

ℹ 3. Performance evaluation...
ℹ Computing training scores...
ℹ Computing testing scores...
ℹ Saving scores...
✔ Scores saved!

ℹ 4. Associations...
✔ Model ran without errors!

! ----- Running loop: 118/180 -----
ℹ - Random effect: none
ℹ - Strategy: none
ℹ - New samples: 0
ℹ - Train size: 125
ℹ - N variables: 6
ℹ - K-fold: 7

ℹ 0. Setting up path...
ℹ Model already fitted! Skipping...

! ----- Running loop: 119/180 -----
ℹ - Random effect: none
ℹ - Strategy: business-as-usual
ℹ - New samples: 50
ℹ - Train size: 125
ℹ - N variables: 6
ℹ - K-fold: 7

ℹ 0. Setting up path...
ℹ Pulling 50 new random samples...

ℹ 1. Fitting model...
ℹ Preparing training set for HMSC...
ℹ Creation of Hmsc object without random effects...
✔ Created Hmsc object!

ℹ Started fitting at: 2026-08-10 18:02:56.544359
! Cannot display fitting progress when running chains in parallel.
! Set `allow_parallel` to `FALSE` to see progress.
ℹ Completed fitting at: 2026-08-10 18:03:23.78386
ℹ Time elapsed: 27.24
ℹ Saving model...
✔ Model saved!

ℹ 2. Convergence diagnostics...
ℹ *** [Parameter: Beta] ***
ℹ Computation of traceplots, can take some time...
ℹ Traceplots saved!
ℹ -> Effective size:
ℹ 165 (100%) are good, 0 (0%) are acceptable and 0 (0%) are bad.
ℹ -> Gelman-Rubin convergence diagnostic:
ℹ 165 (100%) are good, 0 (0%) are acceptable and 0 (0%) are bad.
ℹ -> Autocorrelation:
ℹ [Lag 20]:
ℹ 147 (89.09%) are good and 18 (10.91%) are bad.
ℹ [Lag 50]:
ℹ 164 (99.39%) are good and 1 (0.61%) are bad.

ℹ 3. Performance evaluation...
ℹ Computing training scores...
ℹ Computing testing scores...
ℹ Saving scores...
✔ Scores saved!

ℹ 4. Associations...
✔ Model ran without errors!

! ----- Running loop: 120/180 -----
ℹ - Random effect: none
ℹ - Strategy: gap-filling
ℹ - New samples: 50
ℹ - Train size: 125
ℹ - N variables: 6
ℹ - K-fold: 7

ℹ 0. Setting up path...
ℹ Searching for the most distant points...

ℹ 1. Fitting model...
ℹ Preparing training set for HMSC...
ℹ Creation of Hmsc object without random effects...
✔ Created Hmsc object!

ℹ Started fitting at: 2026-08-10 18:06:13.350841
! Cannot display fitting progress when running chains in parallel.
! Set `allow_parallel` to `FALSE` to see progress.
ℹ Completed fitting at: 2026-08-10 18:06:40.549271
ℹ Time elapsed: 27.2
ℹ Saving model...
✔ Model saved!

ℹ 2. Convergence diagnostics...
ℹ *** [Parameter: Beta] ***
ℹ Computation of traceplots, can take some time...
ℹ Traceplots saved!
ℹ -> Effective size:
ℹ 165 (100%) are good, 0 (0%) are acceptable and 0 (0%) are bad.
ℹ -> Gelman-Rubin convergence diagnostic:
ℹ 165 (100%) are good, 0 (0%) are acceptable and 0 (0%) are bad.
ℹ -> Autocorrelation:
ℹ [Lag 20]:
ℹ 145 (87.88%) are good and 20 (12.12%) are bad.
ℹ [Lag 50]:
ℹ 159 (96.36%) are good and 6 (3.64%) are bad.

ℹ 3. Performance evaluation...
ℹ Computing training scores...
ℹ Computing testing scores...
ℹ Saving scores...
✔ Scores saved!

ℹ 4. Associations...
✔ Model ran without errors!

! ----- Running loop: 121/180 -----
ℹ - Random effect: none
ℹ - Strategy: simplified-uncertainty
ℹ - New samples: 50
ℹ - Train size: 125
ℹ - N variables: 6
ℹ - K-fold: 7

ℹ 0. Setting up path...
! Running simplified-uncertainty...

ℹ 1. Fitting model...
ℹ Preparing training set for HMSC...
ℹ Creation of Hmsc object without random effects...
✔ Created Hmsc object!

ℹ Started fitting at: 2026-08-10 18:09:34.321046
! Cannot display fitting progress when running chains in parallel.
! Set `allow_parallel` to `FALSE` to see progress.
ℹ Completed fitting at: 2026-08-10 18:10:01.555968
ℹ Time elapsed: 27.23
ℹ Saving model...
✔ Model saved!

ℹ 2. Convergence diagnostics...
ℹ *** [Parameter: Beta] ***
ℹ Computation of traceplots, can take some time...
ℹ Traceplots saved!
ℹ -> Effective size:
ℹ 165 (100%) are good, 0 (0%) are acceptable and 0 (0%) are bad.
ℹ -> Gelman-Rubin convergence diagnostic:
ℹ 165 (100%) are good, 0 (0%) are acceptable and 0 (0%) are bad.
ℹ -> Autocorrelation:
ℹ [Lag 20]:
ℹ 149 (90.3%) are good and 16 (9.7%) are bad.
ℹ [Lag 50]:
ℹ 163 (98.79%) are good and 2 (1.21%) are bad.

ℹ 3. Performance evaluation...
ℹ Computing training scores...
ℹ Computing testing scores...
ℹ Saving scores...
✔ Scores saved!

ℹ 4. Associations...
✔ Model ran without errors!

! ----- Running loop: 122/180 -----
ℹ - Random effect: none
ℹ - Strategy: none
ℹ - New samples: 0
ℹ - Train size: 125
ℹ - N variables: 6
ℹ - K-fold: 7

ℹ 0. Setting up path...
ℹ Model already fitted! Skipping...

! ----- Running loop: 123/180 -----
ℹ - Random effect: none
ℹ - Strategy: simplified-uncertainty
ℹ - New samples: 10
ℹ - Train size: 125
ℹ - N variables: 6
ℹ - K-fold: 7

ℹ 0. Setting up path...
! Running simplified-uncertainty...

ℹ 1. Fitting model...
ℹ Preparing training set for HMSC...
ℹ Creation of Hmsc object without random effects...
✔ Created Hmsc object!

ℹ Started fitting at: 2026-08-10 18:12:56.727606
! Cannot display fitting progress when running chains in parallel.
! Set `allow_parallel` to `FALSE` to see progress.
ℹ Completed fitting at: 2026-08-10 18:13:27.919195
ℹ Time elapsed: 31.19
ℹ Saving model...
✔ Model saved!

ℹ 2. Convergence diagnostics...
ℹ *** [Parameter: Beta] ***
ℹ Computation of traceplots, can take some time...
ℹ Traceplots saved!
ℹ -> Effective size:
ℹ 165 (100%) are good, 0 (0%) are acceptable and 0 (0%) are bad.
ℹ -> Gelman-Rubin convergence diagnostic:
ℹ 165 (100%) are good, 0 (0%) are acceptable and 0 (0%) are bad.
ℹ -> Autocorrelation:
ℹ [Lag 20]:
ℹ 149 (90.3%) are good and 16 (9.7%) are bad.
ℹ [Lag 50]:
ℹ 164 (99.39%) are good and 1 (0.61%) are bad.

ℹ 3. Performance evaluation...
ℹ Computing training scores...
ℹ Computing testing scores...
ℹ Saving scores...
✔ Scores saved!

ℹ 4. Associations...
✔ Model ran without errors!

! ----- Running loop: 124/180 -----
ℹ - Random effect: none
ℹ - Strategy: simplified-uncertainty
ℹ - New samples: 25
ℹ - Train size: 125
ℹ - N variables: 6
ℹ - K-fold: 7

ℹ 0. Setting up path...
! Running simplified-uncertainty...

ℹ 1. Fitting model...
ℹ Preparing training set for HMSC...
ℹ Creation of Hmsc object without random effects...
✔ Created Hmsc object!

ℹ Started fitting at: 2026-08-10 18:16:22.198196
! Cannot display fitting progress when running chains in parallel.
! Set `allow_parallel` to `FALSE` to see progress.
ℹ Completed fitting at: 2026-08-10 18:16:47.758846
ℹ Time elapsed: 25.56
ℹ Saving model...
✔ Model saved!

ℹ 2. Convergence diagnostics...
ℹ *** [Parameter: Beta] ***
ℹ Computation of traceplots, can take some time...
ℹ Traceplots saved!
ℹ -> Effective size:
ℹ 165 (100%) are good, 0 (0%) are acceptable and 0 (0%) are bad.
ℹ -> Gelman-Rubin convergence diagnostic:
ℹ 165 (100%) are good, 0 (0%) are acceptable and 0 (0%) are bad.
ℹ -> Autocorrelation:
ℹ [Lag 20]:
ℹ 146 (88.48%) are good and 19 (11.52%) are bad.
ℹ [Lag 50]:
ℹ 161 (97.58%) are good and 4 (2.42%) are bad.

ℹ 3. Performance evaluation...
ℹ Computing training scores...
ℹ Computing testing scores...
ℹ Saving scores...
✔ Scores saved!

ℹ 4. Associations...
✔ Model ran without errors!

! ----- Running loop: 125/180 -----
ℹ - Random effect: none
ℹ - Strategy: simplified-uncertainty
ℹ - New samples: 100
ℹ - Train size: 125
ℹ - N variables: 6
ℹ - K-fold: 7

ℹ 0. Setting up path...
! Running simplified-uncertainty...

ℹ 1. Fitting model...
ℹ Preparing training set for HMSC...
ℹ Creation of Hmsc object without random effects...
✔ Created Hmsc object!

ℹ Started fitting at: 2026-08-10 18:19:41.955216
! Cannot display fitting progress when running chains in parallel.
! Set `allow_parallel` to `FALSE` to see progress.
ℹ Completed fitting at: 2026-08-10 18:20:10.64918
ℹ Time elapsed: 28.69
ℹ Saving model...
✔ Model saved!

ℹ 2. Convergence diagnostics...
ℹ *** [Parameter: Beta] ***
ℹ Computation of traceplots, can take some time...
ℹ Traceplots saved!
ℹ -> Effective size:
ℹ 165 (100%) are good, 0 (0%) are acceptable and 0 (0%) are bad.
ℹ -> Gelman-Rubin convergence diagnostic:
ℹ 165 (100%) are good, 0 (0%) are acceptable and 0 (0%) are bad.
ℹ -> Autocorrelation:
ℹ [Lag 20]:
ℹ 150 (90.91%) are good and 15 (9.09%) are bad.
ℹ [Lag 50]:
ℹ 162 (98.18%) are good and 3 (1.82%) are bad.

ℹ 3. Performance evaluation...
ℹ Computing training scores...
ℹ Computing testing scores...
ℹ Saving scores...
✔ Scores saved!

ℹ 4. Associations...
✔ Model ran without errors!

! ----- Running loop: 126/180 -----
ℹ - Random effect: none
ℹ - Strategy: simplified-uncertainty
ℹ - New samples: 150
ℹ - Train size: 125
ℹ - N variables: 6
ℹ - K-fold: 7

ℹ 0. Setting up path...
! Running simplified-uncertainty...

ℹ 1. Fitting model...
ℹ Preparing training set for HMSC...
ℹ Creation of Hmsc object without random effects...
✔ Created Hmsc object!

ℹ Started fitting at: 2026-08-10 18:23:05.394767
! Cannot display fitting progress when running chains in parallel.
! Set `allow_parallel` to `FALSE` to see progress.
ℹ Completed fitting at: 2026-08-10 18:23:35.792152
ℹ Time elapsed: 30.4
ℹ Saving model...
✔ Model saved!

ℹ 2. Convergence diagnostics...
ℹ *** [Parameter: Beta] ***
ℹ Computation of traceplots, can take some time...
ℹ Traceplots saved!
ℹ -> Effective size:
ℹ 165 (100%) are good, 0 (0%) are acceptable and 0 (0%) are bad.
ℹ -> Gelman-Rubin convergence diagnostic:
ℹ 165 (100%) are good, 0 (0%) are acceptable and 0 (0%) are bad.
ℹ -> Autocorrelation:
ℹ [Lag 20]:
ℹ 145 (87.88%) are good and 20 (12.12%) are bad.
ℹ [Lag 50]:
ℹ 160 (96.97%) are good and 5 (3.03%) are bad.

ℹ 3. Performance evaluation...
ℹ Computing training scores...
ℹ Computing testing scores...
ℹ Saving scores...
✔ Scores saved!

ℹ 4. Associations...
✔ Model ran without errors!

! ----- Running loop: 127/180 -----
ℹ - Random effect: none
ℹ - Strategy: none
ℹ - New samples: 0
ℹ - Train size: 15
ℹ - N variables: 6
ℹ - K-fold: 8

ℹ 0. Setting up path...

ℹ 1. Fitting model...
ℹ Preparing training set for HMSC...
ℹ Creation of Hmsc object without random effects...
✔ Created Hmsc object!

ℹ Started fitting at: 2026-08-10 18:26:22.637862
! Cannot display fitting progress when running chains in parallel.
! Set `allow_parallel` to `FALSE` to see progress.
ℹ Completed fitting at: 2026-08-10 18:26:44.846678
ℹ Time elapsed: 22.21
ℹ Saving model...
✔ Model saved!

ℹ 2. Convergence diagnostics...
ℹ *** [Parameter: Beta] ***
ℹ Computation of traceplots, can take some time...
ℹ Traceplots saved!
ℹ -> Effective size:
ℹ 165 (100%) are good, 0 (0%) are acceptable and 0 (0%) are bad.
ℹ -> Gelman-Rubin convergence diagnostic:
ℹ 165 (100%) are good, 0 (0%) are acceptable and 0 (0%) are bad.
ℹ -> Autocorrelation:
ℹ [Lag 20]:
ℹ 44 (26.67%) are good and 121 (73.33%) are bad.
ℹ [Lag 50]:
ℹ 138 (83.64%) are good and 27 (16.36%) are bad.

ℹ 3. Performance evaluation...
ℹ Computing training scores...
ℹ Computing testing scores...
ℹ Saving scores...
✔ Scores saved!

ℹ 4. Associations...
✔ Model ran without errors!

! ----- Running loop: 128/180 -----
ℹ - Random effect: none
ℹ - Strategy: none
ℹ - New samples: 0
ℹ - Train size: 25
ℹ - N variables: 6
ℹ - K-fold: 8

ℹ 0. Setting up path...

ℹ 1. Fitting model...
ℹ Preparing training set for HMSC...
ℹ Creation of Hmsc object without random effects...
✔ Created Hmsc object!

ℹ Started fitting at: 2026-08-10 18:28:19.337286
! Cannot display fitting progress when running chains in parallel.
! Set `allow_parallel` to `FALSE` to see progress.
ℹ Completed fitting at: 2026-08-10 18:28:42.374731
ℹ Time elapsed: 23.04
ℹ Saving model...
✔ Model saved!

ℹ 2. Convergence diagnostics...
ℹ *** [Parameter: Beta] ***
ℹ Computation of traceplots, can take some time...
ℹ Traceplots saved!
ℹ -> Effective size:
ℹ 151 (91.52%) are good, 14 (8.48%) are acceptable and 0 (0%) are bad.
ℹ -> Gelman-Rubin convergence diagnostic:
ℹ 165 (100%) are good, 0 (0%) are acceptable and 0 (0%) are bad.
ℹ -> Autocorrelation:
ℹ [Lag 20]:
ℹ 31 (18.79%) are good and 134 (81.21%) are bad.
ℹ [Lag 50]:
ℹ 86 (52.12%) are good and 79 (47.88%) are bad.

ℹ 3. Performance evaluation...
ℹ Computing training scores...
ℹ Computing testing scores...
ℹ Saving scores...
✔ Scores saved!

ℹ 4. Associations...
✔ Model ran without errors!

! ----- Running loop: 129/180 -----
ℹ - Random effect: none
ℹ - Strategy: none
ℹ - New samples: 0
ℹ - Train size: 50
ℹ - N variables: 6
ℹ - K-fold: 8

ℹ 0. Setting up path...

ℹ 1. Fitting model...
ℹ Preparing training set for HMSC...
ℹ Creation of Hmsc object without random effects...
✔ Created Hmsc object!

ℹ Started fitting at: 2026-08-10 18:30:16.765153
! Cannot display fitting progress when running chains in parallel.
! Set `allow_parallel` to `FALSE` to see progress.
ℹ Completed fitting at: 2026-08-10 18:30:45.772454
ℹ Time elapsed: 29.01
ℹ Saving model...
✔ Model saved!

ℹ 2. Convergence diagnostics...
ℹ *** [Parameter: Beta] ***
ℹ Computation of traceplots, can take some time...
ℹ Traceplots saved!
ℹ -> Effective size:
ℹ 165 (100%) are good, 0 (0%) are acceptable and 0 (0%) are bad.
ℹ -> Gelman-Rubin convergence diagnostic:
ℹ 165 (100%) are good, 0 (0%) are acceptable and 0 (0%) are bad.
ℹ -> Autocorrelation:
ℹ [Lag 20]:
ℹ 111 (67.27%) are good and 54 (32.73%) are bad.
ℹ [Lag 50]:
ℹ 160 (96.97%) are good and 5 (3.03%) are bad.

ℹ 3. Performance evaluation...
ℹ Computing training scores...
ℹ Computing testing scores...
ℹ Saving scores...
✔ Scores saved!

ℹ 4. Associations...
✔ Model ran without errors!

! ----- Running loop: 130/180 -----
ℹ - Random effect: none
ℹ - Strategy: none
ℹ - New samples: 0
ℹ - Train size: 75
ℹ - N variables: 6
ℹ - K-fold: 8

ℹ 0. Setting up path...

ℹ 1. Fitting model...
ℹ Preparing training set for HMSC...
ℹ Creation of Hmsc object without random effects...
✔ Created Hmsc object!

ℹ Started fitting at: 2026-08-10 18:32:20.71509
! Cannot display fitting progress when running chains in parallel.
! Set `allow_parallel` to `FALSE` to see progress.
ℹ Completed fitting at: 2026-08-10 18:32:46.074207
ℹ Time elapsed: 25.36
ℹ Saving model...
✔ Model saved!

ℹ 2. Convergence diagnostics...
ℹ *** [Parameter: Beta] ***
ℹ Computation of traceplots, can take some time...
ℹ Traceplots saved!
ℹ -> Effective size:
ℹ 165 (100%) are good, 0 (0%) are acceptable and 0 (0%) are bad.
ℹ -> Gelman-Rubin convergence diagnostic:
ℹ 165 (100%) are good, 0 (0%) are acceptable and 0 (0%) are bad.
ℹ -> Autocorrelation:
ℹ [Lag 20]:
ℹ 126 (76.36%) are good and 39 (23.64%) are bad.
ℹ [Lag 50]:
ℹ 159 (96.36%) are good and 6 (3.64%) are bad.

ℹ 3. Performance evaluation...
ℹ Computing training scores...
ℹ Computing testing scores...
ℹ Saving scores...
✔ Scores saved!

ℹ 4. Associations...
✔ Model ran without errors!

! ----- Running loop: 131/180 -----
ℹ - Random effect: none
ℹ - Strategy: none
ℹ - New samples: 0
ℹ - Train size: 100
ℹ - N variables: 6
ℹ - K-fold: 8

ℹ 0. Setting up path...

ℹ 1. Fitting model...
ℹ Preparing training set for HMSC...
ℹ Creation of Hmsc object without random effects...
✔ Created Hmsc object!

ℹ Started fitting at: 2026-08-10 18:34:17.432951
! Cannot display fitting progress when running chains in parallel.
! Set `allow_parallel` to `FALSE` to see progress.
ℹ Completed fitting at: 2026-08-10 18:34:47.618366
ℹ Time elapsed: 30.19
ℹ Saving model...
✔ Model saved!

ℹ 2. Convergence diagnostics...
ℹ *** [Parameter: Beta] ***
ℹ Computation of traceplots, can take some time...
ℹ Traceplots saved!
ℹ -> Effective size:
ℹ 165 (100%) are good, 0 (0%) are acceptable and 0 (0%) are bad.
ℹ -> Gelman-Rubin convergence diagnostic:
ℹ 165 (100%) are good, 0 (0%) are acceptable and 0 (0%) are bad.
ℹ -> Autocorrelation:
ℹ [Lag 20]:
ℹ 155 (93.94%) are good and 10 (6.06%) are bad.
ℹ [Lag 50]:
ℹ 163 (98.79%) are good and 2 (1.21%) are bad.

ℹ 3. Performance evaluation...
ℹ Computing training scores...
ℹ Computing testing scores...
ℹ Saving scores...
✔ Scores saved!

ℹ 4. Associations...
✔ Model ran without errors!

! ----- Running loop: 132/180 -----
ℹ - Random effect: none
ℹ - Strategy: none
ℹ - New samples: 0
ℹ - Train size: 125
ℹ - N variables: 6
ℹ - K-fold: 8

ℹ 0. Setting up path...

ℹ 1. Fitting model...
ℹ Preparing training set for HMSC...
ℹ Creation of Hmsc object without random effects...
✔ Created Hmsc object!

ℹ Started fitting at: 2026-08-10 18:36:22.003598
! Cannot display fitting progress when running chains in parallel.
! Set `allow_parallel` to `FALSE` to see progress.
ℹ Completed fitting at: 2026-08-10 18:36:47.501112
ℹ Time elapsed: 25.5
ℹ Saving model...
✔ Model saved!

ℹ 2. Convergence diagnostics...
ℹ *** [Parameter: Beta] ***
ℹ Computation of traceplots, can take some time...
ℹ Traceplots saved!
ℹ -> Effective size:
ℹ 164 (99.39%) are good, 1 (0.61%) are acceptable and 0 (0%) are bad.
ℹ -> Gelman-Rubin convergence diagnostic:
ℹ 165 (100%) are good, 0 (0%) are acceptable and 0 (0%) are bad.
ℹ -> Autocorrelation:
ℹ [Lag 20]:
ℹ 152 (92.12%) are good and 13 (7.88%) are bad.
ℹ [Lag 50]:
ℹ 161 (97.58%) are good and 4 (2.42%) are bad.

ℹ 3. Performance evaluation...
ℹ Computing training scores...
ℹ Computing testing scores...
ℹ Saving scores...
✔ Scores saved!

ℹ 4. Associations...
✔ Model ran without errors!

! ----- Running loop: 133/180 -----
ℹ - Random effect: none
ℹ - Strategy: none
ℹ - New samples: 0
ℹ - Train size: 125
ℹ - N variables: 3
ℹ - K-fold: 8

ℹ 0. Setting up path...

ℹ 1. Fitting model...
ℹ Preparing training set for HMSC...
ℹ Creation of Hmsc object without random effects...
✔ Created Hmsc object!

ℹ Started fitting at: 2026-08-10 18:38:21.442884
! Cannot display fitting progress when running chains in parallel.
! Set `allow_parallel` to `FALSE` to see progress.
ℹ Completed fitting at: 2026-08-10 18:38:45.574982
ℹ Time elapsed: 24.13
ℹ Saving model...
✔ Model saved!

ℹ 2. Convergence diagnostics...
ℹ *** [Parameter: Beta] ***
ℹ Computation of traceplots, can take some time...
ℹ Traceplots saved!
ℹ -> Effective size:
ℹ 120 (100%) are good, 0 (0%) are acceptable and 0 (0%) are bad.
ℹ -> Gelman-Rubin convergence diagnostic:
ℹ 120 (100%) are good, 0 (0%) are acceptable and 0 (0%) are bad.
ℹ -> Autocorrelation:
ℹ [Lag 20]:
ℹ 105 (87.5%) are good and 15 (12.5%) are bad.
ℹ [Lag 50]:
ℹ 117 (97.5%) are good and 3 (2.5%) are bad.

ℹ 3. Performance evaluation...
ℹ Computing training scores...
ℹ Computing testing scores...
ℹ Saving scores...
✔ Scores saved!

ℹ 4. Associations...
✔ Model ran without errors!

! ----- Running loop: 134/180 -----
ℹ - Random effect: none
ℹ - Strategy: none
ℹ - New samples: 0
ℹ - Train size: 125
ℹ - N variables: 2
ℹ - K-fold: 8

ℹ 0. Setting up path...

ℹ 1. Fitting model...
ℹ Preparing training set for HMSC...
ℹ Creation of Hmsc object without random effects...
✔ Created Hmsc object!

ℹ Started fitting at: 2026-08-10 18:40:02.629869
! Cannot display fitting progress when running chains in parallel.
! Set `allow_parallel` to `FALSE` to see progress.
ℹ Completed fitting at: 2026-08-10 18:40:25.899173
ℹ Time elapsed: 23.27
ℹ Saving model...
✔ Model saved!

ℹ 2. Convergence diagnostics...
ℹ *** [Parameter: Beta] ***
ℹ Computation of traceplots, can take some time...
ℹ Traceplots saved!
ℹ -> Effective size:
ℹ 105 (100%) are good, 0 (0%) are acceptable and 0 (0%) are bad.
ℹ -> Gelman-Rubin convergence diagnostic:
ℹ 105 (100%) are good, 0 (0%) are acceptable and 0 (0%) are bad.
ℹ -> Autocorrelation:
ℹ [Lag 20]:
ℹ 95 (90.48%) are good and 10 (9.52%) are bad.
ℹ [Lag 50]:
ℹ 103 (98.1%) are good and 2 (1.9%) are bad.

ℹ 3. Performance evaluation...
ℹ Computing training scores...
ℹ Computing testing scores...
ℹ Saving scores...
✔ Scores saved!

ℹ 4. Associations...
✔ Model ran without errors!

! ----- Running loop: 135/180 -----
ℹ - Random effect: units
ℹ - Strategy: none
ℹ - New samples: 0
ℹ - Train size: 125
ℹ - N variables: 6
ℹ - K-fold: 8

ℹ 0. Setting up path...

ℹ 1. Fitting model...
ℹ Preparing training set for HMSC...
ℹ Creation of Hmsc object with 'units' effect...
✔ Created Hmsc object!

ℹ Started fitting at: 2026-08-10 18:41:35.986641
! Cannot display fitting progress when running chains in parallel.
! Set `allow_parallel` to `FALSE` to see progress.
ℹ Completed fitting at: 2026-08-10 18:42:20.546165
ℹ Time elapsed: 44.56
ℹ Saving model...
✔ Model saved!

ℹ 2. Convergence diagnostics...
ℹ *** [Parameter: Beta] ***
ℹ Computation of traceplots, can take some time...
ℹ Traceplots saved!
ℹ -> Effective size:
ℹ 164 (99.39%) are good, 1 (0.61%) are acceptable and 0 (0%) are bad.
ℹ -> Gelman-Rubin convergence diagnostic:
ℹ 165 (100%) are good, 0 (0%) are acceptable and 0 (0%) are bad.
ℹ -> Autocorrelation:
ℹ [Lag 20]:
ℹ 141 (85.45%) are good and 24 (14.55%) are bad.
ℹ [Lag 50]:
ℹ 161 (97.58%) are good and 4 (2.42%) are bad.
ℹ *** [Parameter: Omega] ***
ℹ Computation of traceplots, can take some time...
ℹ Traceplots saved!
ℹ -> Effective size:
ℹ 224 (99.56%) are good, 1 (0.44%) are acceptable and 0 (0%) are bad.
ℹ -> Gelman-Rubin convergence diagnostic:
ℹ 224 (99.56%) are good, 1 (0.44%) are acceptable and 0 (0%) are bad.
ℹ -> Autocorrelation:
ℹ [Lag 20]:
ℹ 198 (88%) are good and 27 (12%) are bad.
ℹ [Lag 50]:
ℹ 215 (95.56%) are good and 10 (4.44%) are bad.

ℹ 3. Performance evaluation...
ℹ Computing training scores...
ℹ Computing testing scores...
ℹ Saving scores...
✔ Scores saved!

ℹ 4. Associations...
✔ Model ran without errors!

! ----- Running loop: 136/180 -----
ℹ - Random effect: none
ℹ - Strategy: none
ℹ - New samples: 0
ℹ - Train size: 125
ℹ - N variables: 6
ℹ - K-fold: 8

ℹ 0. Setting up path...
ℹ Model already fitted! Skipping...

! ----- Running loop: 137/180 -----
ℹ - Random effect: none
ℹ - Strategy: business-as-usual
ℹ - New samples: 50
ℹ - Train size: 125
ℹ - N variables: 6
ℹ - K-fold: 8

ℹ 0. Setting up path...
ℹ Pulling 50 new random samples...

ℹ 1. Fitting model...
ℹ Preparing training set for HMSC...
ℹ Creation of Hmsc object without random effects...
✔ Created Hmsc object!

ℹ Started fitting at: 2026-08-10 18:44:51.497574
! Cannot display fitting progress when running chains in parallel.
! Set `allow_parallel` to `FALSE` to see progress.
ℹ Completed fitting at: 2026-08-10 18:45:18.524313
ℹ Time elapsed: 27.03
ℹ Saving model...
✔ Model saved!

ℹ 2. Convergence diagnostics...
ℹ *** [Parameter: Beta] ***
ℹ Computation of traceplots, can take some time...
ℹ Traceplots saved!
ℹ -> Effective size:
ℹ 165 (100%) are good, 0 (0%) are acceptable and 0 (0%) are bad.
ℹ -> Gelman-Rubin convergence diagnostic:
ℹ 165 (100%) are good, 0 (0%) are acceptable and 0 (0%) are bad.
ℹ -> Autocorrelation:
ℹ [Lag 20]:
ℹ 159 (96.36%) are good and 6 (3.64%) are bad.
ℹ [Lag 50]:
ℹ 165 (100%) are good and 0 (0%) are bad.

ℹ 3. Performance evaluation...
ℹ Computing training scores...
ℹ Computing testing scores...
ℹ Saving scores...
✔ Scores saved!

ℹ 4. Associations...
✔ Model ran without errors!

! ----- Running loop: 138/180 -----
ℹ - Random effect: none
ℹ - Strategy: gap-filling
ℹ - New samples: 50
ℹ - Train size: 125
ℹ - N variables: 6
ℹ - K-fold: 8

ℹ 0. Setting up path...
ℹ Searching for the most distant points...

ℹ 1. Fitting model...
ℹ Preparing training set for HMSC...
ℹ Creation of Hmsc object without random effects...
✔ Created Hmsc object!

ℹ Started fitting at: 2026-08-10 18:48:08.439378
! Cannot display fitting progress when running chains in parallel.
! Set `allow_parallel` to `FALSE` to see progress.
ℹ Completed fitting at: 2026-08-10 18:48:35.422758
ℹ Time elapsed: 26.98
ℹ Saving model...
✔ Model saved!

ℹ 2. Convergence diagnostics...
ℹ *** [Parameter: Beta] ***
ℹ Computation of traceplots, can take some time...
ℹ Traceplots saved!
ℹ -> Effective size:
ℹ 165 (100%) are good, 0 (0%) are acceptable and 0 (0%) are bad.
ℹ -> Gelman-Rubin convergence diagnostic:
ℹ 165 (100%) are good, 0 (0%) are acceptable and 0 (0%) are bad.
ℹ -> Autocorrelation:
ℹ [Lag 20]:
ℹ 158 (95.76%) are good and 7 (4.24%) are bad.
ℹ [Lag 50]:
ℹ 164 (99.39%) are good and 1 (0.61%) are bad.

ℹ 3. Performance evaluation...
ℹ Computing training scores...
ℹ Computing testing scores...
ℹ Saving scores...
✔ Scores saved!

ℹ 4. Associations...
✔ Model ran without errors!

! ----- Running loop: 139/180 -----
ℹ - Random effect: none
ℹ - Strategy: simplified-uncertainty
ℹ - New samples: 50
ℹ - Train size: 125
ℹ - N variables: 6
ℹ - K-fold: 8

ℹ 0. Setting up path...
! Running simplified-uncertainty...

ℹ 1. Fitting model...
ℹ Preparing training set for HMSC...
ℹ Creation of Hmsc object without random effects...
✔ Created Hmsc object!

ℹ Started fitting at: 2026-08-10 18:51:31.081947
! Cannot display fitting progress when running chains in parallel.
! Set `allow_parallel` to `FALSE` to see progress.
ℹ Completed fitting at: 2026-08-10 18:52:02.993211
ℹ Time elapsed: 31.91
ℹ Saving model...
✔ Model saved!

ℹ 2. Convergence diagnostics...
ℹ *** [Parameter: Beta] ***
ℹ Computation of traceplots, can take some time...
ℹ Traceplots saved!
ℹ -> Effective size:
ℹ 165 (100%) are good, 0 (0%) are acceptable and 0 (0%) are bad.
ℹ -> Gelman-Rubin convergence diagnostic:
ℹ 165 (100%) are good, 0 (0%) are acceptable and 0 (0%) are bad.
ℹ -> Autocorrelation:
ℹ [Lag 20]:
ℹ 156 (94.55%) are good and 9 (5.45%) are bad.
ℹ [Lag 50]:
ℹ 164 (99.39%) are good and 1 (0.61%) are bad.

ℹ 3. Performance evaluation...
ℹ Computing training scores...
ℹ Computing testing scores...
ℹ Saving scores...
✔ Scores saved!

ℹ 4. Associations...
✔ Model ran without errors!

! ----- Running loop: 140/180 -----
ℹ - Random effect: none
ℹ - Strategy: none
ℹ - New samples: 0
ℹ - Train size: 125
ℹ - N variables: 6
ℹ - K-fold: 8

ℹ 0. Setting up path...
ℹ Model already fitted! Skipping...

! ----- Running loop: 141/180 -----
ℹ - Random effect: none
ℹ - Strategy: simplified-uncertainty
ℹ - New samples: 10
ℹ - Train size: 125
ℹ - N variables: 6
ℹ - K-fold: 8

ℹ 0. Setting up path...
! Running simplified-uncertainty...

ℹ 1. Fitting model...
ℹ Preparing training set for HMSC...
ℹ Creation of Hmsc object without random effects...
✔ Created Hmsc object!

ℹ Started fitting at: 2026-08-10 18:54:55.361352
! Cannot display fitting progress when running chains in parallel.
! Set `allow_parallel` to `FALSE` to see progress.
ℹ Completed fitting at: 2026-08-10 18:55:21.881419
ℹ Time elapsed: 26.52
ℹ Saving model...
✔ Model saved!

ℹ 2. Convergence diagnostics...
ℹ *** [Parameter: Beta] ***
ℹ Computation of traceplots, can take some time...
ℹ Traceplots saved!
ℹ -> Effective size:
ℹ 164 (99.39%) are good, 1 (0.61%) are acceptable and 0 (0%) are bad.
ℹ -> Gelman-Rubin convergence diagnostic:
ℹ 165 (100%) are good, 0 (0%) are acceptable and 0 (0%) are bad.
ℹ -> Autocorrelation:
ℹ [Lag 20]:
ℹ 154 (93.33%) are good and 11 (6.67%) are bad.
ℹ [Lag 50]:
ℹ 162 (98.18%) are good and 3 (1.82%) are bad.

ℹ 3. Performance evaluation...
ℹ Computing training scores...
ℹ Computing testing scores...
ℹ Saving scores...
✔ Scores saved!

ℹ 4. Associations...
✔ Model ran without errors!

! ----- Running loop: 142/180 -----
ℹ - Random effect: none
ℹ - Strategy: simplified-uncertainty
ℹ - New samples: 25
ℹ - Train size: 125
ℹ - N variables: 6
ℹ - K-fold: 8

ℹ 0. Setting up path...
! Running simplified-uncertainty...

ℹ 1. Fitting model...
ℹ Preparing training set for HMSC...
ℹ Creation of Hmsc object without random effects...
✔ Created Hmsc object!

ℹ Started fitting at: 2026-08-10 18:58:16.699808
! Cannot display fitting progress when running chains in parallel.
! Set `allow_parallel` to `FALSE` to see progress.
ℹ Completed fitting at: 2026-08-10 18:58:42.742215
ℹ Time elapsed: 26.04
ℹ Saving model...
✔ Model saved!

ℹ 2. Convergence diagnostics...
ℹ *** [Parameter: Beta] ***
ℹ Computation of traceplots, can take some time...
ℹ Traceplots saved!
ℹ -> Effective size:
ℹ 165 (100%) are good, 0 (0%) are acceptable and 0 (0%) are bad.
ℹ -> Gelman-Rubin convergence diagnostic:
ℹ 165 (100%) are good, 0 (0%) are acceptable and 0 (0%) are bad.
ℹ -> Autocorrelation:
ℹ [Lag 20]:
ℹ 157 (95.15%) are good and 8 (4.85%) are bad.
ℹ [Lag 50]:
ℹ 164 (99.39%) are good and 1 (0.61%) are bad.

ℹ 3. Performance evaluation...
ℹ Computing training scores...
ℹ Computing testing scores...
ℹ Saving scores...
✔ Scores saved!

ℹ 4. Associations...
✔ Model ran without errors!

! ----- Running loop: 143/180 -----
ℹ - Random effect: none
ℹ - Strategy: simplified-uncertainty
ℹ - New samples: 100
ℹ - Train size: 125
ℹ - N variables: 6
ℹ - K-fold: 8

ℹ 0. Setting up path...
! Running simplified-uncertainty...

ℹ 1. Fitting model...
ℹ Preparing training set for HMSC...
ℹ Creation of Hmsc object without random effects...
✔ Created Hmsc object!

ℹ Started fitting at: 2026-08-10 19:01:37.141022
! Cannot display fitting progress when running chains in parallel.
! Set `allow_parallel` to `FALSE` to see progress.
ℹ Completed fitting at: 2026-08-10 19:02:05.883781
ℹ Time elapsed: 28.74
ℹ Saving model...
✔ Model saved!

ℹ 2. Convergence diagnostics...
ℹ *** [Parameter: Beta] ***
ℹ Computation of traceplots, can take some time...
ℹ Traceplots saved!
ℹ -> Effective size:
ℹ 165 (100%) are good, 0 (0%) are acceptable and 0 (0%) are bad.
ℹ -> Gelman-Rubin convergence diagnostic:
ℹ 165 (100%) are good, 0 (0%) are acceptable and 0 (0%) are bad.
ℹ -> Autocorrelation:
ℹ [Lag 20]:
ℹ 157 (95.15%) are good and 8 (4.85%) are bad.
ℹ [Lag 50]:
ℹ 163 (98.79%) are good and 2 (1.21%) are bad.

ℹ 3. Performance evaluation...
ℹ Computing training scores...
ℹ Computing testing scores...
ℹ Saving scores...
✔ Scores saved!

ℹ 4. Associations...
✔ Model ran without errors!

! ----- Running loop: 144/180 -----
ℹ - Random effect: none
ℹ - Strategy: simplified-uncertainty
ℹ - New samples: 150
ℹ - Train size: 125
ℹ - N variables: 6
ℹ - K-fold: 8

ℹ 0. Setting up path...
! Running simplified-uncertainty...

ℹ 1. Fitting model...
ℹ Preparing training set for HMSC...
ℹ Creation of Hmsc object without random effects...
✔ Created Hmsc object!

ℹ Started fitting at: 2026-08-10 19:04:59.743411
! Cannot display fitting progress when running chains in parallel.
! Set `allow_parallel` to `FALSE` to see progress.
ℹ Completed fitting at: 2026-08-10 19:05:30.30162
ℹ Time elapsed: 30.56
ℹ Saving model...
✔ Model saved!

ℹ 2. Convergence diagnostics...
ℹ *** [Parameter: Beta] ***
ℹ Computation of traceplots, can take some time...
ℹ Traceplots saved!
ℹ -> Effective size:
ℹ 165 (100%) are good, 0 (0%) are acceptable and 0 (0%) are bad.
ℹ -> Gelman-Rubin convergence diagnostic:
ℹ 165 (100%) are good, 0 (0%) are acceptable and 0 (0%) are bad.
ℹ -> Autocorrelation:
ℹ [Lag 20]:
ℹ 156 (94.55%) are good and 9 (5.45%) are bad.
ℹ [Lag 50]:
ℹ 164 (99.39%) are good and 1 (0.61%) are bad.

ℹ 3. Performance evaluation...
ℹ Computing training scores...
ℹ Computing testing scores...
ℹ Saving scores...
✔ Scores saved!

ℹ 4. Associations...
✔ Model ran without errors!

! ----- Running loop: 145/180 -----
ℹ - Random effect: none
ℹ - Strategy: none
ℹ - New samples: 0
ℹ - Train size: 15
ℹ - N variables: 6
ℹ - K-fold: 9

ℹ 0. Setting up path...

ℹ 1. Fitting model...
ℹ Preparing training set for HMSC...
ℹ Creation of Hmsc object without random effects...
✔ Created Hmsc object!

ℹ Started fitting at: 2026-08-10 19:08:13.585249
! Cannot display fitting progress when running chains in parallel.
! Set `allow_parallel` to `FALSE` to see progress.
ℹ Completed fitting at: 2026-08-10 19:08:40.948013
ℹ Time elapsed: 27.36
ℹ Saving model...
✔ Model saved!

ℹ 2. Convergence diagnostics...
ℹ *** [Parameter: Beta] ***
ℹ Computation of traceplots, can take some time...
ℹ Traceplots saved!
ℹ -> Effective size:
ℹ 165 (100%) are good, 0 (0%) are acceptable and 0 (0%) are bad.
ℹ -> Gelman-Rubin convergence diagnostic:
ℹ 165 (100%) are good, 0 (0%) are acceptable and 0 (0%) are bad.
ℹ -> Autocorrelation:
ℹ [Lag 20]:
ℹ 112 (67.88%) are good and 53 (32.12%) are bad.
ℹ [Lag 50]:
ℹ 165 (100%) are good and 0 (0%) are bad.

ℹ 3. Performance evaluation...
ℹ Computing training scores...
ℹ Computing testing scores...
ℹ Saving scores...
✔ Scores saved!

ℹ 4. Associations...
✔ Model ran without errors!

! ----- Running loop: 146/180 -----
ℹ - Random effect: none
ℹ - Strategy: none
ℹ - New samples: 0
ℹ - Train size: 25
ℹ - N variables: 6
ℹ - K-fold: 9

ℹ 0. Setting up path...

ℹ 1. Fitting model...
ℹ Preparing training set for HMSC...
ℹ Creation of Hmsc object without random effects...
✔ Created Hmsc object!

ℹ Started fitting at: 2026-08-10 19:10:14.051538
! Cannot display fitting progress when running chains in parallel.
! Set `allow_parallel` to `FALSE` to see progress.
ℹ Completed fitting at: 2026-08-10 19:10:36.958726
ℹ Time elapsed: 22.91
ℹ Saving model...
✔ Model saved!

ℹ 2. Convergence diagnostics...
ℹ *** [Parameter: Beta] ***
ℹ Computation of traceplots, can take some time...
ℹ Traceplots saved!
ℹ -> Effective size:
ℹ 165 (100%) are good, 0 (0%) are acceptable and 0 (0%) are bad.
ℹ -> Gelman-Rubin convergence diagnostic:
ℹ 165 (100%) are good, 0 (0%) are acceptable and 0 (0%) are bad.
ℹ -> Autocorrelation:
ℹ [Lag 20]:
ℹ 91 (55.15%) are good and 74 (44.85%) are bad.
ℹ [Lag 50]:
ℹ 150 (90.91%) are good and 15 (9.09%) are bad.

ℹ 3. Performance evaluation...
ℹ Computing training scores...
ℹ Computing testing scores...
ℹ Saving scores...
✔ Scores saved!

ℹ 4. Associations...
✔ Model ran without errors!

! ----- Running loop: 147/180 -----
ℹ - Random effect: none
ℹ - Strategy: none
ℹ - New samples: 0
ℹ - Train size: 50
ℹ - N variables: 6
ℹ - K-fold: 9

ℹ 0. Setting up path...

ℹ 1. Fitting model...
ℹ Preparing training set for HMSC...
ℹ Creation of Hmsc object without random effects...
✔ Created Hmsc object!

ℹ Started fitting at: 2026-08-10 19:12:09.927005
! Cannot display fitting progress when running chains in parallel.
! Set `allow_parallel` to `FALSE` to see progress.
ℹ Completed fitting at: 2026-08-10 19:12:33.335835
ℹ Time elapsed: 23.41
ℹ Saving model...
✔ Model saved!

ℹ 2. Convergence diagnostics...
ℹ *** [Parameter: Beta] ***
ℹ Computation of traceplots, can take some time...
ℹ Traceplots saved!
ℹ -> Effective size:
ℹ 165 (100%) are good, 0 (0%) are acceptable and 0 (0%) are bad.
ℹ -> Gelman-Rubin convergence diagnostic:
ℹ 165 (100%) are good, 0 (0%) are acceptable and 0 (0%) are bad.
ℹ -> Autocorrelation:
ℹ [Lag 20]:
ℹ 119 (72.12%) are good and 46 (27.88%) are bad.
ℹ [Lag 50]:
ℹ 160 (96.97%) are good and 5 (3.03%) are bad.

ℹ 3. Performance evaluation...
ℹ Computing training scores...
ℹ Computing testing scores...
ℹ Saving scores...
✔ Scores saved!

ℹ 4. Associations...
✔ Model ran without errors!

! ----- Running loop: 148/180 -----
ℹ - Random effect: none
ℹ - Strategy: none
ℹ - New samples: 0
ℹ - Train size: 75
ℹ - N variables: 6
ℹ - K-fold: 9

ℹ 0. Setting up path...

ℹ 1. Fitting model...
ℹ Preparing training set for HMSC...
ℹ Creation of Hmsc object without random effects...
✔ Created Hmsc object!

ℹ Started fitting at: 2026-08-10 19:14:06.731254
! Cannot display fitting progress when running chains in parallel.
! Set `allow_parallel` to `FALSE` to see progress.
ℹ Completed fitting at: 2026-08-10 19:14:30.945674
ℹ Time elapsed: 24.21
ℹ Saving model...
✔ Model saved!

ℹ 2. Convergence diagnostics...
ℹ *** [Parameter: Beta] ***
ℹ Computation of traceplots, can take some time...
ℹ Traceplots saved!
ℹ -> Effective size:
ℹ 165 (100%) are good, 0 (0%) are acceptable and 0 (0%) are bad.
ℹ -> Gelman-Rubin convergence diagnostic:
ℹ 165 (100%) are good, 0 (0%) are acceptable and 0 (0%) are bad.
ℹ -> Autocorrelation:
ℹ [Lag 20]:
ℹ 135 (81.82%) are good and 30 (18.18%) are bad.
ℹ [Lag 50]:
ℹ 163 (98.79%) are good and 2 (1.21%) are bad.

ℹ 3. Performance evaluation...
ℹ Computing training scores...
ℹ Computing testing scores...
ℹ Saving scores...
✔ Scores saved!

ℹ 4. Associations...
✔ Model ran without errors!

! ----- Running loop: 149/180 -----
ℹ - Random effect: none
ℹ - Strategy: none
ℹ - New samples: 0
ℹ - Train size: 100
ℹ - N variables: 6
ℹ - K-fold: 9

ℹ 0. Setting up path...

ℹ 1. Fitting model...
ℹ Preparing training set for HMSC...
ℹ Creation of Hmsc object without random effects...
✔ Created Hmsc object!

ℹ Started fitting at: 2026-08-10 19:16:02.808696
! Cannot display fitting progress when running chains in parallel.
! Set `allow_parallel` to `FALSE` to see progress.
ℹ Completed fitting at: 2026-08-10 19:16:32.926959
ℹ Time elapsed: 30.12
ℹ Saving model...
✔ Model saved!

ℹ 2. Convergence diagnostics...
ℹ *** [Parameter: Beta] ***
ℹ Computation of traceplots, can take some time...
ℹ Traceplots saved!
ℹ -> Effective size:
ℹ 165 (100%) are good, 0 (0%) are acceptable and 0 (0%) are bad.
ℹ -> Gelman-Rubin convergence diagnostic:
ℹ 165 (100%) are good, 0 (0%) are acceptable and 0 (0%) are bad.
ℹ -> Autocorrelation:
ℹ [Lag 20]:
ℹ 140 (84.85%) are good and 25 (15.15%) are bad.
ℹ [Lag 50]:
ℹ 163 (98.79%) are good and 2 (1.21%) are bad.

ℹ 3. Performance evaluation...
ℹ Computing training scores...
ℹ Computing testing scores...
ℹ Saving scores...
✔ Scores saved!

ℹ 4. Associations...
✔ Model ran without errors!

! ----- Running loop: 150/180 -----
ℹ - Random effect: none
ℹ - Strategy: none
ℹ - New samples: 0
ℹ - Train size: 125
ℹ - N variables: 6
ℹ - K-fold: 9

ℹ 0. Setting up path...

ℹ 1. Fitting model...
ℹ Preparing training set for HMSC...
ℹ Creation of Hmsc object without random effects...
✔ Created Hmsc object!

ℹ Started fitting at: 2026-08-10 19:18:05.640157
! Cannot display fitting progress when running chains in parallel.
! Set `allow_parallel` to `FALSE` to see progress.
ℹ Completed fitting at: 2026-08-10 19:18:31.246554
ℹ Time elapsed: 25.61
ℹ Saving model...
✔ Model saved!

ℹ 2. Convergence diagnostics...
ℹ *** [Parameter: Beta] ***
ℹ Computation of traceplots, can take some time...
ℹ Traceplots saved!
ℹ -> Effective size:
ℹ 165 (100%) are good, 0 (0%) are acceptable and 0 (0%) are bad.
ℹ -> Gelman-Rubin convergence diagnostic:
ℹ 165 (100%) are good, 0 (0%) are acceptable and 0 (0%) are bad.
ℹ -> Autocorrelation:
ℹ [Lag 20]:
ℹ 146 (88.48%) are good and 19 (11.52%) are bad.
ℹ [Lag 50]:
ℹ 164 (99.39%) are good and 1 (0.61%) are bad.

ℹ 3. Performance evaluation...
ℹ Computing training scores...
ℹ Computing testing scores...
ℹ Saving scores...
✔ Scores saved!

ℹ 4. Associations...
✔ Model ran without errors!

! ----- Running loop: 151/180 -----
ℹ - Random effect: none
ℹ - Strategy: none
ℹ - New samples: 0
ℹ - Train size: 125
ℹ - N variables: 3
ℹ - K-fold: 9

ℹ 0. Setting up path...

ℹ 1. Fitting model...
ℹ Preparing training set for HMSC...
ℹ Creation of Hmsc object without random effects...
✔ Created Hmsc object!

ℹ Started fitting at: 2026-08-10 19:20:04.8803
! Cannot display fitting progress when running chains in parallel.
! Set `allow_parallel` to `FALSE` to see progress.
ℹ Completed fitting at: 2026-08-10 19:20:29.04273
ℹ Time elapsed: 24.16
ℹ Saving model...
✔ Model saved!

ℹ 2. Convergence diagnostics...
ℹ *** [Parameter: Beta] ***
ℹ Computation of traceplots, can take some time...
ℹ Traceplots saved!
ℹ -> Effective size:
ℹ 120 (100%) are good, 0 (0%) are acceptable and 0 (0%) are bad.
ℹ -> Gelman-Rubin convergence diagnostic:
ℹ 120 (100%) are good, 0 (0%) are acceptable and 0 (0%) are bad.
ℹ -> Autocorrelation:
ℹ [Lag 20]:
ℹ 101 (84.17%) are good and 19 (15.83%) are bad.
ℹ [Lag 50]:
ℹ 119 (99.17%) are good and 1 (0.83%) are bad.

ℹ 3. Performance evaluation...
ℹ Computing training scores...
ℹ Computing testing scores...
ℹ Saving scores...
✔ Scores saved!

ℹ 4. Associations...
✔ Model ran without errors!

! ----- Running loop: 152/180 -----
ℹ - Random effect: none
ℹ - Strategy: none
ℹ - New samples: 0
ℹ - Train size: 125
ℹ - N variables: 2
ℹ - K-fold: 9

ℹ 0. Setting up path...

ℹ 1. Fitting model...
ℹ Preparing training set for HMSC...
ℹ Creation of Hmsc object without random effects...
✔ Created Hmsc object!

ℹ Started fitting at: 2026-08-10 19:21:44.801095
! Cannot display fitting progress when running chains in parallel.
! Set `allow_parallel` to `FALSE` to see progress.
ℹ Completed fitting at: 2026-08-10 19:22:08.294288
ℹ Time elapsed: 23.49
ℹ Saving model...
✔ Model saved!

ℹ 2. Convergence diagnostics...
ℹ *** [Parameter: Beta] ***
ℹ Computation of traceplots, can take some time...
ℹ Traceplots saved!
ℹ -> Effective size:
ℹ 105 (100%) are good, 0 (0%) are acceptable and 0 (0%) are bad.
ℹ -> Gelman-Rubin convergence diagnostic:
ℹ 105 (100%) are good, 0 (0%) are acceptable and 0 (0%) are bad.
ℹ -> Autocorrelation:
ℹ [Lag 20]:
ℹ 88 (83.81%) are good and 17 (16.19%) are bad.
ℹ [Lag 50]:
ℹ 104 (99.05%) are good and 1 (0.95%) are bad.

ℹ 3. Performance evaluation...
ℹ Computing training scores...
ℹ Computing testing scores...
ℹ Saving scores...
✔ Scores saved!

ℹ 4. Associations...
✔ Model ran without errors!

! ----- Running loop: 153/180 -----
ℹ - Random effect: units
ℹ - Strategy: none
ℹ - New samples: 0
ℹ - Train size: 125
ℹ - N variables: 6
ℹ - K-fold: 9

ℹ 0. Setting up path...

ℹ 1. Fitting model...
ℹ Preparing training set for HMSC...
ℹ Creation of Hmsc object with 'units' effect...
✔ Created Hmsc object!

ℹ Started fitting at: 2026-08-10 19:23:18.044264
! Cannot display fitting progress when running chains in parallel.
! Set `allow_parallel` to `FALSE` to see progress.
ℹ Completed fitting at: 2026-08-10 19:23:57.65319
ℹ Time elapsed: 39.61
ℹ Saving model...
✔ Model saved!

ℹ 2. Convergence diagnostics...
ℹ *** [Parameter: Beta] ***
ℹ Computation of traceplots, can take some time...
ℹ Traceplots saved!
ℹ -> Effective size:
ℹ 165 (100%) are good, 0 (0%) are acceptable and 0 (0%) are bad.
ℹ -> Gelman-Rubin convergence diagnostic:
ℹ 165 (100%) are good, 0 (0%) are acceptable and 0 (0%) are bad.
ℹ -> Autocorrelation:
ℹ [Lag 20]:
ℹ 122 (73.94%) are good and 43 (26.06%) are bad.
ℹ [Lag 50]:
ℹ 163 (98.79%) are good and 2 (1.21%) are bad.
ℹ *** [Parameter: Omega] ***
ℹ Computation of traceplots, can take some time...
ℹ Traceplots saved!
ℹ -> Effective size:
ℹ 223 (99.11%) are good, 2 (0.89%) are acceptable and 0 (0%) are bad.
ℹ -> Gelman-Rubin convergence diagnostic:
ℹ 223 (99.11%) are good, 1 (0.44%) are acceptable and 1 (0.44%) are bad.
ℹ -> Autocorrelation:
ℹ [Lag 20]:
ℹ 182 (80.89%) are good and 43 (19.11%) are bad.
ℹ [Lag 50]:
ℹ 205 (91.11%) are good and 20 (8.89%) are bad.

ℹ 3. Performance evaluation...
ℹ Computing training scores...
ℹ Computing testing scores...
ℹ Saving scores...
✔ Scores saved!

ℹ 4. Associations...
✔ Model ran without errors!

! ----- Running loop: 154/180 -----
ℹ - Random effect: none
ℹ - Strategy: none
ℹ - New samples: 0
ℹ - Train size: 125
ℹ - N variables: 6
ℹ - K-fold: 9

ℹ 0. Setting up path...
ℹ Model already fitted! Skipping...

! ----- Running loop: 155/180 -----
ℹ - Random effect: none
ℹ - Strategy: business-as-usual
ℹ - New samples: 50
ℹ - Train size: 125
ℹ - N variables: 6
ℹ - K-fold: 9

ℹ 0. Setting up path...
ℹ Pulling 50 new random samples...

ℹ 1. Fitting model...
ℹ Preparing training set for HMSC...
ℹ Creation of Hmsc object without random effects...
✔ Created Hmsc object!

ℹ Started fitting at: 2026-08-10 19:26:26.23221
! Cannot display fitting progress when running chains in parallel.
! Set `allow_parallel` to `FALSE` to see progress.
ℹ Completed fitting at: 2026-08-10 19:26:53.270149
ℹ Time elapsed: 27.04
ℹ Saving model...
✔ Model saved!

ℹ 2. Convergence diagnostics...
ℹ *** [Parameter: Beta] ***
ℹ Computation of traceplots, can take some time...
ℹ Traceplots saved!
ℹ -> Effective size:
ℹ 165 (100%) are good, 0 (0%) are acceptable and 0 (0%) are bad.
ℹ -> Gelman-Rubin convergence diagnostic:
ℹ 165 (100%) are good, 0 (0%) are acceptable and 0 (0%) are bad.
ℹ -> Autocorrelation:
ℹ [Lag 20]:
ℹ 156 (94.55%) are good and 9 (5.45%) are bad.
ℹ [Lag 50]:
ℹ 165 (100%) are good and 0 (0%) are bad.

ℹ 3. Performance evaluation...
ℹ Computing training scores...
ℹ Computing testing scores...
ℹ Saving scores...
✔ Scores saved!

ℹ 4. Associations...
✔ Model ran without errors!

! ----- Running loop: 156/180 -----
ℹ - Random effect: none
ℹ - Strategy: gap-filling
ℹ - New samples: 50
ℹ - Train size: 125
ℹ - N variables: 6
ℹ - K-fold: 9

ℹ 0. Setting up path...
ℹ Searching for the most distant points...

ℹ 1. Fitting model...
ℹ Preparing training set for HMSC...
ℹ Creation of Hmsc object without random effects...
✔ Created Hmsc object!

ℹ Started fitting at: 2026-08-10 19:29:43.900723
! Cannot display fitting progress when running chains in parallel.
! Set `allow_parallel` to `FALSE` to see progress.
ℹ Completed fitting at: 2026-08-10 19:30:12.735493
ℹ Time elapsed: 28.83
ℹ Saving model...
✔ Model saved!

ℹ 2. Convergence diagnostics...
ℹ *** [Parameter: Beta] ***
ℹ Computation of traceplots, can take some time...
ℹ Traceplots saved!
ℹ -> Effective size:
ℹ 165 (100%) are good, 0 (0%) are acceptable and 0 (0%) are bad.
ℹ -> Gelman-Rubin convergence diagnostic:
ℹ 165 (100%) are good, 0 (0%) are acceptable and 0 (0%) are bad.
ℹ -> Autocorrelation:
ℹ [Lag 20]:
ℹ 155 (93.94%) are good and 10 (6.06%) are bad.
ℹ [Lag 50]:
ℹ 165 (100%) are good and 0 (0%) are bad.

ℹ 3. Performance evaluation...
ℹ Computing training scores...
ℹ Computing testing scores...
ℹ Saving scores...
✔ Scores saved!

ℹ 4. Associations...
✔ Model ran without errors!

! ----- Running loop: 157/180 -----
ℹ - Random effect: none
ℹ - Strategy: simplified-uncertainty
ℹ - New samples: 50
ℹ - Train size: 125
ℹ - N variables: 6
ℹ - K-fold: 9

ℹ 0. Setting up path...
! Running simplified-uncertainty...

ℹ 1. Fitting model...
ℹ Preparing training set for HMSC...
ℹ Creation of Hmsc object without random effects...
✔ Created Hmsc object!

ℹ Started fitting at: 2026-08-10 19:33:06.888473
! Cannot display fitting progress when running chains in parallel.
! Set `allow_parallel` to `FALSE` to see progress.
ℹ Completed fitting at: 2026-08-10 19:33:33.707103
ℹ Time elapsed: 26.82
ℹ Saving model...
✔ Model saved!

ℹ 2. Convergence diagnostics...
ℹ *** [Parameter: Beta] ***
ℹ Computation of traceplots, can take some time...
ℹ Traceplots saved!
ℹ -> Effective size:
ℹ 165 (100%) are good, 0 (0%) are acceptable and 0 (0%) are bad.
ℹ -> Gelman-Rubin convergence diagnostic:
ℹ 165 (100%) are good, 0 (0%) are acceptable and 0 (0%) are bad.
ℹ -> Autocorrelation:
ℹ [Lag 20]:
ℹ 153 (92.73%) are good and 12 (7.27%) are bad.
ℹ [Lag 50]:
ℹ 164 (99.39%) are good and 1 (0.61%) are bad.

ℹ 3. Performance evaluation...
ℹ Computing training scores...
ℹ Computing testing scores...
ℹ Saving scores...
✔ Scores saved!

ℹ 4. Associations...
✔ Model ran without errors!

! ----- Running loop: 158/180 -----
ℹ - Random effect: none
ℹ - Strategy: none
ℹ - New samples: 0
ℹ - Train size: 125
ℹ - N variables: 6
ℹ - K-fold: 9

ℹ 0. Setting up path...
ℹ Model already fitted! Skipping...

! ----- Running loop: 159/180 -----
ℹ - Random effect: none
ℹ - Strategy: simplified-uncertainty
ℹ - New samples: 10
ℹ - Train size: 125
ℹ - N variables: 6
ℹ - K-fold: 9

ℹ 0. Setting up path...
! Running simplified-uncertainty...

ℹ 1. Fitting model...
ℹ Preparing training set for HMSC...
ℹ Creation of Hmsc object without random effects...
✔ Created Hmsc object!

ℹ Started fitting at: 2026-08-10 19:36:27.814471
! Cannot display fitting progress when running chains in parallel.
! Set `allow_parallel` to `FALSE` to see progress.
ℹ Completed fitting at: 2026-08-10 19:36:54.38809
ℹ Time elapsed: 26.57
ℹ Saving model...
✔ Model saved!

ℹ 2. Convergence diagnostics...
ℹ *** [Parameter: Beta] ***
ℹ Computation of traceplots, can take some time...
ℹ Traceplots saved!
ℹ -> Effective size:
ℹ 165 (100%) are good, 0 (0%) are acceptable and 0 (0%) are bad.
ℹ -> Gelman-Rubin convergence diagnostic:
ℹ 165 (100%) are good, 0 (0%) are acceptable and 0 (0%) are bad.
ℹ -> Autocorrelation:
ℹ [Lag 20]:
ℹ 148 (89.7%) are good and 17 (10.3%) are bad.
ℹ [Lag 50]:
ℹ 163 (98.79%) are good and 2 (1.21%) are bad.

ℹ 3. Performance evaluation...
ℹ Computing training scores...
ℹ Computing testing scores...
ℹ Saving scores...
✔ Scores saved!

ℹ 4. Associations...
✔ Model ran without errors!

! ----- Running loop: 160/180 -----
ℹ - Random effect: none
ℹ - Strategy: simplified-uncertainty
ℹ - New samples: 25
ℹ - Train size: 125
ℹ - N variables: 6
ℹ - K-fold: 9

ℹ 0. Setting up path...
! Running simplified-uncertainty...

ℹ 1. Fitting model...
ℹ Preparing training set for HMSC...
ℹ Creation of Hmsc object without random effects...
✔ Created Hmsc object!

ℹ Started fitting at: 2026-08-10 19:39:47.020119
! Cannot display fitting progress when running chains in parallel.
! Set `allow_parallel` to `FALSE` to see progress.
ℹ Completed fitting at: 2026-08-10 19:40:12.680869
ℹ Time elapsed: 25.66
ℹ Saving model...
✔ Model saved!

ℹ 2. Convergence diagnostics...
ℹ *** [Parameter: Beta] ***
ℹ Computation of traceplots, can take some time...
ℹ Traceplots saved!
ℹ -> Effective size:
ℹ 165 (100%) are good, 0 (0%) are acceptable and 0 (0%) are bad.
ℹ -> Gelman-Rubin convergence diagnostic:
ℹ 165 (100%) are good, 0 (0%) are acceptable and 0 (0%) are bad.
ℹ -> Autocorrelation:
ℹ [Lag 20]:
ℹ 150 (90.91%) are good and 15 (9.09%) are bad.
ℹ [Lag 50]:
ℹ 164 (99.39%) are good and 1 (0.61%) are bad.

ℹ 3. Performance evaluation...
ℹ Computing training scores...
ℹ Computing testing scores...
ℹ Saving scores...
✔ Scores saved!

ℹ 4. Associations...
✔ Model ran without errors!

! ----- Running loop: 161/180 -----
ℹ - Random effect: none
ℹ - Strategy: simplified-uncertainty
ℹ - New samples: 100
ℹ - Train size: 125
ℹ - N variables: 6
ℹ - K-fold: 9

ℹ 0. Setting up path...
! Running simplified-uncertainty...

ℹ 1. Fitting model...
ℹ Preparing training set for HMSC...
ℹ Creation of Hmsc object without random effects...
✔ Created Hmsc object!

ℹ Started fitting at: 2026-08-10 19:43:08.470938
! Cannot display fitting progress when running chains in parallel.
! Set `allow_parallel` to `FALSE` to see progress.
ℹ Completed fitting at: 2026-08-10 19:43:41.549752
ℹ Time elapsed: 33.08
ℹ Saving model...
✔ Model saved!

ℹ 2. Convergence diagnostics...
ℹ *** [Parameter: Beta] ***
ℹ Computation of traceplots, can take some time...
ℹ Traceplots saved!
ℹ -> Effective size:
ℹ 165 (100%) are good, 0 (0%) are acceptable and 0 (0%) are bad.
ℹ -> Gelman-Rubin convergence diagnostic:
ℹ 165 (100%) are good, 0 (0%) are acceptable and 0 (0%) are bad.
ℹ -> Autocorrelation:
ℹ [Lag 20]:
ℹ 152 (92.12%) are good and 13 (7.88%) are bad.
ℹ [Lag 50]:
ℹ 163 (98.79%) are good and 2 (1.21%) are bad.

ℹ 3. Performance evaluation...
ℹ Computing training scores...
ℹ Computing testing scores...
ℹ Saving scores...
✔ Scores saved!

ℹ 4. Associations...
✔ Model ran without errors!

! ----- Running loop: 162/180 -----
ℹ - Random effect: none
ℹ - Strategy: simplified-uncertainty
ℹ - New samples: 150
ℹ - Train size: 125
ℹ - N variables: 6
ℹ - K-fold: 9

ℹ 0. Setting up path...
! Running simplified-uncertainty...

ℹ 1. Fitting model...
ℹ Preparing training set for HMSC...
ℹ Creation of Hmsc object without random effects...
✔ Created Hmsc object!

ℹ Started fitting at: 2026-08-10 19:46:36.864546
! Cannot display fitting progress when running chains in parallel.
! Set `allow_parallel` to `FALSE` to see progress.
ℹ Completed fitting at: 2026-08-10 19:47:07.175251
ℹ Time elapsed: 30.31
ℹ Saving model...
✔ Model saved!

ℹ 2. Convergence diagnostics...
ℹ *** [Parameter: Beta] ***
ℹ Computation of traceplots, can take some time...
ℹ Traceplots saved!
ℹ -> Effective size:
ℹ 165 (100%) are good, 0 (0%) are acceptable and 0 (0%) are bad.
ℹ -> Gelman-Rubin convergence diagnostic:
ℹ 165 (100%) are good, 0 (0%) are acceptable and 0 (0%) are bad.
ℹ -> Autocorrelation:
ℹ [Lag 20]:
ℹ 155 (93.94%) are good and 10 (6.06%) are bad.
ℹ [Lag 50]:
ℹ 163 (98.79%) are good and 2 (1.21%) are bad.

ℹ 3. Performance evaluation...
ℹ Computing training scores...
ℹ Computing testing scores...
ℹ Saving scores...
✔ Scores saved!

ℹ 4. Associations...
✔ Model ran without errors!

! ----- Running loop: 163/180 -----
ℹ - Random effect: none
ℹ - Strategy: none
ℹ - New samples: 0
ℹ - Train size: 15
ℹ - N variables: 6
ℹ - K-fold: 10

ℹ 0. Setting up path...

ℹ 1. Fitting model...
ℹ Preparing training set for HMSC...
ℹ Creation of Hmsc object without random effects...
✔ Created Hmsc object!

ℹ Started fitting at: 2026-08-10 19:49:52.144324
! Cannot display fitting progress when running chains in parallel.
! Set `allow_parallel` to `FALSE` to see progress.
ℹ Completed fitting at: 2026-08-10 19:50:19.118677
ℹ Time elapsed: 26.97
ℹ Saving model...
✔ Model saved!

ℹ 2. Convergence diagnostics...
ℹ *** [Parameter: Beta] ***
ℹ Computation of traceplots, can take some time...
ℹ Traceplots saved!
ℹ -> Effective size:
ℹ 165 (100%) are good, 0 (0%) are acceptable and 0 (0%) are bad.
ℹ -> Gelman-Rubin convergence diagnostic:
ℹ 165 (100%) are good, 0 (0%) are acceptable and 0 (0%) are bad.
ℹ -> Autocorrelation:
ℹ [Lag 20]:
ℹ 77 (46.67%) are good and 88 (53.33%) are bad.
ℹ [Lag 50]:
ℹ 141 (85.45%) are good and 24 (14.55%) are bad.

ℹ 3. Performance evaluation...
ℹ Computing training scores...
ℹ Computing testing scores...
ℹ Saving scores...
✔ Scores saved!

ℹ 4. Associations...
✔ Model ran without errors!

! ----- Running loop: 164/180 -----
ℹ - Random effect: none
ℹ - Strategy: none
ℹ - New samples: 0
ℹ - Train size: 25
ℹ - N variables: 6
ℹ - K-fold: 10

ℹ 0. Setting up path...

ℹ 1. Fitting model...
ℹ Preparing training set for HMSC...
ℹ Creation of Hmsc object without random effects...
✔ Created Hmsc object!

ℹ Started fitting at: 2026-08-10 19:51:51.170921
! Cannot display fitting progress when running chains in parallel.
! Set `allow_parallel` to `FALSE` to see progress.
ℹ Completed fitting at: 2026-08-10 19:52:14.173815
ℹ Time elapsed: 23
ℹ Saving model...
✔ Model saved!

ℹ 2. Convergence diagnostics...
ℹ *** [Parameter: Beta] ***
ℹ Computation of traceplots, can take some time...
ℹ Traceplots saved!
ℹ -> Effective size:
ℹ 165 (100%) are good, 0 (0%) are acceptable and 0 (0%) are bad.
ℹ -> Gelman-Rubin convergence diagnostic:
ℹ 165 (100%) are good, 0 (0%) are acceptable and 0 (0%) are bad.
ℹ -> Autocorrelation:
ℹ [Lag 20]:
ℹ 133 (80.61%) are good and 32 (19.39%) are bad.
ℹ [Lag 50]:
ℹ 165 (100%) are good and 0 (0%) are bad.

ℹ 3. Performance evaluation...
ℹ Computing training scores...
ℹ Computing testing scores...
ℹ Saving scores...
✔ Scores saved!

ℹ 4. Associations...
✔ Model ran without errors!

! ----- Running loop: 165/180 -----
ℹ - Random effect: none
ℹ - Strategy: none
ℹ - New samples: 0
ℹ - Train size: 50
ℹ - N variables: 6
ℹ - K-fold: 10

ℹ 0. Setting up path...

ℹ 1. Fitting model...
ℹ Preparing training set for HMSC...
ℹ Creation of Hmsc object without random effects...
✔ Created Hmsc object!

ℹ Started fitting at: 2026-08-10 19:53:46.869993
! Cannot display fitting progress when running chains in parallel.
! Set `allow_parallel` to `FALSE` to see progress.
ℹ Completed fitting at: 2026-08-10 19:54:16.044895
ℹ Time elapsed: 29.17
ℹ Saving model...
✔ Model saved!

ℹ 2. Convergence diagnostics...
ℹ *** [Parameter: Beta] ***
ℹ Computation of traceplots, can take some time...
ℹ Traceplots saved!
ℹ -> Effective size:
ℹ 165 (100%) are good, 0 (0%) are acceptable and 0 (0%) are bad.
ℹ -> Gelman-Rubin convergence diagnostic:
ℹ 165 (100%) are good, 0 (0%) are acceptable and 0 (0%) are bad.
ℹ -> Autocorrelation:
ℹ [Lag 20]:
ℹ 152 (92.12%) are good and 13 (7.88%) are bad.
ℹ [Lag 50]:
ℹ 165 (100%) are good and 0 (0%) are bad.

ℹ 3. Performance evaluation...
ℹ Computing training scores...
ℹ Computing testing scores...
ℹ Saving scores...
✔ Scores saved!

ℹ 4. Associations...
✔ Model ran without errors!

! ----- Running loop: 166/180 -----
ℹ - Random effect: none
ℹ - Strategy: none
ℹ - New samples: 0
ℹ - Train size: 75
ℹ - N variables: 6
ℹ - K-fold: 10

ℹ 0. Setting up path...

ℹ 1. Fitting model...
ℹ Preparing training set for HMSC...
ℹ Creation of Hmsc object without random effects...
✔ Created Hmsc object!

ℹ Started fitting at: 2026-08-10 19:55:49.333673
! Cannot display fitting progress when running chains in parallel.
! Set `allow_parallel` to `FALSE` to see progress.
ℹ Completed fitting at: 2026-08-10 19:56:18.993467
ℹ Time elapsed: 29.66
ℹ Saving model...
✔ Model saved!

ℹ 2. Convergence diagnostics...
ℹ *** [Parameter: Beta] ***
ℹ Computation of traceplots, can take some time...
ℹ Traceplots saved!
ℹ -> Effective size:
ℹ 165 (100%) are good, 0 (0%) are acceptable and 0 (0%) are bad.
ℹ -> Gelman-Rubin convergence diagnostic:
ℹ 165 (100%) are good, 0 (0%) are acceptable and 0 (0%) are bad.
ℹ -> Autocorrelation:
ℹ [Lag 20]:
ℹ 150 (90.91%) are good and 15 (9.09%) are bad.
ℹ [Lag 50]:
ℹ 165 (100%) are good and 0 (0%) are bad.

ℹ 3. Performance evaluation...
ℹ Computing training scores...
ℹ Computing testing scores...
ℹ Saving scores...
✔ Scores saved!

ℹ 4. Associations...
✔ Model ran without errors!

! ----- Running loop: 167/180 -----
ℹ - Random effect: none
ℹ - Strategy: none
ℹ - New samples: 0
ℹ - Train size: 100
ℹ - N variables: 6
ℹ - K-fold: 10

ℹ 0. Setting up path...

ℹ 1. Fitting model...
ℹ Preparing training set for HMSC...
ℹ Creation of Hmsc object without random effects...
✔ Created Hmsc object!

ℹ Started fitting at: 2026-08-10 19:57:53.025278
! Cannot display fitting progress when running chains in parallel.
! Set `allow_parallel` to `FALSE` to see progress.
ℹ Completed fitting at: 2026-08-10 19:58:17.862833
ℹ Time elapsed: 24.84
ℹ Saving model...
✔ Model saved!

ℹ 2. Convergence diagnostics...
ℹ *** [Parameter: Beta] ***
ℹ Computation of traceplots, can take some time...
ℹ Traceplots saved!
ℹ -> Effective size:
ℹ 165 (100%) are good, 0 (0%) are acceptable and 0 (0%) are bad.
ℹ -> Gelman-Rubin convergence diagnostic:
ℹ 165 (100%) are good, 0 (0%) are acceptable and 0 (0%) are bad.
ℹ -> Autocorrelation:
ℹ [Lag 20]:
ℹ 151 (91.52%) are good and 14 (8.48%) are bad.
ℹ [Lag 50]:
ℹ 165 (100%) are good and 0 (0%) are bad.

ℹ 3. Performance evaluation...
ℹ Computing training scores...
ℹ Computing testing scores...
ℹ Saving scores...
✔ Scores saved!

ℹ 4. Associations...
✔ Model ran without errors!

! ----- Running loop: 168/180 -----
ℹ - Random effect: none
ℹ - Strategy: none
ℹ - New samples: 0
ℹ - Train size: 125
ℹ - N variables: 6
ℹ - K-fold: 10

ℹ 0. Setting up path...

ℹ 1. Fitting model...
ℹ Preparing training set for HMSC...
ℹ Creation of Hmsc object without random effects...
✔ Created Hmsc object!

ℹ Started fitting at: 2026-08-10 19:59:49.986207
! Cannot display fitting progress when running chains in parallel.
! Set `allow_parallel` to `FALSE` to see progress.
ℹ Completed fitting at: 2026-08-10 20:00:15.803698
ℹ Time elapsed: 25.82
ℹ Saving model...
✔ Model saved!

ℹ 2. Convergence diagnostics...
ℹ *** [Parameter: Beta] ***
ℹ Computation of traceplots, can take some time...
ℹ Traceplots saved!
ℹ -> Effective size:
ℹ 165 (100%) are good, 0 (0%) are acceptable and 0 (0%) are bad.
ℹ -> Gelman-Rubin convergence diagnostic:
ℹ 165 (100%) are good, 0 (0%) are acceptable and 0 (0%) are bad.
ℹ -> Autocorrelation:
ℹ [Lag 20]:
ℹ 150 (90.91%) are good and 15 (9.09%) are bad.
ℹ [Lag 50]:
ℹ 165 (100%) are good and 0 (0%) are bad.

ℹ 3. Performance evaluation...
ℹ Computing training scores...
ℹ Computing testing scores...
ℹ Saving scores...
✔ Scores saved!

ℹ 4. Associations...
✔ Model ran without errors!

! ----- Running loop: 169/180 -----
ℹ - Random effect: none
ℹ - Strategy: none
ℹ - New samples: 0
ℹ - Train size: 125
ℹ - N variables: 3
ℹ - K-fold: 10

ℹ 0. Setting up path...

ℹ 1. Fitting model...
ℹ Preparing training set for HMSC...
ℹ Creation of Hmsc object without random effects...
✔ Created Hmsc object!

ℹ Started fitting at: 2026-08-10 20:01:49.402009
! Cannot display fitting progress when running chains in parallel.
! Set `allow_parallel` to `FALSE` to see progress.
ℹ Completed fitting at: 2026-08-10 20:02:13.797617
ℹ Time elapsed: 24.4
ℹ Saving model...
✔ Model saved!

ℹ 2. Convergence diagnostics...
ℹ *** [Parameter: Beta] ***
ℹ Computation of traceplots, can take some time...
ℹ Traceplots saved!
ℹ -> Effective size:
ℹ 120 (100%) are good, 0 (0%) are acceptable and 0 (0%) are bad.
ℹ -> Gelman-Rubin convergence diagnostic:
ℹ 120 (100%) are good, 0 (0%) are acceptable and 0 (0%) are bad.
ℹ -> Autocorrelation:
ℹ [Lag 20]:
ℹ 109 (90.83%) are good and 11 (9.17%) are bad.
ℹ [Lag 50]:
ℹ 120 (100%) are good and 0 (0%) are bad.

ℹ 3. Performance evaluation...
ℹ Computing training scores...
ℹ Computing testing scores...
ℹ Saving scores...
✔ Scores saved!

ℹ 4. Associations...
✔ Model ran without errors!

! ----- Running loop: 170/180 -----
ℹ - Random effect: none
ℹ - Strategy: none
ℹ - New samples: 0
ℹ - Train size: 125
ℹ - N variables: 2
ℹ - K-fold: 10

ℹ 0. Setting up path...

ℹ 1. Fitting model...
ℹ Preparing training set for HMSC...
ℹ Creation of Hmsc object without random effects...
✔ Created Hmsc object!

ℹ Started fitting at: 2026-08-10 20:03:29.119669
! Cannot display fitting progress when running chains in parallel.
! Set `allow_parallel` to `FALSE` to see progress.
ℹ Completed fitting at: 2026-08-10 20:03:52.732785
ℹ Time elapsed: 23.61
ℹ Saving model...
✔ Model saved!

ℹ 2. Convergence diagnostics...
ℹ *** [Parameter: Beta] ***
ℹ Computation of traceplots, can take some time...
ℹ Traceplots saved!
ℹ -> Effective size:
ℹ 105 (100%) are good, 0 (0%) are acceptable and 0 (0%) are bad.
ℹ -> Gelman-Rubin convergence diagnostic:
ℹ 105 (100%) are good, 0 (0%) are acceptable and 0 (0%) are bad.
ℹ -> Autocorrelation:
ℹ [Lag 20]:
ℹ 89 (84.76%) are good and 16 (15.24%) are bad.
ℹ [Lag 50]:
ℹ 105 (100%) are good and 0 (0%) are bad.

ℹ 3. Performance evaluation...
ℹ Computing training scores...
ℹ Computing testing scores...
ℹ Saving scores...
✔ Scores saved!

ℹ 4. Associations...
✔ Model ran without errors!

! ----- Running loop: 171/180 -----
ℹ - Random effect: units
ℹ - Strategy: none
ℹ - New samples: 0
ℹ - Train size: 125
ℹ - N variables: 6
ℹ - K-fold: 10

ℹ 0. Setting up path...

ℹ 1. Fitting model...
ℹ Preparing training set for HMSC...
ℹ Creation of Hmsc object with 'units' effect...
✔ Created Hmsc object!

ℹ Started fitting at: 2026-08-10 20:05:02.529829
! Cannot display fitting progress when running chains in parallel.
! Set `allow_parallel` to `FALSE` to see progress.
ℹ Completed fitting at: 2026-08-10 20:05:43.445116
ℹ Time elapsed: 40.92
ℹ Saving model...
✔ Model saved!

ℹ 2. Convergence diagnostics...
ℹ *** [Parameter: Beta] ***
ℹ Computation of traceplots, can take some time...
ℹ Traceplots saved!
ℹ -> Effective size:
ℹ 165 (100%) are good, 0 (0%) are acceptable and 0 (0%) are bad.
ℹ -> Gelman-Rubin convergence diagnostic:
ℹ 165 (100%) are good, 0 (0%) are acceptable and 0 (0%) are bad.
ℹ -> Autocorrelation:
ℹ [Lag 20]:
ℹ 142 (86.06%) are good and 23 (13.94%) are bad.
ℹ [Lag 50]:
ℹ 165 (100%) are good and 0 (0%) are bad.
ℹ *** [Parameter: Omega] ***
ℹ Computation of traceplots, can take some time...
ℹ Traceplots saved!
ℹ -> Effective size:
ℹ 217 (96.44%) are good, 7 (3.11%) are acceptable and 1 (0.44%) are bad.
ℹ -> Gelman-Rubin convergence diagnostic:
ℹ 196 (87.11%) are good, 22 (9.78%) are acceptable and 7 (3.11%) are bad.
ℹ -> Autocorrelation:
ℹ [Lag 20]:
ℹ 181 (80.44%) are good and 44 (19.56%) are bad.
ℹ [Lag 50]:
ℹ 199 (88.44%) are good and 26 (11.56%) are bad.

ℹ 3. Performance evaluation...
ℹ Computing training scores...
ℹ Computing testing scores...
ℹ Saving scores...
✔ Scores saved!

ℹ 4. Associations...
✔ Model ran without errors!

! ----- Running loop: 172/180 -----
ℹ - Random effect: none
ℹ - Strategy: none
ℹ - New samples: 0
ℹ - Train size: 125
ℹ - N variables: 6
ℹ - K-fold: 10

ℹ 0. Setting up path...
ℹ Model already fitted! Skipping...

! ----- Running loop: 173/180 -----
ℹ - Random effect: none
ℹ - Strategy: business-as-usual
ℹ - New samples: 50
ℹ - Train size: 125
ℹ - N variables: 6
ℹ - K-fold: 10

ℹ 0. Setting up path...
ℹ Pulling 50 new random samples...

ℹ 1. Fitting model...
ℹ Preparing training set for HMSC...
ℹ Creation of Hmsc object without random effects...
✔ Created Hmsc object!

ℹ Started fitting at: 2026-08-10 20:08:11.329575
! Cannot display fitting progress when running chains in parallel.
! Set `allow_parallel` to `FALSE` to see progress.
ℹ Completed fitting at: 2026-08-10 20:08:38.391534
ℹ Time elapsed: 27.06
ℹ Saving model...
✔ Model saved!

ℹ 2. Convergence diagnostics...
ℹ *** [Parameter: Beta] ***
ℹ Computation of traceplots, can take some time...
ℹ Traceplots saved!
ℹ -> Effective size:
ℹ 165 (100%) are good, 0 (0%) are acceptable and 0 (0%) are bad.
ℹ -> Gelman-Rubin convergence diagnostic:
ℹ 165 (100%) are good, 0 (0%) are acceptable and 0 (0%) are bad.
ℹ -> Autocorrelation:
ℹ [Lag 20]:
ℹ 146 (88.48%) are good and 19 (11.52%) are bad.
ℹ [Lag 50]:
ℹ 165 (100%) are good and 0 (0%) are bad.

ℹ 3. Performance evaluation...
ℹ Computing training scores...
ℹ Computing testing scores...
ℹ Saving scores...
✔ Scores saved!

ℹ 4. Associations...
✔ Model ran without errors!

! ----- Running loop: 174/180 -----
ℹ - Random effect: none
ℹ - Strategy: gap-filling
ℹ - New samples: 50
ℹ - Train size: 125
ℹ - N variables: 6
ℹ - K-fold: 10

ℹ 0. Setting up path...
ℹ Searching for the most distant points...

ℹ 1. Fitting model...
ℹ Preparing training set for HMSC...
ℹ Creation of Hmsc object without random effects...
✔ Created Hmsc object!

ℹ Started fitting at: 2026-08-10 20:11:25.443707
! Cannot display fitting progress when running chains in parallel.
! Set `allow_parallel` to `FALSE` to see progress.
ℹ Completed fitting at: 2026-08-10 20:11:52.37698
ℹ Time elapsed: 26.93
ℹ Saving model...
✔ Model saved!

ℹ 2. Convergence diagnostics...
ℹ *** [Parameter: Beta] ***
ℹ Computation of traceplots, can take some time...
ℹ Traceplots saved!
ℹ -> Effective size:
ℹ 165 (100%) are good, 0 (0%) are acceptable and 0 (0%) are bad.
ℹ -> Gelman-Rubin convergence diagnostic:
ℹ 165 (100%) are good, 0 (0%) are acceptable and 0 (0%) are bad.
ℹ -> Autocorrelation:
ℹ [Lag 20]:
ℹ 157 (95.15%) are good and 8 (4.85%) are bad.
ℹ [Lag 50]:
ℹ 165 (100%) are good and 0 (0%) are bad.

ℹ 3. Performance evaluation...
ℹ Computing training scores...
ℹ Computing testing scores...
ℹ Saving scores...
✔ Scores saved!

ℹ 4. Associations...
✔ Model ran without errors!

! ----- Running loop: 175/180 -----
ℹ - Random effect: none
ℹ - Strategy: simplified-uncertainty
ℹ - New samples: 50
ℹ - Train size: 125
ℹ - N variables: 6
ℹ - K-fold: 10

ℹ 0. Setting up path...
! Running simplified-uncertainty...

ℹ 1. Fitting model...
ℹ Preparing training set for HMSC...
ℹ Creation of Hmsc object without random effects...
✔ Created Hmsc object!

ℹ Started fitting at: 2026-08-10 20:14:46.34368
! Cannot display fitting progress when running chains in parallel.
! Set `allow_parallel` to `FALSE` to see progress.
ℹ Completed fitting at: 2026-08-10 20:15:13.65532
ℹ Time elapsed: 27.31
ℹ Saving model...
✔ Model saved!

ℹ 2. Convergence diagnostics...
ℹ *** [Parameter: Beta] ***
ℹ Computation of traceplots, can take some time...
ℹ Traceplots saved!
ℹ -> Effective size:
ℹ 165 (100%) are good, 0 (0%) are acceptable and 0 (0%) are bad.
ℹ -> Gelman-Rubin convergence diagnostic:
ℹ 165 (100%) are good, 0 (0%) are acceptable and 0 (0%) are bad.
ℹ -> Autocorrelation:
ℹ [Lag 20]:
ℹ 151 (91.52%) are good and 14 (8.48%) are bad.
ℹ [Lag 50]:
ℹ 164 (99.39%) are good and 1 (0.61%) are bad.

ℹ 3. Performance evaluation...
ℹ Computing training scores...
ℹ Computing testing scores...
ℹ Saving scores...
✔ Scores saved!

ℹ 4. Associations...
✔ Model ran without errors!

! ----- Running loop: 176/180 -----
ℹ - Random effect: none
ℹ - Strategy: none
ℹ - New samples: 0
ℹ - Train size: 125
ℹ - N variables: 6
ℹ - K-fold: 10

ℹ 0. Setting up path...
ℹ Model already fitted! Skipping...

! ----- Running loop: 177/180 -----
ℹ - Random effect: none
ℹ - Strategy: simplified-uncertainty
ℹ - New samples: 10
ℹ - Train size: 125
ℹ - N variables: 6
ℹ - K-fold: 10

ℹ 0. Setting up path...
! Running simplified-uncertainty...

ℹ 1. Fitting model...
ℹ Preparing training set for HMSC...
ℹ Creation of Hmsc object without random effects...
✔ Created Hmsc object!

ℹ Started fitting at: 2026-08-10 20:18:08.907709
! Cannot display fitting progress when running chains in parallel.
! Set `allow_parallel` to `FALSE` to see progress.
ℹ Completed fitting at: 2026-08-10 20:18:40.10346
ℹ Time elapsed: 31.2
ℹ Saving model...
✔ Model saved!

ℹ 2. Convergence diagnostics...
ℹ *** [Parameter: Beta] ***
ℹ Computation of traceplots, can take some time...
ℹ Traceplots saved!
ℹ -> Effective size:
ℹ 165 (100%) are good, 0 (0%) are acceptable and 0 (0%) are bad.
ℹ -> Gelman-Rubin convergence diagnostic:
ℹ 165 (100%) are good, 0 (0%) are acceptable and 0 (0%) are bad.
ℹ -> Autocorrelation:
ℹ [Lag 20]:
ℹ 142 (86.06%) are good and 23 (13.94%) are bad.
ℹ [Lag 50]:
ℹ 165 (100%) are good and 0 (0%) are bad.

ℹ 3. Performance evaluation...
ℹ Computing training scores...
ℹ Computing testing scores...
ℹ Saving scores...
✔ Scores saved!

ℹ 4. Associations...
✔ Model ran without errors!

! ----- Running loop: 178/180 -----
ℹ - Random effect: none
ℹ - Strategy: simplified-uncertainty
ℹ - New samples: 25
ℹ - Train size: 125
ℹ - N variables: 6
ℹ - K-fold: 10

ℹ 0. Setting up path...
! Running simplified-uncertainty...

ℹ 1. Fitting model...
ℹ Preparing training set for HMSC...
ℹ Creation of Hmsc object without random effects...
✔ Created Hmsc object!

ℹ Started fitting at: 2026-08-10 20:21:35.66663
! Cannot display fitting progress when running chains in parallel.
! Set `allow_parallel` to `FALSE` to see progress.
ℹ Completed fitting at: 2026-08-10 20:22:01.739375
ℹ Time elapsed: 26.07
ℹ Saving model...
✔ Model saved!

ℹ 2. Convergence diagnostics...
ℹ *** [Parameter: Beta] ***
ℹ Computation of traceplots, can take some time...
ℹ Traceplots saved!
ℹ -> Effective size:
ℹ 165 (100%) are good, 0 (0%) are acceptable and 0 (0%) are bad.
ℹ -> Gelman-Rubin convergence diagnostic:
ℹ 165 (100%) are good, 0 (0%) are acceptable and 0 (0%) are bad.
ℹ -> Autocorrelation:
ℹ [Lag 20]:
ℹ 153 (92.73%) are good and 12 (7.27%) are bad.
ℹ [Lag 50]:
ℹ 164 (99.39%) are good and 1 (0.61%) are bad.

ℹ 3. Performance evaluation...
ℹ Computing training scores...
ℹ Computing testing scores...
ℹ Saving scores...
✔ Scores saved!

ℹ 4. Associations...
✔ Model ran without errors!

! ----- Running loop: 179/180 -----
ℹ - Random effect: none
ℹ - Strategy: simplified-uncertainty
ℹ - New samples: 100
ℹ - Train size: 125
ℹ - N variables: 6
ℹ - K-fold: 10

ℹ 0. Setting up path...
! Running simplified-uncertainty...

ℹ 1. Fitting model...
ℹ Preparing training set for HMSC...
ℹ Creation of Hmsc object without random effects...
✔ Created Hmsc object!

ℹ Started fitting at: 2026-08-10 20:24:56.354749
! Cannot display fitting progress when running chains in parallel.
! Set `allow_parallel` to `FALSE` to see progress.
ℹ Completed fitting at: 2026-08-10 20:25:25.326683
ℹ Time elapsed: 28.97
ℹ Saving model...
✔ Model saved!

ℹ 2. Convergence diagnostics...
ℹ *** [Parameter: Beta] ***
ℹ Computation of traceplots, can take some time...
ℹ Traceplots saved!
ℹ -> Effective size:
ℹ 165 (100%) are good, 0 (0%) are acceptable and 0 (0%) are bad.
ℹ -> Gelman-Rubin convergence diagnostic:
ℹ 165 (100%) are good, 0 (0%) are acceptable and 0 (0%) are bad.
ℹ -> Autocorrelation:
ℹ [Lag 20]:
ℹ 154 (93.33%) are good and 11 (6.67%) are bad.
ℹ [Lag 50]:
ℹ 164 (99.39%) are good and 1 (0.61%) are bad.

ℹ 3. Performance evaluation...
ℹ Computing training scores...
ℹ Computing testing scores...
ℹ Saving scores...
✔ Scores saved!

ℹ 4. Associations...
✔ Model ran without errors!

! ----- Running loop: 180/180 -----
ℹ - Random effect: none
ℹ - Strategy: simplified-uncertainty
ℹ - New samples: 150
ℹ - Train size: 125
ℹ - N variables: 6
ℹ - K-fold: 10

ℹ 0. Setting up path...
! Running simplified-uncertainty...

ℹ 1. Fitting model...
ℹ Preparing training set for HMSC...
ℹ Creation of Hmsc object without random effects...
✔ Created Hmsc object!

ℹ Started fitting at: 2026-08-10 20:28:20.703999
! Cannot display fitting progress when running chains in parallel.
! Set `allow_parallel` to `FALSE` to see progress.
ℹ Completed fitting at: 2026-08-10 20:28:51.421461
ℹ Time elapsed: 30.72
ℹ Saving model...
✔ Model saved!

ℹ 2. Convergence diagnostics...
ℹ *** [Parameter: Beta] ***
ℹ Computation of traceplots, can take some time...
ℹ Traceplots saved!
ℹ -> Effective size:
ℹ 165 (100%) are good, 0 (0%) are acceptable and 0 (0%) are bad.
ℹ -> Gelman-Rubin convergence diagnostic:
ℹ 165 (100%) are good, 0 (0%) are acceptable and 0 (0%) are bad.
ℹ -> Autocorrelation:
ℹ [Lag 20]:
ℹ 154 (93.33%) are good and 11 (6.67%) are bad.
ℹ [Lag 50]:
ℹ 160 (96.97%) are good and 5 (3.03%) are bad.

ℹ 3. Performance evaluation...
ℹ Computing training scores...
ℹ Computing testing scores...
ℹ Saving scores...
✔ Scores saved!

ℹ 4. Associations...
✔ Model ran without errors!

There were 50 or more warnings (use warnings() to see the first 50)
